REGION,SITE,SITE TYPE,LATITUDE,LONGITUDE,SURVEY YEAR,COUNT NON-PUP,COUNT NON-PUP INTERPOLATED/EXTRAPOLATED,COUNT PUP,COUNT PUP INTERPOLATED/EXTRAPOLATED,COUNT PUP PRE-ROOKERY,COUNT PUP PRE-ROOKERY INTERPOLATED/EXTRAPOLATED
West Coast Vancouver Island,Long Beach,Y,49.03883333,-125.7188333,1971,394,,,,,
West Coast Vancouver Island,Long Beach,Y,49.03883333,-125.7188333,1972,265,,,,,
West Coast Vancouver Island,Long Beach,Y,49.03883333,-125.7188333,1977,10,,,,,
West Coast Vancouver Island,Long Beach,Y,49.03883333,-125.7188333,1982,262,,,,,
West Coast Vancouver Island,Long Beach,Y,49.03883333,-125.7188333,1987,231,,,,,
West Coast Vancouver Island,Long Beach,Y,49.03883333,-125.7188333,1992,344,,,,,
West Coast Vancouver Island,Long Beach,Y,49.03883333,-125.7188333,1994,298,,,,,
West Coast Vancouver Island,Long Beach,Y,49.03883333,-125.7188333,1998,535,,,,,
West Coast Vancouver Island,Long Beach,Y,49.03883333,-125.7188333,2002,714,,,,,
West Coast Vancouver Island,Long Beach,Y,49.03883333,-125.7188333,2006,388,,,,,
West Coast Vancouver Island,Long Beach,Y,49.03883333,-125.7188333,2008,295,,,,,
West Coast Vancouver Island,Long Beach,Y,49.03883333,-125.7188333,2010,367,,,,,
West Coast Vancouver Island,Long Beach,Y,49.03883333,-125.7188333,2013,447,,,,,
West Coast Vancouver Island,Plover Reefs,W/Y,49.169167,-126.083611,1971,0,,,,,
West Coast Vancouver Island,Plover Reefs,W/Y,49.169167,-126.083611,1972,0,,,,,
West Coast Vancouver Island,Plover Reefs,W/Y,49.169167,-126.083611,1977,0,,,,,
West Coast Vancouver Island,Plover Reefs,W/Y,49.169167,-126.083611,1982,0,,,,,
West Coast Vancouver Island,Plover Reefs,W/Y,49.169167,-126.083611,1987,0,,,,,
West Coast Vancouver Island,Plover Reefs,W/Y,49.169167,-126.083611,1992,0,,,,,
West Coast Vancouver Island,Plover Reefs,W/Y,49.169167,-126.083611,1994,0,,,,,
West Coast Vancouver Island,Plover Reefs,W/Y,49.169167,-126.083611,1998,0,,,,,
West Coast Vancouver Island,Plover Reefs,W/Y,49.169167,-126.083611,2002,0,,,,,
West Coast Vancouver Island,Plover Reefs,W/Y,49.169167,-126.083611,2006,0,,,,,
West Coast Vancouver Island,Plover Reefs,W/Y,49.169167,-126.083611,2008,10,,,,,
West Coast Vancouver Island,Plover Reefs,W/Y,49.169167,-126.083611,2010,0,,,,,
West Coast Vancouver Island,Plover Reefs,W/Y,49.169167,-126.083611,2013,154,,,,,
West Coast Vancouver Island,Raphael Point,W,49.308333,-126.22833,1971,0,,,,,
West Coast Vancouver Island,Raphael Point,W,49.308333,-126.22833,1972,0,,,,,
West Coast Vancouver Island,Raphael Point,W,49.308333,-126.22833,1977,0,,,,,
West Coast Vancouver Island,Raphael Point,W,49.308333,-126.22833,1982,0,,,,,
West Coast Vancouver Island,Raphael Point,W,49.308333,-126.22833,1987,0,,,,,
West Coast Vancouver Island,Raphael Point,W,49.308333,-126.22833,1992,0,,,,,
West Coast Vancouver Island,Raphael Point,W,49.308333,-126.22833,1994,58,,,,,
West Coast Vancouver Island,Raphael Point,W,49.308333,-126.22833,1998,0,,,,,
West Coast Vancouver Island,Raphael Point,W,49.308333,-126.22833,2002,0,,,,,
West Coast Vancouver Island,Raphael Point,W,49.308333,-126.22833,2006,0,,,,,
West Coast Vancouver Island,Raphael Point,W,49.308333,-126.22833,2008,0,,,,,
West Coast Vancouver Island,Raphael Point,W,49.308333,-126.22833,2010,0,,,,,
West Coast Vancouver Island,Raphael Point,W,49.308333,-126.22833,2013,0,,,,,
West Coast Vancouver Island,Perez Rocks,Y,49.40333333,-126.58333,1971,ns,,,,,
West Coast Vancouver Island,Perez Rocks,Y,49.40333333,-126.58333,1972,ns,,,,,
West Coast Vancouver Island,Perez Rocks,Y,49.40333333,-126.58333,1977,ns,,,,,
West Coast Vancouver Island,Perez Rocks,Y,49.40333333,-126.58333,1982,ns,,,,,
West Coast Vancouver Island,Perez Rocks,Y,49.40333333,-126.58333,1987,ns,,,,,
West Coast Vancouver Island,Perez Rocks,Y,49.40333333,-126.58333,1992,ns,,,,,
West Coast Vancouver Island,Perez Rocks,Y,49.40333333,-126.58333,1994,ns,,,,,
West Coast Vancouver Island,Perez Rocks,Y,49.40333333,-126.58333,1998,ns,,,,,
West Coast Vancouver Island,Perez Rocks,Y,49.40333333,-126.58333,2002,ns,,,,,
West Coast Vancouver Island,Perez Rocks,Y,49.40333333,-126.58333,2006,353,,,,,
West Coast Vancouver Island,Perez Rocks,Y,49.40333333,-126.58333,2008,466,,,,,
West Coast Vancouver Island,Perez Rocks,Y,49.40333333,-126.58333,2010,321,,,,,
West Coast Vancouver Island,Perez Rocks,Y,49.40333333,-126.58333,2013,320,,,,,
West Coast Vancouver Island,Perez Rocks,W,49.74333333,-126.9783333,1971,0,,,,,
West Coast Vancouver Island,Perez Rocks,W,49.74333333,-126.9783333,1972,0,,,,,
West Coast Vancouver Island,Perez Rocks,W,49.74333333,-126.9783333,1977,0,,,,,
West Coast Vancouver Island,Perez Rocks,W,49.74333333,-126.9783333,1982,0,,,,,
West Coast Vancouver Island,Perez Rocks,W,49.74333333,-126.9783333,1987,0,,,,,
West Coast Vancouver Island,Perez Rocks,W,49.74333333,-126.9783333,1992,0,,,,,
West Coast Vancouver Island,Perez Rocks,W,49.74333333,-126.9783333,1994,0,,,,,
West Coast Vancouver Island,Perez Rocks,W,49.74333333,-126.9783333,1998,0,,,,,
West Coast Vancouver Island,Perez Rocks,W,49.74333333,-126.9783333,2002,0,,,,,
West Coast Vancouver Island,Perez Rocks,W,49.74333333,-126.9783333,2006,16,,,,,
West Coast Vancouver Island,Perez Rocks,W,49.74333333,-126.9783333,2008,2,,,,,
West Coast Vancouver Island,Perez Rocks,W,49.74333333,-126.9783333,2010,0,,,,,
West Coast Vancouver Island,Perez Rocks,W,49.74333333,-126.9783333,2013,2,,,,,
West Coast Vancouver Island,Barrier Islands,Y,50.011667,-127.526667,1971,,145,,,,
West Coast Vancouver Island,Barrier Islands,Y,50.011667,-127.526667,1972,,145,,,,
West Coast Vancouver Island,Barrier Islands,Y,50.011667,-127.526667,1977,105,,,,,
West Coast Vancouver Island,Barrier Islands,Y,50.011667,-127.526667,1982,153,,,,,
West Coast Vancouver Island,Barrier Islands,Y,50.011667,-127.526667,1987,149,,,,,
West Coast Vancouver Island,Barrier Islands,Y,50.011667,-127.526667,1992,274,,,,,
West Coast Vancouver Island,Barrier Islands,Y,50.011667,-127.526667,1994,290,,,,,
West Coast Vancouver Island,Barrier Islands,Y,50.011667,-127.526667,1998,843,,,,,
West Coast Vancouver Island,Barrier Islands,Y,50.011667,-127.526667,2002,585,,,,,
West Coast Vancouver Island,Barrier Islands,Y,50.011667,-127.526667,2006,542,,,,,
West Coast Vancouver Island,Barrier Islands,Y,50.011667,-127.526667,2008,1051,,,,,
West Coast Vancouver Island,Barrier Islands,Y,50.011667,-127.526667,2010,1284,,,,,
West Coast Vancouver Island,Barrier Islands,Y,50.011667,-127.526667,2013,1049,,,,,
West Coast Vancouver Island,O'Leary Islets,Y/W,50.101667,-127.646667,1971,331,,,,,
West Coast Vancouver Island,O'Leary Islets,Y/W,50.101667,-127.646667,1972,,266,,,,
West Coast Vancouver Island,O'Leary Islets,Y/W,50.101667,-127.646667,1977,200,,,,,
West Coast Vancouver Island,O'Leary Islets,Y/W,50.101667,-127.646667,1982,85,,,,,
West Coast Vancouver Island,O'Leary Islets,Y/W,50.101667,-127.646667,1987,60,,,,,
West Coast Vancouver Island,O'Leary Islets,Y/W,50.101667,-127.646667,1992,81,,,,,
West Coast Vancouver Island,O'Leary Islets,Y/W,50.101667,-127.646667,1994,14,,,,,
West Coast Vancouver Island,O'Leary Islets,Y/W,50.101667,-127.646667,1998,74,,,,,
West Coast Vancouver Island,O'Leary Islets,Y/W,50.101667,-127.646667,2002,2,,,,,
West Coast Vancouver Island,O'Leary Islets,Y/W,50.101667,-127.646667,2006,141,,,,,
West Coast Vancouver Island,O'Leary Islets,Y/W,50.101667,-127.646667,2008,0,,,,,
West Coast Vancouver Island,O'Leary Islets,Y/W,50.101667,-127.646667,2010,0,,,,,
West Coast Vancouver Island,O'Leary Islets,Y/W,50.101667,-127.646667,2013,0,,,,,
West Coast Vancouver Island,Solander Island,W/Y,50.111667,-127.9398333,1971,0,,,,,
West Coast Vancouver Island,Solander Island,W/Y,50.111667,-127.9398333,1972,3,,,,,
West Coast Vancouver Island,Solander Island,W/Y,50.111667,-127.9398333,1977,1,,,,,
West Coast Vancouver Island,Solander Island,W/Y,50.111667,-127.9398333,1982,0,,,,,
West Coast Vancouver Island,Solander Island,W/Y,50.111667,-127.9398333,1987,0,,,,,
West Coast Vancouver Island,Solander Island,W/Y,50.111667,-127.9398333,1992,51,,,,,
West Coast Vancouver Island,Solander Island,W/Y,50.111667,-127.9398333,1994,419,,,,,
West Coast Vancouver Island,Solander Island,W/Y,50.111667,-127.9398333,1998,179,,,,,
West Coast Vancouver Island,Solander Island,W/Y,50.111667,-127.9398333,2002,187,,,,,
West Coast Vancouver Island,Solander Island,W/Y,50.111667,-127.9398333,2006,876,,,,,
West Coast Vancouver Island,Solander Island,W/Y,50.111667,-127.9398333,2008,320,,,,,
West Coast Vancouver Island,Solander Island,W/Y,50.111667,-127.9398333,2010,632,,,,,
West Coast Vancouver Island,Solander Island,W/Y,50.111667,-127.9398333,2013,285,,,,,
West Coast Vancouver Island,Cape Scott,W,50.785,-128.4198333,1971,0,,,,,
West Coast Vancouver Island,Cape Scott,W,50.785,-128.4198333,1972,,0,,,,
West Coast Vancouver Island,Cape Scott,W,50.785,-128.4198333,1977,1,,,,,
West Coast Vancouver Island,Cape Scott,W,50.785,-128.4198333,1982,0,,,,,
West Coast Vancouver Island,Cape Scott,W,50.785,-128.4198333,1987,1,,,,,
West Coast Vancouver Island,Cape Scott,W,50.785,-128.4198333,1992,42,,,,,
West Coast Vancouver Island,Cape Scott,W,50.785,-128.4198333,1994,68,,,,,
West Coast Vancouver Island,Cape Scott,W,50.785,-128.4198333,1998,0,,,,,
West Coast Vancouver Island,Cape Scott,W,50.785,-128.4198333,2002,0,,,,,
West Coast Vancouver Island,Cape Scott,W,50.785,-128.4198333,2006,0,,,,,
West Coast Vancouver Island,Cape Scott,W,50.785,-128.4198333,2008,0,,,,,
West Coast Vancouver Island,Cape Scott,W,50.785,-128.4198333,2010,0,,,,,
West Coast Vancouver Island,Cape Scott,W,50.785,-128.4198333,2013,0,,,,,
Scott Islands,Beresford Island,Y,50.792,-128.7696667,1971,71,,,,,
Scott Islands,Beresford Island,Y,50.792,-128.7696667,1972,6,,,,,
Scott Islands,Beresford Island,Y,50.792,-128.7696667,1977,24,,,,,
Scott Islands,Beresford Island,Y,50.792,-128.7696667,1982,100,,,,,
Scott Islands,Beresford Island,Y,50.792,-128.7696667,1987,124,,,,,
Scott Islands,Beresford Island,Y,50.792,-128.7696667,1992,164,,,,,
Scott Islands,Beresford Island,Y,50.792,-128.7696667,1994,119,,,,,
Scott Islands,Beresford Island,Y,50.792,-128.7696667,1998,5,,,,,
Scott Islands,Beresford Island,Y,50.792,-128.7696667,2002,147,,,,,
Scott Islands,Beresford Island,Y,50.792,-128.7696667,2006,13,,,,,
Scott Islands,Beresford Island,Y,50.792,-128.7696667,2008,397,,,,,
Scott Islands,Beresford Island,Y,50.792,-128.7696667,2010,153,,,,,
Scott Islands,Beresford Island,Y,50.792,-128.7696667,2013,222,,,,,
Scott Islands,Maggot Island,R,50.80183,-128.7793333,1971,418,,174,,,
Scott Islands,Maggot Island,R,50.80183,-128.7793333,1972,416,,188,,,
Scott Islands,Maggot Island,R,50.80183,-128.7793333,1977,627,,147,,,
Scott Islands,Maggot Island,R,50.80183,-128.7793333,1982,442,,171,,,
Scott Islands,Maggot Island,R,50.80183,-128.7793333,1987,550,,180,,,
Scott Islands,Maggot Island,R,50.80183,-128.7793333,1992,511,,107,,,
Scott Islands,Maggot Island,R,50.80183,-128.7793333,1994,371,,76,,,
Scott Islands,Maggot Island,R,50.80183,-128.7793333,1998,245,,72,,,
Scott Islands,Maggot Island,R,50.80183,-128.7793333,2002,456,,77,,,
Scott Islands,Maggot Island,R,50.80183,-128.7793333,2006,590,,62,,,
Scott Islands,Maggot Island,R,50.80183,-128.7793333,2008,362,,36,,,
Scott Islands,Maggot Island,R,50.80183,-128.7793333,2010,286,,56,,,
Scott Islands,Maggot Island,R,50.80183,-128.7793333,2013,322,,54,,,
Scott Islands,Sartine Island,R,50.81983333,-128.903,1971,628,,163,,,
Scott Islands,Sartine Island,R,50.81983333,-128.903,1972,616,,273,,,
Scott Islands,Sartine Island,R,50.81983333,-128.903,1977,879,,309,,,
Scott Islands,Sartine Island,R,50.81983333,-128.903,1982,806,,409,,,
Scott Islands,Sartine Island,R,50.81983333,-128.903,1987,600,,176,,,
Scott Islands,Sartine Island,R,50.81983333,-128.903,1992,575,,253,,,
Scott Islands,Sartine Island,R,50.81983333,-128.903,1994,343,,62,,,
Scott Islands,Sartine Island,R,50.81983333,-128.903,1998,262,,148,,,
Scott Islands,Sartine Island,R,50.81983333,-128.903,2002,268,,146,,,
Scott Islands,Sartine Island,R,50.81983333,-128.903,2006,379,,178,,,
Scott Islands,Sartine Island,R,50.81983333,-128.903,2008,264,,101,,,
Scott Islands,Sartine Island,R,50.81983333,-128.903,2010,231,,104,,,
Scott Islands,Sartine Island,R,50.81983333,-128.903,2013,239,,140,,,
Scott Islands,Triangle Island,R,50.87133333,-129.0773333,1971,550,,181,,,
Scott Islands,Triangle Island,R,50.87133333,-129.0773333,1972,375,,189,,,
Scott Islands,Triangle Island,R,50.87133333,-129.0773333,1977,570,,140,,,
Scott Islands,Triangle Island,R,50.87133333,-129.0773333,1982,376,,185,,,
Scott Islands,Triangle Island,R,50.87133333,-129.0773333,1987,1057,,305,,,
Scott Islands,Triangle Island,R,50.87133333,-129.0773333,1992,1603,,476,,,
Scott Islands,Triangle Island,R,50.87133333,-129.0773333,1994,1626,,630,,,
Scott Islands,Triangle Island,R,50.87133333,-129.0773333,1998,2540,,1221,,,
Scott Islands,Triangle Island,R,50.87133333,-129.0773333,2002,2995,,2199,,,
Scott Islands,Triangle Island,R,50.87133333,-129.0773333,2006,3576,,2674,,,
Scott Islands,Triangle Island,R,50.87133333,-129.0773333,2008,3645,,2550,,,
Scott Islands,Triangle Island,R,50.87133333,-129.0773333,2010,4651,,3776,,,
Scott Islands,Triangle Island,R,50.87133333,-129.0773333,2013,5249,,4106,,,
Central Mainland Coast,Virgin Rocks,Y/R,51.28016667,-128.203,1971,317,,,,0,
Central Mainland Coast,Virgin Rocks,Y/R,51.28016667,-128.203,1972,205,,,,0,
Central Mainland Coast,Virgin Rocks,Y/R,51.28016667,-128.203,1977,62,,,,0,
Central Mainland Coast,Virgin Rocks,Y/R,51.28016667,-128.203,1982,190,,,,0,
Central Mainland Coast,Virgin Rocks,Y/R,51.28016667,-128.203,1987,229,,,,0,
Central Mainland Coast,Virgin Rocks,Y/R,51.28016667,-128.203,1992,157,,,,0,
Central Mainland Coast,Virgin Rocks,Y/R,51.28016667,-128.203,1994,131,,,,0,
Central Mainland Coast,Virgin Rocks,Y/R,51.28016667,-128.203,1998,168,,,,0,
Central Mainland Coast,Virgin Rocks,Y/R,51.28016667,-128.203,2002,419,,,,1,
Central Mainland Coast,Virgin Rocks,Y/R,51.28016667,-128.203,2006,516,,55,,,
Central Mainland Coast,Virgin Rocks,Y/R,51.28016667,-128.203,2008,595,,100,,,
Central Mainland Coast,Virgin Rocks,Y/R,51.28016667,-128.203,2010,533,,155,,,
Central Mainland Coast,Virgin Rocks,Y/R,51.28016667,-128.203,2013,1350,,268,,,
Central Mainland Coast,Pearl Rocks,Y,51.3633333,-128.001667,1971,100,,,,,
Central Mainland Coast,Pearl Rocks,Y,51.3633333,-128.001667,1972,81,,,,,
Central Mainland Coast,Pearl Rocks,Y,51.3633333,-128.001667,1977,276,,,,,
Central Mainland Coast,Pearl Rocks,Y,51.3633333,-128.001667,1982,23,,,,,
Central Mainland Coast,Pearl Rocks,Y,51.3633333,-128.001667,1987,128,,,,,
Central Mainland Coast,Pearl Rocks,Y,51.3633333,-128.001667,1992,126,,,,,
Central Mainland Coast,Pearl Rocks,Y,51.3633333,-128.001667,1994,98,,,,,
Central Mainland Coast,Pearl Rocks,Y,51.3633333,-128.001667,1998,199,,,,,
Central Mainland Coast,Pearl Rocks,Y,51.3633333,-128.001667,2002,467,,,,,
Central Mainland Coast,Pearl Rocks,Y,51.3633333,-128.001667,2006,449,,,,,
Central Mainland Coast,Pearl Rocks,Y,51.3633333,-128.001667,2008,247,,,,,
Central Mainland Coast,Pearl Rocks,Y,51.3633333,-128.001667,2010,263,,,,,
Central Mainland Coast,Pearl Rocks,Y,51.3633333,-128.001667,2013,414,,,,,
Central Mainland Coast,Blenheim,W/Y,51.80781667,-128.2533,1971,ns,,,,,
Central Mainland Coast,Blenheim,W/Y,51.80781667,-128.2533,1972,ns,,,,,
Central Mainland Coast,Blenheim,W/Y,51.80781667,-128.2533,1977,0,,,,,
Central Mainland Coast,Blenheim,W/Y,51.80781667,-128.2533,1982,0,,,,,
Central Mainland Coast,Blenheim,W/Y,51.80781667,-128.2533,1987,0,,,,,
Central Mainland Coast,Blenheim,W/Y,51.80781667,-128.2533,1992,0,,,,,
Central Mainland Coast,Blenheim,W/Y,51.80781667,-128.2533,1994,0,,,,,
Central Mainland Coast,Blenheim,W/Y,51.80781667,-128.2533,1998,0,,,,,
Central Mainland Coast,Blenheim,W/Y,51.80781667,-128.2533,2002,,0,,,,
Central Mainland Coast,Blenheim,W/Y,51.80781667,-128.2533,2006,,0,,,,
Central Mainland Coast,Blenheim,W/Y,51.80781667,-128.2533,2008,0,,,,,
Central Mainland Coast,Blenheim,W/Y,51.80781667,-128.2533,2010,3,,,,,
Central Mainland Coast,Blenheim,W/Y,51.80781667,-128.2533,2013,42,,,,,
Central Mainland Coast,Gosling Rocks,Y,51.86833,-128.4598333,1971,106,,,,0,
Central Mainland Coast,Gosling Rocks,Y,51.86833,-128.4598333,1972,,93,,,,0
Central Mainland Coast,Gosling Rocks,Y,51.86833,-128.4598333,1977,37,,,,0,
Central Mainland Coast,Gosling Rocks,Y,51.86833,-128.4598333,1982,179,,,,1,
Central Mainland Coast,Gosling Rocks,Y,51.86833,-128.4598333,1987,135,,,,0,
Central Mainland Coast,Gosling Rocks,Y,51.86833,-128.4598333,1992,72,,,,0,
Central Mainland Coast,Gosling Rocks,Y,51.86833,-128.4598333,1994,192,,,,0,
Central Mainland Coast,Gosling Rocks,Y,51.86833,-128.4598333,1998,133,,,,0,
Central Mainland Coast,Gosling Rocks,Y,51.86833,-128.4598333,2002,160,,,,2,
Central Mainland Coast,Gosling Rocks,Y,51.86833,-128.4598333,2006,257,,,,0,
Central Mainland Coast,Gosling Rocks,Y,51.86833,-128.4598333,2008,308,,,,14,
Central Mainland Coast,Gosling Rocks,Y,51.86833,-128.4598333,2010,439,,,,26,
Central Mainland Coast,Gosling Rocks,Y,51.86833,-128.4598333,2013,384,,122,,,
Central Mainland Coast,McInnes Island,Y,52.2625,-128.7208333,1971,196,,,,,
Central Mainland Coast,McInnes Island,Y,52.2625,-128.7208333,1972,,80,,,,
Central Mainland Coast,McInnes Island,Y,52.2625,-128.7208333,1977,45,,,,,
Central Mainland Coast,McInnes Island,Y,52.2625,-128.7208333,1982,0,,,,,
Central Mainland Coast,McInnes Island,Y,52.2625,-128.7208333,1987,0,,,,,
Central Mainland Coast,McInnes Island,Y,52.2625,-128.7208333,1992,109,,,,,
Central Mainland Coast,McInnes Island,Y,52.2625,-128.7208333,1994,241,,,,,
Central Mainland Coast,McInnes Island,Y,52.2625,-128.7208333,1998,163,,,,,
Central Mainland Coast,McInnes Island,Y,52.2625,-128.7208333,2002,25,,,,,
Central Mainland Coast,McInnes Island,Y,52.2625,-128.7208333,2006,,81,,,,
Central Mainland Coast,McInnes Island,Y,52.2625,-128.7208333,2008,263,,,,,
Central Mainland Coast,McInnes Island,Y,52.2625,-128.7208333,2010,139,,,,,
Central Mainland Coast,McInnes Island,Y,52.2625,-128.7208333,2013,262,,,,,
Central Mainland Coast,Steele Rock,Y,52.46333333,-129.371667,1971,,88,,,,
Central Mainland Coast,Steele Rock,Y,52.46333333,-129.371667,1972,,88,,,,
Central Mainland Coast,Steele Rock,Y,52.46333333,-129.371667,1977,85,,,,,
Central Mainland Coast,Steele Rock,Y,52.46333333,-129.371667,1982,150,,,,,
Central Mainland Coast,Steele Rock,Y,52.46333333,-129.371667,1987,7,,,,,
Central Mainland Coast,Steele Rock,Y,52.46333333,-129.371667,1992,35,,,,,
Central Mainland Coast,Steele Rock,Y,52.46333333,-129.371667,1994,137,,,,,
Central Mainland Coast,Steele Rock,Y,52.46333333,-129.371667,1998,227,,,,,
Central Mainland Coast,Steele Rock,Y,52.46333333,-129.371667,2002,101,,,,,
Central Mainland Coast,Steele Rock,Y,52.46333333,-129.371667,2006,92,,,,,
Central Mainland Coast,Steele Rock,Y,52.46333333,-129.371667,2008,194,,,,,
Central Mainland Coast,Steele Rock,Y,52.46333333,-129.371667,2010,173,,,,,
Central Mainland Coast,Steele Rock,Y,52.46333333,-129.371667,2013,228,,,,,
North Mainland Coast,Isnor Rock,Y,52.73583333,-129.5301667,1971,0,,,,,
North Mainland Coast,Isnor Rock,Y,52.73583333,-129.5301667,1972,,0,,,,
North Mainland Coast,Isnor Rock,Y,52.73583333,-129.5301667,1977,1,,,,,
North Mainland Coast,Isnor Rock,Y,52.73583333,-129.5301667,1982,0,,,,,
North Mainland Coast,Isnor Rock,Y,52.73583333,-129.5301667,1987,1,,,,,
North Mainland Coast,Isnor Rock,Y,52.73583333,-129.5301667,1992,0,,,,,
North Mainland Coast,Isnor Rock,Y,52.73583333,-129.5301667,1994,0,,,,,
North Mainland Coast,Isnor Rock,Y,52.73583333,-129.5301667,1998,0,,,,,
North Mainland Coast,Isnor Rock,Y,52.73583333,-129.5301667,2002,72,,,,,
North Mainland Coast,Isnor Rock,Y,52.73583333,-129.5301667,2006,29,,,,,
North Mainland Coast,Isnor Rock,Y,52.73583333,-129.5301667,2008,0,,,,,
North Mainland Coast,Isnor Rock,Y,52.73583333,-129.5301667,2010,109,,,,,
North Mainland Coast,Isnor Rock,Y,52.73583333,-129.5301667,2013,229,,,,,
Central Mainland Coast,Ashdown Island,W,53.04916667,-129.211667,1971,,0,,,,
Central Mainland Coast,Ashdown Island,W,53.04916667,-129.211667,1972,,0,,,,
Central Mainland Coast,Ashdown Island,W,53.04916667,-129.211667,1977,0,,,,,
Central Mainland Coast,Ashdown Island,W,53.04916667,-129.211667,1982,,13,,,,
Central Mainland Coast,Ashdown Island,W,53.04916667,-129.211667,1987,,13,,,,
Central Mainland Coast,Ashdown Island,W,53.04916667,-129.211667,1992,25,,,,,
Central Mainland Coast,Ashdown Island,W,53.04916667,-129.211667,1994,,13,,,,
Central Mainland Coast,Ashdown Island,W,53.04916667,-129.211667,1998,0,,,,,
Central Mainland Coast,Ashdown Island,W,53.04916667,-129.211667,2002,,0,,,,
Central Mainland Coast,Ashdown Island,W,53.04916667,-129.211667,2006,,0,,,,
Central Mainland Coast,Ashdown Island,W,53.04916667,-129.211667,2008,,0,,,,
Central Mainland Coast,Ashdown Island,W,53.04916667,-129.211667,2010,17,,,,,
Central Mainland Coast,Ashdown Island,W,53.04916667,-129.211667,2013,525,,,,,
Central Mainland Coast,Airacobra Rock,Y,51.758333,-128.222222,1971,ns,,,,,
Central Mainland Coast,Airacobra Rock,Y,51.758333,-128.222222,1972,ns,,,,,
Central Mainland Coast,Airacobra Rock,Y,51.758333,-128.222222,1977,ns,,,,,
Central Mainland Coast,Airacobra Rock,Y,51.758333,-128.222222,1982,ns,,,,,
Central Mainland Coast,Airacobra Rock,Y,51.758333,-128.222222,1987,ns,,,,,
Central Mainland Coast,Airacobra Rock,Y,51.758333,-128.222222,1992,ns,,,,,
Central Mainland Coast,Airacobra Rock,Y,51.758333,-128.222222,1994,ns,,,,,
Central Mainland Coast,Airacobra Rock,Y,51.758333,-128.222222,1998,ns,,,,,
Central Mainland Coast,Airacobra Rock,Y,51.758333,-128.222222,2002,ns,,,,,
Central Mainland Coast,Airacobra Rock,Y,51.758333,-128.222222,2006,ns,,,,,
Central Mainland Coast,Airacobra Rock,Y,51.758333,-128.222222,2008,ns,,,,,
Central Mainland Coast,Airacobra Rock,Y,51.758333,-128.222222,2010,30,,,,,
Central Mainland Coast,Airacobra Rock,Y,51.758333,-128.222222,2013,14,,,,,
Central Mainland Coast,Watch Rock,Y/A,51.38,-128.106667,1971,0,,,,,
Central Mainland Coast,Watch Rock,Y/A,51.38,-128.106667,1972,0,,,,,
Central Mainland Coast,Watch Rock,Y/A,51.38,-128.106667,1977,0,,,,,
Central Mainland Coast,Watch Rock,Y/A,51.38,-128.106667,1982,0,,,,,
Central Mainland Coast,Watch Rock,Y/A,51.38,-128.106667,1987,0,,,,,
Central Mainland Coast,Watch Rock,Y/A,51.38,-128.106667,1992,0,,,,,
Central Mainland Coast,Watch Rock,Y/A,51.38,-128.106667,1994,0,,,,,
Central Mainland Coast,Watch Rock,Y/A,51.38,-128.106667,1998,0,,,,,
Central Mainland Coast,Watch Rock,Y/A,51.38,-128.106667,2002,0,,,,,
Central Mainland Coast,Watch Rock,Y/A,51.38,-128.106667,2006,0,,,,,
Central Mainland Coast,Watch Rock,Y/A,51.38,-128.106667,2008,0,,,,,
Central Mainland Coast,Watch Rock,Y/A,51.38,-128.106667,2010,20,,,,,
Central Mainland Coast,Watch Rock,Y/A,51.38,-128.106667,2013,0,,,,,
North Mainland Coast,Goodacre Point,?,52.943333,-129.553333,1971,ns,,,,,
North Mainland Coast,Goodacre Point,?,52.943333,-129.553333,1972,ns,,,,,
North Mainland Coast,Goodacre Point,?,52.943333,-129.553333,1977,ns,,,,,
North Mainland Coast,Goodacre Point,?,52.943333,-129.553333,1982,ns,,,,,
North Mainland Coast,Goodacre Point,?,52.943333,-129.553333,1987,ns,,,,,
North Mainland Coast,Goodacre Point,?,52.943333,-129.553333,1992,ns,,,,,
North Mainland Coast,Goodacre Point,?,52.943333,-129.553333,1994,ns,,,,,
North Mainland Coast,Goodacre Point,?,52.943333,-129.553333,1998,ns,,,,,
North Mainland Coast,Goodacre Point,?,52.943333,-129.553333,2002,ns,,,,,
North Mainland Coast,Goodacre Point,?,52.943333,-129.553333,2006,ns,,,,,
North Mainland Coast,Goodacre Point,?,52.943333,-129.553333,2008,ns,,,,,
North Mainland Coast,Goodacre Point,?,52.943333,-129.553333,2010,19,,,,,
North Mainland Coast,Goodacre Point,?,52.943333,-129.553333,2013,ns,,,,,
North Mainland Coast,MacDonald Island,?,52.98,-129.695,1971,ns,,,,,
North Mainland Coast,MacDonald Island,?,52.98,-129.695,1972,ns,,,,,
North Mainland Coast,MacDonald Island,?,52.98,-129.695,1977,ns,,,,,
North Mainland Coast,MacDonald Island,?,52.98,-129.695,1982,ns,,,,,
North Mainland Coast,MacDonald Island,?,52.98,-129.695,1987,ns,,,,,
North Mainland Coast,MacDonald Island,?,52.98,-129.695,1992,ns,,,,,
North Mainland Coast,MacDonald Island,?,52.98,-129.695,1994,ns,,,,,
North Mainland Coast,MacDonald Island,?,52.98,-129.695,1998,ns,,,,,
North Mainland Coast,MacDonald Island,?,52.98,-129.695,2002,ns,,,,,
North Mainland Coast,MacDonald Island,?,52.98,-129.695,2006,ns,,,,,
North Mainland Coast,MacDonald Island,?,52.98,-129.695,2008,ns,,,,,
North Mainland Coast,MacDonald Island,?,52.98,-129.695,2010,43,,,,,
North Mainland Coast,MacDonald Island,?,52.98,-129.695,2013,5,,,,,
North Mainland Coast,North Danger Rocks,R,53.25566667,-130.3416667,1971,148,,86,,,
North Mainland Coast,North Danger Rocks,R,53.25566667,-130.3416667,1972,347,,93,,,
North Mainland Coast,North Danger Rocks,R,53.25566667,-130.3416667,1977,230,,64,,,
North Mainland Coast,North Danger Rocks,R,53.25566667,-130.3416667,1982,288,,74,,,
North Mainland Coast,North Danger Rocks,R,53.25566667,-130.3416667,1987,339,,54,,,
North Mainland Coast,North Danger Rocks,R,53.25566667,-130.3416667,1992,301,,148,,,
North Mainland Coast,North Danger Rocks,R,53.25566667,-130.3416667,1994,309,,85,,,
North Mainland Coast,North Danger Rocks,R,53.25566667,-130.3416667,1998,583,,144,,,
North Mainland Coast,North Danger Rocks,R,53.25566667,-130.3416667,2002,592,,219,,,
North Mainland Coast,North Danger Rocks,R,53.25566667,-130.3416667,2006,1003,,403,,,
North Mainland Coast,North Danger Rocks,R,53.25566667,-130.3416667,2008,652,,216,,,
North Mainland Coast,North Danger Rocks,R,53.25566667,-130.3416667,2010,527,,272,,,
North Mainland Coast,North Danger Rocks,R,53.25566667,-130.3416667,2013,783,,374,,,
North Mainland Coast,Bonilla Island,Y,53.46616667,-130.6128333,1971,29,,,,0,
North Mainland Coast,Bonilla Island,Y,53.46616667,-130.6128333,1972,158,,,,0,
North Mainland Coast,Bonilla Island,Y,53.46616667,-130.6128333,1977,333,,,,0,
North Mainland Coast,Bonilla Island,Y,53.46616667,-130.6128333,1982,219,,,,0,
North Mainland Coast,Bonilla Island,Y,53.46616667,-130.6128333,1987,19,,,,0,
North Mainland Coast,Bonilla Island,Y,53.46616667,-130.6128333,1992,265,,,,0,
North Mainland Coast,Bonilla Island,Y,53.46616667,-130.6128333,1994,272,,,,0,
North Mainland Coast,Bonilla Island,Y,53.46616667,-130.6128333,1998,303,,,,0,
North Mainland Coast,Bonilla Island,Y,53.46616667,-130.6128333,2002,215,,,,0,
North Mainland Coast,Bonilla Island,Y,53.46616667,-130.6128333,2006,375,,,,4,
North Mainland Coast,Bonilla Island,Y,53.46616667,-130.6128333,2008,282,,,,17,
North Mainland Coast,Bonilla Island,Y,53.46616667,-130.6128333,2010,508,,,,19,
North Mainland Coast,Bonilla Island,Y,53.46616667,-130.6128333,2013,392,,55,,,
North Mainland Coast,Warrior Rocks,Y,54.06466667,-130.852,1971,ns,,,,,
North Mainland Coast,Warrior Rocks,Y,54.06466667,-130.852,1972,ns,,,,,
North Mainland Coast,Warrior Rocks,Y,54.06466667,-130.852,1977,ns,,,,,
North Mainland Coast,Warrior Rocks,Y,54.06466667,-130.852,1982,ns,,,,,
North Mainland Coast,Warrior Rocks,Y,54.06466667,-130.852,1987,ns,,,,,
North Mainland Coast,Warrior Rocks,Y,54.06466667,-130.852,1992,416,,,,,
North Mainland Coast,Warrior Rocks,Y,54.06466667,-130.852,1994,2,,,,,
North Mainland Coast,Warrior Rocks,Y,54.06466667,-130.852,1998,282,,,,,
North Mainland Coast,Warrior Rocks,Y,54.06466667,-130.852,2002,588,,,,,
North Mainland Coast,Warrior Rocks,Y,54.06466667,-130.852,2006,692,,,,,
North Mainland Coast,Warrior Rocks,Y,54.06466667,-130.852,2008,1114,,,,,
North Mainland Coast,Warrior Rocks,Y,54.06466667,-130.852,2010,1106,,,,,
North Mainland Coast,Warrior Rocks,Y,54.06466667,-130.852,2013,1221,,,,,
North Mainland Coast,Chearnley Islet,Y,54.44132,-130.9865,1971,,0,,,,
North Mainland Coast,Chearnley Islet,Y,54.44132,-130.9865,1972,,0,,,,
North Mainland Coast,Chearnley Islet,Y,54.44132,-130.9865,1977,0,,,,,
North Mainland Coast,Chearnley Islet,Y,54.44132,-130.9865,1982,0,,,,,
North Mainland Coast,Chearnley Islet,Y,54.44132,-130.9865,1987,,0,,,,
North Mainland Coast,Chearnley Islet,Y,54.44132,-130.9865,1992,1,,,,,
North Mainland Coast,Chearnley Islet,Y,54.44132,-130.9865,1994,3,,,,,
North Mainland Coast,Chearnley Islet,Y,54.44132,-130.9865,1998,0,,,,,
North Mainland Coast,Chearnley Islet,Y,54.44132,-130.9865,2002,19,,,,,
North Mainland Coast,Chearnley Islet,Y,54.44132,-130.9865,2006,498,,,,,
North Mainland Coast,Chearnley Islet,Y,54.44132,-130.9865,2008,244,,,,,
North Mainland Coast,Chearnley Islet,Y,54.44132,-130.9865,2010,508,,,,,
North Mainland Coast,Chearnley Islet,Y,54.44132,-130.9865,2013,137,,,,,
Haida Gwaii,South Nangwaii Islands,,54.408333,-131.605,1971,ns,,,,,
Haida Gwaii,South Nangwaii Islands,,54.408333,-131.605,1972,ns,,,,,
Haida Gwaii,South Nangwaii Islands,,54.408333,-131.605,1977,ns,,,,,
Haida Gwaii,South Nangwaii Islands,,54.408333,-131.605,1982,ns,,,,,
Haida Gwaii,South Nangwaii Islands,,54.408333,-131.605,1987,ns,,,,,
Haida Gwaii,South Nangwaii Islands,,54.408333,-131.605,1992,ns,,,,,
Haida Gwaii,South Nangwaii Islands,,54.408333,-131.605,1994,ns,,,,,
Haida Gwaii,South Nangwaii Islands,,54.408333,-131.605,1998,ns,,,,,
Haida Gwaii,South Nangwaii Islands,,54.408333,-131.605,2002,ns,,,,,
Haida Gwaii,South Nangwaii Islands,,54.408333,-131.605,2006,ns,,,,,
Haida Gwaii,South Nangwaii Islands,,54.408333,-131.605,2008,15,,,,,
Haida Gwaii,South Nangwaii Islands,,54.408333,-131.605,2010,0,,,,,
Haida Gwaii,South Nangwaii Islands,,54.408333,-131.605,2013,0,,,,,
Haida Gwaii,North Chads Point,,52.8183,-132.24,1971,,0,,,,
Haida Gwaii,North Chads Point,,52.8183,-132.24,1972,,0,,,,
Haida Gwaii,North Chads Point,,52.8183,-132.24,1977,1,,,,,
Haida Gwaii,North Chads Point,,52.8183,-132.24,1982,0,,,,,
Haida Gwaii,North Chads Point,,52.8183,-132.24,1987,1,,,,,
Haida Gwaii,North Chads Point,,52.8183,-132.24,1992,0,,,,,
Haida Gwaii,North Chads Point,,52.8183,-132.24,1994,2,,,,,
Haida Gwaii,North Chads Point,,52.8183,-132.24,1998,2,,,,,
Haida Gwaii,North Chads Point,,52.8183,-132.24,2002,0,,,,,
Haida Gwaii,North Chads Point,,52.8183,-132.24,2006,24,,,,,
Haida Gwaii,North Chads Point,,52.8183,-132.24,2008,0,,,,,
Haida Gwaii,North Chads Point,,52.8183,-132.24,2010,0,,,,,
Haida Gwaii,North Chads Point,,52.8183,-132.24,2013,0,,,,,
Haida Gwaii,Cape St. James Island,R,51.91166667,-130.981667,1971,631,,337,,,
Haida Gwaii,Cape St. James Island,R,51.91166667,-130.981667,1972,549,,272,,,
Haida Gwaii,Cape St. James Island,R,51.91166667,-130.981667,1977,782,,303,,,
Haida Gwaii,Cape St. James Island,R,51.91166667,-130.981667,1982,698,,404,,,
Haida Gwaii,Cape St. James Island,R,51.91166667,-130.981667,1987,1021,,367,,,
Haida Gwaii,Cape St. James Island,R,51.91166667,-130.981667,1992,867,,484,,,
Haida Gwaii,Cape St. James Island,R,51.91166667,-130.981667,1994,797,,333,,,
Haida Gwaii,Cape St. James Island,R,51.91166667,-130.981667,1998,763,,488,,,
Haida Gwaii,Cape St. James Island,R,51.91166667,-130.981667,2002,982,,635,,,
Haida Gwaii,Cape St. James Island,R,51.91166667,-130.981667,2006,1094,,723,,,
Haida Gwaii,Cape St. James Island,R,51.91166667,-130.981667,2008,811,,900,,,
Haida Gwaii,Cape St. James Island,R,51.91166667,-130.981667,2010,1077,,846,,,
Haida Gwaii,Cape St. James Island,R,51.91166667,-130.981667,2013,1020,,825,,,
Haida Gwaii,Anthony Island,Y,52.1033333,-131.24,1971,ns,,,,,
Haida Gwaii,Anthony Island,Y,52.1033333,-131.24,1972,ns,,,,,
Haida Gwaii,Anthony Island,Y,52.1033333,-131.24,1977,ns,,,,,
Haida Gwaii,Anthony Island,Y,52.1033333,-131.24,1982,ns,,,,,
Haida Gwaii,Anthony Island,Y,52.1033333,-131.24,1987,44,,,,,
Haida Gwaii,Anthony Island,Y,52.1033333,-131.24,1992,279,,,,,
Haida Gwaii,Anthony Island,Y,52.1033333,-131.24,1994,617,,,,,
Haida Gwaii,Anthony Island,Y,52.1033333,-131.24,1998,359,,,,,
Haida Gwaii,Anthony Island,Y,52.1033333,-131.24,2002,313,,,,,
Haida Gwaii,Anthony Island,Y,52.1033333,-131.24,2006,513,,,,,
Haida Gwaii,Anthony Island,Y,52.1033333,-131.24,2008,473,,,,,
Haida Gwaii,Anthony Island,Y,52.1033333,-131.24,2010,186,,,,,
Haida Gwaii,Anthony Island,Y,52.1033333,-131.24,2013,521,,,,,
Haida Gwaii,South Tasu Head,Y,52.70283333,-132.075,1971,76,,,,,
Haida Gwaii,South Tasu Head,Y,52.70283333,-132.075,1972,,375,,,,
Haida Gwaii,South Tasu Head,Y,52.70283333,-132.075,1977,278,,,,,
Haida Gwaii,South Tasu Head,Y,52.70283333,-132.075,1982,117,,,,,
Haida Gwaii,South Tasu Head,Y,52.70283333,-132.075,1987,263,,,,,
Haida Gwaii,South Tasu Head,Y,52.70283333,-132.075,1992,80,,,,,
Haida Gwaii,South Tasu Head,Y,52.70283333,-132.075,1994,196,,,,,
Haida Gwaii,South Tasu Head,Y,52.70283333,-132.075,1998,285,,,,,
Haida Gwaii,South Tasu Head,Y,52.70283333,-132.075,2002,151,,,,,
Haida Gwaii,South Tasu Head,Y,52.70283333,-132.075,2006,47,,,,,
Haida Gwaii,South Tasu Head,Y,52.70283333,-132.075,2008,98,,,,,
Haida Gwaii,South Tasu Head,Y,52.70283333,-132.075,2010,251,,,,,
Haida Gwaii,South Tasu Head,Y,52.70283333,-132.075,2013,273,,,,,
Haida Gwaii,Moresby Islets,W,52.97333,-132.36,1971,,0,,,,
Haida Gwaii,Moresby Islets,W,52.97333,-132.36,1972,,0,,,,
Haida Gwaii,Moresby Islets,W,52.97333,-132.36,1977,,0,,,,
Haida Gwaii,Moresby Islets,W,52.97333,-132.36,1982,,0,,,,
Haida Gwaii,Moresby Islets,W,52.97333,-132.36,1987,0,,,,,
Haida Gwaii,Moresby Islets,W,52.97333,-132.36,1992,3,,,,,
Haida Gwaii,Moresby Islets,W,52.97333,-132.36,1994,115,,,,,
Haida Gwaii,Moresby Islets,W,52.97333,-132.36,1998,65,,,,,
Haida Gwaii,Moresby Islets,W,52.97333,-132.36,2002,2,,,,,
Haida Gwaii,Moresby Islets,W,52.97333,-132.36,2006,1,,,,,
Haida Gwaii,Moresby Islets,W,52.97333,-132.36,2008,0,,,,,
Haida Gwaii,Moresby Islets,W,52.97333,-132.36,2010,0,,,,,
Haida Gwaii,Moresby Islets,W,52.97333,-132.36,2013,0,,,,,
Haida Gwaii,Marble Island,W,53.20466667,-132.6518333,1971,0,,,,,
Haida Gwaii,Marble Island,W,53.20466667,-132.6518333,1972,,0,,,,
Haida Gwaii,Marble Island,W,53.20466667,-132.6518333,1977,0,,,,,
Haida Gwaii,Marble Island,W,53.20466667,-132.6518333,1982,0,,,,,
Haida Gwaii,Marble Island,W,53.20466667,-132.6518333,1987,0,,,,,
Haida Gwaii,Marble Island,W,53.20466667,-132.6518333,1992,0,,,,,
Haida Gwaii,Marble Island,W,53.20466667,-132.6518333,1994,0,,,,,
Haida Gwaii,Marble Island,W,53.20466667,-132.6518333,1998,0,,,,,
Haida Gwaii,Marble Island,W,53.20466667,-132.6518333,2002,0,,,,,
Haida Gwaii,Marble Island,W,53.20466667,-132.6518333,2006,1,,,,,
Haida Gwaii,Marble Island,W,53.20466667,-132.6518333,2008,0,,,,,
Haida Gwaii,Marble Island,W,53.20466667,-132.6518333,2010,0,,,,,
Haida Gwaii,Marble Island,W,53.20466667,-132.6518333,2013,67,,,,,
Haida Gwaii,Cone Head,W/Y,53.37616667,-132.721667,1971,,0,,,,
Haida Gwaii,Cone Head,W/Y,53.37616667,-132.721667,1972,,0,,,,
Haida Gwaii,Cone Head,W/Y,53.37616667,-132.721667,1977,,0,,,,
Haida Gwaii,Cone Head,W/Y,53.37616667,-132.721667,1982,,0,,,,
Haida Gwaii,Cone Head,W/Y,53.37616667,-132.721667,1987,0,,,,,
Haida Gwaii,Cone Head,W/Y,53.37616667,-132.721667,1992,70,,,,,
Haida Gwaii,Cone Head,W/Y,53.37616667,-132.721667,1994,21,,,,,
Haida Gwaii,Cone Head,W/Y,53.37616667,-132.721667,1998,1,,,,,
Haida Gwaii,Cone Head,W/Y,53.37616667,-132.721667,2002,131,,,,,
Haida Gwaii,Cone Head,W/Y,53.37616667,-132.721667,2006,27,,,,,
Haida Gwaii,Cone Head,W/Y,53.37616667,-132.721667,2008,85,,,,,
Haida Gwaii,Cone Head,W/Y,53.37616667,-132.721667,2010,97,,,,,
Haida Gwaii,Cone Head,W/Y,53.37616667,-132.721667,2013,220,,,,,
North Mainland Coast,Joseph Island,W/Y,53.145,-130.04245,1971,0,,,,,
North Mainland Coast,Joseph Island,W/Y,53.145,-130.04245,1972,,0,,,,
North Mainland Coast,Joseph Island,W/Y,53.145,-130.04245,1977,,0,,,,
North Mainland Coast,Joseph Island,W/Y,53.145,-130.04245,1982,0,,,,,
North Mainland Coast,Joseph Island,W/Y,53.145,-130.04245,1987,0,,,,,
North Mainland Coast,Joseph Island,W/Y,53.145,-130.04245,1992,,0,,,,
North Mainland Coast,Joseph Island,W/Y,53.145,-130.04245,1994,,0,,,,
North Mainland Coast,Joseph Island,W/Y,53.145,-130.04245,1998,0,,,,,
North Mainland Coast,Joseph Island,W/Y,53.145,-130.04245,2002,2,,,,,
North Mainland Coast,Joseph Island,W/Y,53.145,-130.04245,2006,3,,,,,
North Mainland Coast,Joseph Island,W/Y,53.145,-130.04245,2008,0,,,,,
North Mainland Coast,Joseph Island,W/Y,53.145,-130.04245,2010,128,,,,,
North Mainland Coast,Joseph Island,W/Y,53.145,-130.04245,2013,345,,,,,
Haida Gwaii,Joseph Rocks,Y,53.81333333,-133.1333333,1971,408,,,,,
Haida Gwaii,Joseph Rocks,Y,53.81333333,-133.1333333,1972,,391,,,,
Haida Gwaii,Joseph Rocks,Y,53.81333333,-133.1333333,1977,399,,,,,
Haida Gwaii,Joseph Rocks,Y,53.81333333,-133.1333333,1982,366,,,,,
Haida Gwaii,Joseph Rocks,Y,53.81333333,-133.1333333,1987,309,,,,,
Haida Gwaii,Joseph Rocks,Y,53.81333333,-133.1333333,1992,327,,,,,
Haida Gwaii,Joseph Rocks,Y,53.81333333,-133.1333333,1994,397,,,,,
Haida Gwaii,Joseph Rocks,Y,53.81333333,-133.1333333,1998,601,,,,,
Haida Gwaii,Joseph Rocks,Y,53.81333333,-133.1333333,2002,696,,,,,
Haida Gwaii,Joseph Rocks,Y,53.81333333,-133.1333333,2006,770,,,,,
Haida Gwaii,Joseph Rocks,Y,53.81333333,-133.1333333,2008,,511,,,,
Haida Gwaii,Joseph Rocks,Y,53.81333333,-133.1333333,2010,339,,,,,
Haida Gwaii,Joseph Rocks,Y,53.81333333,-133.1333333,2013,249,,,,,
Haida Gwaii,Rose Spit,W/Y,54.21233333,-131.6131667,1971,1,,,,,
Haida Gwaii,Rose Spit,W/Y,54.21233333,-131.6131667,1972,,0,,,,
Haida Gwaii,Rose Spit,W/Y,54.21233333,-131.6131667,1977,,0,,,,
Haida Gwaii,Rose Spit,W/Y,54.21233333,-131.6131667,1982,,0,,,,
Haida Gwaii,Rose Spit,W/Y,54.21233333,-131.6131667,1987,,0,,,,
Haida Gwaii,Rose Spit,W/Y,54.21233333,-131.6131667,1992,,0,,,,
Haida Gwaii,Rose Spit,W/Y,54.21233333,-131.6131667,1994,,0,,,,
Haida Gwaii,Rose Spit,W/Y,54.21233333,-131.6131667,1998,0,,,,,
Haida Gwaii,Rose Spit,W/Y,54.21233333,-131.6131667,2002,,0,,,,
Haida Gwaii,Rose Spit,W/Y,54.21233333,-131.6131667,2006,30,,,,,
Haida Gwaii,Rose Spit,W/Y,54.21233333,-131.6131667,2008,132,,,,,
Haida Gwaii,Rose Spit,W/Y,54.21233333,-131.6131667,2010,57,,,,,
Haida Gwaii,Rose Spit,W/Y,54.21233333,-131.6131667,2013,50,,,,,
Haida Gwaii,Langara Island,W/Y,54.2605,-133.0146667,1971,6,,,,,
Haida Gwaii,Langara Island,W/Y,54.2605,-133.0146667,1972,,3,,,,
Haida Gwaii,Langara Island,W/Y,54.2605,-133.0146667,1977,0,,,,,
Haida Gwaii,Langara Island,W/Y,54.2605,-133.0146667,1982,3,,,,,
Haida Gwaii,Langara Island,W/Y,54.2605,-133.0146667,1987,3,,,,,
Haida Gwaii,Langara Island,W/Y,54.2605,-133.0146667,1992,,2,,,,
Haida Gwaii,Langara Island,W/Y,54.2605,-133.0146667,1994,0,,,,,
Haida Gwaii,Langara Island,W/Y,54.2605,-133.0146667,1998,217,,,,,
Haida Gwaii,Langara Island,W/Y,54.2605,-133.0146667,2002,3,,,,,
Haida Gwaii,Langara Island,W/Y,54.2605,-133.0146667,2006,484,,,,,
Haida Gwaii,Langara Island,W/Y,54.2605,-133.0146667,2008,,218,,,,
Haida Gwaii,Langara Island,W/Y,54.2605,-133.0146667,2010,98,,,,,
Haida Gwaii,Langara Island,W/Y,54.2605,-133.0146667,2013,337,,,,,
Haida Gwaii,Reef Island,Y,52.87166667,-131.485,1971,207,,,,,
Haida Gwaii,Reef Island,Y,52.87166667,-131.485,1972,105,,,,,
Haida Gwaii,Reef Island,Y,52.87166667,-131.485,1977,88,,,,,
Haida Gwaii,Reef Island,Y,52.87166667,-131.485,1982,36,,,,,
Haida Gwaii,Reef Island,Y,52.87166667,-131.485,1987,482,,,,,
Haida Gwaii,Reef Island,Y,52.87166667,-131.485,1992,489,,,,,
Haida Gwaii,Reef Island,Y,52.87166667,-131.485,1994,538,,,,,
Haida Gwaii,Reef Island,Y,52.87166667,-131.485,1998,216,,,,,
Haida Gwaii,Reef Island,Y,52.87166667,-131.485,2002,370,,,,,
Haida Gwaii,Reef Island,Y,52.87166667,-131.485,2006,253,,,,,
Haida Gwaii,Reef Island,Y,52.87166667,-131.485,2008,294,,,,,
Haida Gwaii,Reef Island,Y,52.87166667,-131.485,2010,316,,,,,
Haida Gwaii,Reef Island,Y,52.87166667,-131.485,2013,289,,,,,
Haida Gwaii,Skedans Islands,W,52.953,-131.5526333,1971,0,,,,,
Haida Gwaii,Skedans Islands,W,52.953,-131.5526333,1972,,0,,,,
Haida Gwaii,Skedans Islands,W,52.953,-131.5526333,1977,0,,,,,
Haida Gwaii,Skedans Islands,W,52.953,-131.5526333,1982,45,,,,,
Haida Gwaii,Skedans Islands,W,52.953,-131.5526333,1987,0,,,,,
Haida Gwaii,Skedans Islands,W,52.953,-131.5526333,1992,0,,,,,
Haida Gwaii,Skedans Islands,W,52.953,-131.5526333,1994,0,,,,,
Haida Gwaii,Skedans Islands,W,52.953,-131.5526333,1998,0,,,,,
Haida Gwaii,Skedans Islands,W,52.953,-131.5526333,2002,0,,,,,
Haida Gwaii,Skedans Islands,W,52.953,-131.5526333,2006,0,,,,,
Haida Gwaii,Skedans Islands,W,52.953,-131.5526333,2008,0,,,,,
Haida Gwaii,Skedans Islands,W,52.953,-131.5526333,2010,0,,,,,
Haida Gwaii,Skedans Islands,W,52.953,-131.5526333,2013,0,,,,,
Haida Gwaii,Tatsung Rock,W/Y,52.5433,-131.3566,1971,0,,,,,
Haida Gwaii,Tatsung Rock,W/Y,52.5433,-131.3566,1972,10,,,,,
Haida Gwaii,Tatsung Rock,W/Y,52.5433,-131.3566,1977,0,,,,,
Haida Gwaii,Tatsung Rock,W/Y,52.5433,-131.3566,1982,0,,,,,
Haida Gwaii,Tatsung Rock,W/Y,52.5433,-131.3566,1987,0,,,,,
Haida Gwaii,Tatsung Rock,W/Y,52.5433,-131.3566,1992,0,,,,,
Haida Gwaii,Tatsung Rock,W/Y,52.5433,-131.3566,1994,0,,,,,
Haida Gwaii,Tatsung Rock,W/Y,52.5433,-131.3566,1998,,0,,,,
Haida Gwaii,Tatsung Rock,W/Y,52.5433,-131.3566,2002,,0,,,,
Haida Gwaii,Tatsung Rock,W/Y,52.5433,-131.3566,2006,,0,,,,
Haida Gwaii,Tatsung Rock,W/Y,52.5433,-131.3566,2008,24,,,,,
Haida Gwaii,Tatsung Rock,W/Y,52.5433,-131.3566,2010,,43,,,,
Haida Gwaii,Tatsung Rock,W/Y,52.5433,-131.3566,2013,77,,,,,
Haida Gwaii,Joyce Rocks,Y,52.33695,-131.1316333,1971,ns,,,,,
Haida Gwaii,Joyce Rocks,Y,52.33695,-131.1316333,1972,ns,,,,,
Haida Gwaii,Joyce Rocks,Y,52.33695,-131.1316333,1977,ns,,,,,
Haida Gwaii,Joyce Rocks,Y,52.33695,-131.1316333,1982,ns,,,,,
Haida Gwaii,Joyce Rocks,Y,52.33695,-131.1316333,1987,ns,,,,,
Haida Gwaii,Joyce Rocks,Y,52.33695,-131.1316333,1992,ns,,,,,
Haida Gwaii,Joyce Rocks,Y,52.33695,-131.1316333,1994,ns,,,,,
Haida Gwaii,Joyce Rocks,Y,52.33695,-131.1316333,1998,ns,,,,,
Haida Gwaii,Joyce Rocks,Y,52.33695,-131.1316333,2002,ns,,,,,
Haida Gwaii,Joyce Rocks,Y,52.33695,-131.1316333,2006,ns,,,,,
Haida Gwaii,Joyce Rocks,Y,52.33695,-131.1316333,2008,53,,,,,
Haida Gwaii,Joyce Rocks,Y,52.33695,-131.1316333,2010,,84,,,,
Haida Gwaii,Joyce Rocks,Y,52.33695,-131.1316333,2013,165,,,,,
Haida Gwaii,Garcin Rocks,Y/R,52.21323333,-130.9606,1971,0,,0,,,
Haida Gwaii,Garcin Rocks,Y/R,52.21323333,-130.9606,1972,0,,0,,,
Haida Gwaii,Garcin Rocks,Y/R,52.21323333,-130.9606,1977,0,,0,,,
Haida Gwaii,Garcin Rocks,Y/R,52.21323333,-130.9606,1982,0,,0,,,
Haida Gwaii,Garcin Rocks,Y/R,52.21323333,-130.9606,1987,0,,0,,,
Haida Gwaii,Garcin Rocks,Y/R,52.21323333,-130.9606,1992,0,,0,,,
Haida Gwaii,Garcin Rocks,Y/R,52.21323333,-130.9606,1994,0,,0,,,
Haida Gwaii,Garcin Rocks,Y/R,52.21323333,-130.9606,1998,0,,0,,,
Haida Gwaii,Garcin Rocks,Y/R,52.21323333,-130.9606,2002,329,,,,2,
Haida Gwaii,Garcin Rocks,Y/R,52.21323333,-130.9606,2006,261,,,,12,
Haida Gwaii,Garcin Rocks,Y/R,52.21323333,-130.9606,2008,305,,104,,,
Haida Gwaii,Garcin Rocks,Y/R,52.21323333,-130.9606,2010,565,,217,,,
Haida Gwaii,Garcin Rocks,Y/R,52.21323333,-130.9606,2013,594,,315,,,
Queen Charlotte Strait,Ashby Point,W/Y,50.94216667,-127.9206667,1971,,3,,,,
Queen Charlotte Strait,Ashby Point,W/Y,50.94216667,-127.9206667,1972,,3,,,,
Queen Charlotte Strait,Ashby Point,W/Y,50.94216667,-127.9206667,1977,4,,,,,
Queen Charlotte Strait,Ashby Point,W/Y,50.94216667,-127.9206667,1982,1,,,,,
Queen Charlotte Strait,Ashby Point,W/Y,50.94216667,-127.9206667,1987,210,,,,,
Queen Charlotte Strait,Ashby Point,W/Y,50.94216667,-127.9206667,1992,3,,,,,
Queen Charlotte Strait,Ashby Point,W/Y,50.94216667,-127.9206667,1994,226,,,,,
Queen Charlotte Strait,Ashby Point,W/Y,50.94216667,-127.9206667,1998,225,,,,,
Queen Charlotte Strait,Ashby Point,W/Y,50.94216667,-127.9206667,2002,519,,,,,
Queen Charlotte Strait,Ashby Point,W/Y,50.94216667,-127.9206667,2006,786,,,,,
Queen Charlotte Strait,Ashby Point,W/Y,50.94216667,-127.9206667,2008,541,,,,,
Queen Charlotte Strait,Ashby Point,W/Y,50.94216667,-127.9206667,2010,479,,,,,
Queen Charlotte Strait,Ashby Point,W/Y,50.94216667,-127.9206667,2013,632,,,,,
Queen Charlotte Strait,Bright Island,W/Y,50.94116667,-127.6573333,1971,0,,,,,
Queen Charlotte Strait,Bright Island,W/Y,50.94116667,-127.6573333,1972,,0,,,,
Queen Charlotte Strait,Bright Island,W/Y,50.94116667,-127.6573333,1977,0,,,,,
Queen Charlotte Strait,Bright Island,W/Y,50.94116667,-127.6573333,1982,0,,,,,
Queen Charlotte Strait,Bright Island,W/Y,50.94116667,-127.6573333,1987,0,,,,,
Queen Charlotte Strait,Bright Island,W/Y,50.94116667,-127.6573333,1992,,0,,,,
Queen Charlotte Strait,Bright Island,W/Y,50.94116667,-127.6573333,1994,,0,,,,
Queen Charlotte Strait,Bright Island,W/Y,50.94116667,-127.6573333,1998,,0,,,,
Queen Charlotte Strait,Bright Island,W/Y,50.94116667,-127.6573333,2002,47,,,,,
Queen Charlotte Strait,Bright Island,W/Y,50.94116667,-127.6573333,2006,2,,,,,
Queen Charlotte Strait,Bright Island,W/Y,50.94116667,-127.6573333,2008,0,,,,,
Queen Charlotte Strait,Bright Island,W/Y,50.94116667,-127.6573333,2010,461,,,,,
Queen Charlotte Strait,Bright Island,W/Y,50.94116667,-127.6573333,2013,806,,,,,
Queen Charlotte Strait,Millar Group,W/Y,50.90966667,-127.441667,1971,0,,,,,
Queen Charlotte Strait,Millar Group,W/Y,50.90966667,-127.441667,1972,0,,,,,
Queen Charlotte Strait,Millar Group,W/Y,50.90966667,-127.441667,1977,0,,,,,
Queen Charlotte Strait,Millar Group,W/Y,50.90966667,-127.441667,1982,0,,,,,
Queen Charlotte Strait,Millar Group,W/Y,50.90966667,-127.441667,1987,0,,,,,
Queen Charlotte Strait,Millar Group,W/Y,50.90966667,-127.441667,1992,0,,,,,
Queen Charlotte Strait,Millar Group,W/Y,50.90966667,-127.441667,1994,0,,,,,
Queen Charlotte Strait,Millar Group,W/Y,50.90966667,-127.441667,1998,0,,,,,
Queen Charlotte Strait,Millar Group,W/Y,50.90966667,-127.441667,2002,1,,,,,
Queen Charlotte Strait,Millar Group,W/Y,50.90966667,-127.441667,2006,2,,,,,
Queen Charlotte Strait,Millar Group,W/Y,50.90966667,-127.441667,2008,151,,,,,
Queen Charlotte Strait,Millar Group,W/Y,50.90966667,-127.441667,2010,140,,,,,
Queen Charlotte Strait,Millar Group,W/Y,50.90966667,-127.441667,2013,208,,,,,
Queen Charlotte Strait,Eden Island,W/Y,50.74633333,-126.722,1971,0,,,,,
Queen Charlotte Strait,Eden Island,W/Y,50.74633333,-126.722,1972,0,,,,,
Queen Charlotte Strait,Eden Island,W/Y,50.74633333,-126.722,1977,0,,,,,
Queen Charlotte Strait,Eden Island,W/Y,50.74633333,-126.722,1982,0,,,,,
Queen Charlotte Strait,Eden Island,W/Y,50.74633333,-126.722,1987,0,,,,,
Queen Charlotte Strait,Eden Island,W/Y,50.74633333,-126.722,1992,0,,,,,
Queen Charlotte Strait,Eden Island,W/Y,50.74633333,-126.722,1994,0,,,,,
Queen Charlotte Strait,Eden Island,W/Y,50.74633333,-126.722,1998,0,,,,,
Queen Charlotte Strait,Eden Island,W/Y,50.74633333,-126.722,2002,,0,,,,
Queen Charlotte Strait,Eden Island,W/Y,50.74633333,-126.722,2006,,0,,,,
Queen Charlotte Strait,Eden Island,W/Y,50.74633333,-126.722,2008,,0,,,,
Queen Charlotte Strait,Eden Island,W/Y,50.74633333,-126.722,2010,,32,,,,
Queen Charlotte Strait,Eden Island,W/Y,50.74633333,-126.722,2013,45,,,,,
West Coast Vancouver Island,Carmanah Point,W/Y,48.61533333,-124.7613333,1971,0,,,,,
West Coast Vancouver Island,Carmanah Point,W/Y,48.61533333,-124.7613333,1972,,0,,,,
West Coast Vancouver Island,Carmanah Point,W/Y,48.61533333,-124.7613333,1977,181,,,,,
West Coast Vancouver Island,Carmanah Point,W/Y,48.61533333,-124.7613333,1982,170,,,,,
West Coast Vancouver Island,Carmanah Point,W/Y,48.61533333,-124.7613333,1987,146,,,,,
West Coast Vancouver Island,Carmanah Point,W/Y,48.61533333,-124.7613333,1992,103,,,,,
West Coast Vancouver Island,Carmanah Point,W/Y,48.61533333,-124.7613333,1994,150,,,,,
West Coast Vancouver Island,Carmanah Point,W/Y,48.61533333,-124.7613333,1998,255,,,,,
West Coast Vancouver Island,Carmanah Point,W/Y,48.61533333,-124.7613333,2002,237,,,,,
West Coast Vancouver Island,Carmanah Point,W/Y,48.61533333,-124.7613333,2006,247,,,,,
West Coast Vancouver Island,Carmanah Point,W/Y,48.61533333,-124.7613333,2008,162,,,,,
West Coast Vancouver Island,Carmanah Point,W/Y,48.61533333,-124.7613333,2010,514,,,,,
West Coast Vancouver Island,Carmanah Point,W/Y,48.61533333,-124.7613333,2013,1209,,,,,
West Coast Vancouver Island,Pachena Point,W/Y,48.723333,-125.105,1971,0,,,,,
West Coast Vancouver Island,Pachena Point,W/Y,48.723333,-125.105,1972,0,,,,,
West Coast Vancouver Island,Pachena Point,W/Y,48.723333,-125.105,1977,0,,,,,
West Coast Vancouver Island,Pachena Point,W/Y,48.723333,-125.105,1982,0,,,,,
West Coast Vancouver Island,Pachena Point,W/Y,48.723333,-125.105,1987,0,,,,,
West Coast Vancouver Island,Pachena Point,W/Y,48.723333,-125.105,1992,0,,,,,
West Coast Vancouver Island,Pachena Point,W/Y,48.723333,-125.105,1994,0,,,,,
West Coast Vancouver Island,Pachena Point,W/Y,48.723333,-125.105,1998,1,,,,,
West Coast Vancouver Island,Pachena Point,W/Y,48.723333,-125.105,2002,0,,,,,
West Coast Vancouver Island,Pachena Point,W/Y,48.723333,-125.105,2006,44,,,,,
West Coast Vancouver Island,Pachena Point,W/Y,48.723333,-125.105,2008,53,,,,,
West Coast Vancouver Island,Pachena Point,W/Y,48.723333,-125.105,2010,166,,,,,
West Coast Vancouver Island,Pachena Point,W/Y,48.723333,-125.105,2013,157,,,,,
West Coast Vancouver Island,Wouwer Island,W/Y,48.86283333,-125.3583,1971,0,,,,,
West Coast Vancouver Island,Wouwer Island,W/Y,48.86283333,-125.3583,1972,0,,,,,
West Coast Vancouver Island,Wouwer Island,W/Y,48.86283333,-125.3583,1977,0,,,,,
West Coast Vancouver Island,Wouwer Island,W/Y,48.86283333,-125.3583,1982,0,,,,,
West Coast Vancouver Island,Wouwer Island,W/Y,48.86283333,-125.3583,1987,0,,,,,
West Coast Vancouver Island,Wouwer Island,W/Y,48.86283333,-125.3583,1992,0,,,,,
West Coast Vancouver Island,Wouwer Island,W/Y,48.86283333,-125.3583,1994,0,,,,,
West Coast Vancouver Island,Wouwer Island,W/Y,48.86283333,-125.3583,1998,0,,,,,
West Coast Vancouver Island,Wouwer Island,W/Y,48.86283333,-125.3583,2002,31,,,,,
West Coast Vancouver Island,Wouwer Island,W/Y,48.86283333,-125.3583,2006,4,,,,,
West Coast Vancouver Island,Wouwer Island,W/Y,48.86283333,-125.3583,2008,48,,,,,
West Coast Vancouver Island,Wouwer Island,W/Y,48.86283333,-125.3583,2010,89,,,,,
West Coast Vancouver Island,Wouwer Island,W/Y,48.86283333,-125.3583,2013,104,,,,,
West Coast Vancouver Island,Mara Rock,W/Y,48.875,-125.4788333,1971,0,,,,,
West Coast Vancouver Island,Mara Rock,W/Y,48.875,-125.4788333,1972,,0,,,,
West Coast Vancouver Island,Mara Rock,W/Y,48.875,-125.4788333,1977,0,,,,,
West Coast Vancouver Island,Mara Rock,W/Y,48.875,-125.4788333,1982,3,,,,,
West Coast Vancouver Island,Mara Rock,W/Y,48.875,-125.4788333,1987,0,,,,,
West Coast Vancouver Island,Mara Rock,W/Y,48.875,-125.4788333,1992,0,,,,,
West Coast Vancouver Island,Mara Rock,W/Y,48.875,-125.4788333,1994,41,,,,,
West Coast Vancouver Island,Mara Rock,W/Y,48.875,-125.4788333,1998,87,,,,,
West Coast Vancouver Island,Mara Rock,W/Y,48.875,-125.4788333,2002,296,,,,,
West Coast Vancouver Island,Mara Rock,W/Y,48.875,-125.4788333,2006,264,,,,,
West Coast Vancouver Island,Mara Rock,W/Y,48.875,-125.4788333,2008,376,,,,,
West Coast Vancouver Island,Mara Rock,W/Y,48.875,-125.4788333,2010,514,,,,,
West Coast Vancouver Island,Mara Rock,W/Y,48.875,-125.4788333,2013,332,,,,,
West Coast Vancouver Island,Starlight Reef,W/Y,48.8816,-125.485,1971,0,,,,,
West Coast Vancouver Island,Starlight Reef,W/Y,48.8816,-125.485,1972,0,,,,,
West Coast Vancouver Island,Starlight Reef,W/Y,48.8816,-125.485,1977,0,,,,,
West Coast Vancouver Island,Starlight Reef,W/Y,48.8816,-125.485,1982,0,,,,,
West Coast Vancouver Island,Starlight Reef,W/Y,48.8816,-125.485,1987,0,,,,,
West Coast Vancouver Island,Starlight Reef,W/Y,48.8816,-125.485,1992,0,,,,,
West Coast Vancouver Island,Starlight Reef,W/Y,48.8816,-125.485,1994,0,,,,,
West Coast Vancouver Island,Starlight Reef,W/Y,48.8816,-125.485,1998,0,,,,,
West Coast Vancouver Island,Starlight Reef,W/Y,48.8816,-125.485,2002,0,,,,,
West Coast Vancouver Island,Starlight Reef,W/Y,48.8816,-125.485,2006,0,,,,,
West Coast Vancouver Island,Starlight Reef,W/Y,48.8816,-125.485,2008,0,,,,,
West Coast Vancouver Island,Starlight Reef,W/Y,48.8816,-125.485,2010,25,,,,,
West Coast Vancouver Island,Starlight Reef,W/Y,48.8816,-125.485,2013,155,,,,,
British Columbia,Miscellaneous,Y/W,,,1971,1,,0,,,
British Columbia,Miscellaneous,Y/W,,,1972,0,,0,,,
British Columbia,Miscellaneous,Y/W,,,1977,2,,0,,,
British Columbia,Miscellaneous,Y/W,,,1982,1,,2,,,
British Columbia,Miscellaneous,Y/W,,,1987,2,,0,,,
British Columbia,Miscellaneous,Y/W,,,1992,4,,0,,,
British Columbia,Miscellaneous,Y/W,,,1994,5,,1,,,
British Columbia,Miscellaneous,Y/W,,,1998,3,,4,,,
British Columbia,Miscellaneous,Y/W,,,2002,3,,4,,,
British Columbia,Miscellaneous,Y/W,,,2006,28,,19,,,
British Columbia,Miscellaneous,Y/W,,,2008,49,,34,,,
British Columbia,Miscellaneous,Y/W,,,2010,208,,15,,,
British Columbia,Miscellaneous,Y/W,,,2013,27,,55,,,
