year,section,section_name,totalrecords,spawn_index_tonnes,total_length,mean_width,spawn_date_xbar,spawn_date_sd,spawn_date_min,spawn_date_max,dive_survey_pct,latitude,longitude
1951,1,Tasu Sound & Gowgaia Bay,0,0,NA,NA,NA,NA,NA,NA,NA,NA,NA
1951,2,Port Louis,0,0,NA,NA,NA,NA,NA,NA,NA,NA,NA
1951,3,Rennell Sound,0,0,NA,NA,NA,NA,NA,NA,NA,NA,NA
1951,4,Cartwright Sound,0,0,NA,NA,NA,NA,NA,NA,NA,NA,NA
1951,5,Englefield Bay,0,0,NA,NA,NA,NA,NA,NA,NA,NA,NA
1951,6,Louscoone Inlet,0,0,NA,NA,NA,NA,NA,NA,NA,NA,NA
1951,11,Masset Inlet,0,0,NA,NA,NA,NA,NA,NA,NA,NA,NA
1951,12,Naden Harbour,0,0,NA,NA,NA,NA,NA,NA,NA,NA,NA
1951,21,Juan Perez Sound,1,161.51246179039998,686,14,94,NA,94,94,0,52.4482,-131.2644
1951,22,Skidegate Inlet,5,150.91080469064002,1874,6.2,155.4,14.310835055998654,136,171,0,53.2423578,-131.9868008
1951,23,Cumshewa Inlet,0,0,NA,NA,NA,NA,NA,NA,NA,NA,NA
1951,24,Laskeek Bay,0,0,NA,NA,NA,NA,NA,NA,NA,NA,NA
1951,25,Skincuttle Inlet,11,4051.2260074842593,9050,27.81818181818182,92.9090909090909,1.0444659357341868,91,94,0,52.3098948,-131.2869111
1952,1,Tasu Sound & Gowgaia Bay,0,0,NA,NA,NA,NA,NA,NA,NA,NA,NA
1952,2,Port Louis,0,0,NA,NA,NA,NA,NA,NA,NA,NA,NA
1952,3,Rennell Sound,0,0,NA,NA,NA,NA,NA,NA,NA,NA,NA
1952,4,Cartwright Sound,0,0,NA,NA,NA,NA,NA,NA,NA,NA,NA
1952,5,Englefield Bay,0,0,NA,NA,NA,NA,NA,NA,NA,NA,NA
1952,6,Louscoone Inlet,0,0,NA,NA,NA,NA,NA,NA,NA,NA,NA
1952,11,Masset Inlet,0,0,NA,NA,NA,NA,NA,NA,NA,NA,NA
1952,12,Naden Harbour,0,0,NA,NA,NA,NA,NA,NA,NA,NA,NA
1952,21,Juan Perez Sound,3,1856.969380984476,6581,9,107.33333333333331,9.291573243177568,101,118,0,52.432529333333335,-131.31842466666666
1952,22,Skidegate Inlet,3,153.610708978764,1006,12,145.33333333333334,9.018499505645789,136,154,0,53.23783666666667,-131.98989366666666
1952,23,Cumshewa Inlet,0,0,NA,NA,NA,NA,NA,NA,NA,NA,NA
1952,24,Laskeek Bay,1,95.76226359072,320,5,120,NA,120,120,0,52.859444,-131.793611
1952,25,Skincuttle Inlet,1,625.484640011211,1097,82,100,NA,100,100,0,52.347778,-131.225556
1953,1,Tasu Sound & Gowgaia Bay,0,0,NA,NA,NA,NA,NA,NA,NA,NA,NA
1953,2,Port Louis,0,0,NA,NA,NA,NA,NA,NA,NA,NA,NA
1953,3,Rennell Sound,2,93.883057880472,2084,22.5,101,0,101,101,0,53.4729165,-132.71125
1953,4,Cartwright Sound,1,109.01967373836,484,9,101,NA,101,101,0,53.164167,-132.461944
1953,5,Englefield Bay,0,0,NA,NA,NA,NA,NA,NA,NA,NA,NA
1953,6,Louscoone Inlet,0,0,NA,NA,NA,NA,NA,NA,NA,NA,NA
1953,11,Masset Inlet,0,0,NA,NA,NA,NA,NA,NA,NA,NA,NA
1953,12,Naden Harbour,0,0,NA,NA,NA,NA,NA,NA,NA,NA,NA
1953,21,Juan Perez Sound,2,208.660475057868,960,7.5,91,0,91,91,0,52.400278,-131.359722
1953,22,Skidegate Inlet,10,237.04794890125,3894,5.2,138.9,11.948500603283522,118,163,0,53.2349619,-131.9784189
1953,23,Cumshewa Inlet,0,0,NA,NA,NA,NA,NA,NA,NA,NA,NA
1953,24,Laskeek Bay,3,203.923027737966,2468,18,121.33333333333331,0.5773502691896257,121,122,0,52.84370366666666,-131.87129633333333
1953,25,Skincuttle Inlet,3,7142.410479230704,12141,22.666666666666668,92,1,91,93,0,52.33096033333333,-131.30005533333335
1954,1,Tasu Sound & Gowgaia Bay,0,0,NA,NA,NA,NA,NA,NA,NA,NA,NA
1954,2,Port Louis,0,0,NA,NA,NA,NA,NA,NA,NA,NA,NA
1954,3,Rennell Sound,0,0,NA,NA,NA,NA,NA,NA,NA,NA,NA
1954,4,Cartwright Sound,0,0,NA,NA,NA,NA,NA,NA,NA,NA,NA
1954,5,Englefield Bay,0,0,NA,NA,NA,NA,NA,NA,NA,NA,NA
1954,6,Louscoone Inlet,0,0,NA,NA,NA,NA,NA,NA,NA,NA,NA
1954,11,Masset Inlet,0,0,NA,NA,NA,NA,NA,NA,NA,NA,NA
1954,12,Naden Harbour,0,0,NA,NA,NA,NA,NA,NA,NA,NA,NA
1954,21,Juan Perez Sound,3,3970.4656264983,11425,8.666666666666666,92.33333333333331,2.0816659994661326,90,94,0,52.3875,-131.37092566666666
1954,22,Skidegate Inlet,10,229.099472134256,2296,6.7,144.4,20.51665989710151,127,176,0,53.2362953,-132.0061063
1954,23,Cumshewa Inlet,0,0,NA,NA,NA,NA,NA,NA,NA,NA,NA
1954,24,Laskeek Bay,4,2027.0253356665676,13846,11.5,111.75,10.242883708539637,105,127,0,52.834236,-131.87284725
1954,25,Skincuttle Inlet,2,6410.372634384539,8372,27,91,0,91,91,0,52.3348905,-131.311083
1955,1,Tasu Sound & Gowgaia Bay,0,0,NA,NA,NA,NA,NA,NA,NA,NA,NA
1955,2,Port Louis,0,0,NA,NA,NA,NA,NA,NA,NA,NA,NA
1955,3,Rennell Sound,0,0,NA,NA,NA,NA,NA,NA,NA,NA,NA
1955,4,Cartwright Sound,0,0,NA,NA,NA,NA,NA,NA,NA,NA,NA
1955,5,Englefield Bay,0,0,NA,NA,NA,NA,NA,NA,NA,NA,NA
1955,6,Louscoone Inlet,0,0,NA,NA,NA,NA,NA,NA,NA,NA,NA
1955,11,Masset Inlet,0,0,NA,NA,NA,NA,NA,NA,NA,NA,NA
1955,12,Naden Harbour,0,0,NA,NA,NA,NA,NA,NA,NA,NA,NA
1955,21,Juan Perez Sound,8,6199.036015281077,17183,6.625,94.5,6.48074069840786,91,105,0,52.41559175,-131.337280375
1955,22,Skidegate Inlet,0,0,NA,NA,NA,NA,NA,NA,NA,NA,NA
1955,23,Cumshewa Inlet,0,0,NA,NA,NA,NA,NA,NA,NA,NA,NA
1955,24,Laskeek Bay,0,0,NA,NA,NA,NA,NA,NA,NA,NA,NA
1955,25,Skincuttle Inlet,2,238.01595335676797,1005,5.5,99,1.4142135623730951,98,100,0,52.2996055,-131.27177799999998
1956,1,Tasu Sound & Gowgaia Bay,0,0,NA,NA,NA,NA,NA,NA,NA,NA,NA
1956,2,Port Louis,0,0,NA,NA,NA,NA,NA,NA,NA,NA,NA
1956,3,Rennell Sound,0,0,NA,NA,NA,NA,NA,NA,NA,NA,NA
1956,4,Cartwright Sound,0,0,NA,NA,NA,NA,NA,NA,NA,NA,NA
1956,5,Englefield Bay,0,0,NA,NA,NA,NA,NA,NA,NA,NA,NA
1956,6,Louscoone Inlet,0,0,NA,NA,NA,NA,NA,NA,NA,NA,NA
1956,11,Masset Inlet,0,0,NA,NA,NA,NA,NA,NA,NA,NA,NA
1956,12,Naden Harbour,0,0,NA,NA,NA,NA,NA,NA,NA,NA,NA
1956,21,Juan Perez Sound,1,60.508235480615994,804,3,95,NA,95,95,0,52.3775,-131.356944
1956,22,Skidegate Inlet,3,0.3749746634479999,64,4.333333333333333,171,0,171,171,0,53.246124,-131.97986333333333
1956,23,Cumshewa Inlet,0,0,NA,NA,NA,NA,NA,NA,NA,NA,NA
1956,24,Laskeek Bay,0,0,NA,NA,NA,NA,NA,NA,NA,NA,NA
1956,25,Skincuttle Inlet,9,5981.8038545200525,20162,6.777777777777778,92.22222222222224,6.379219736334879,87,100,0,52.3074355,-131.282061375
1957,1,Tasu Sound & Gowgaia Bay,0,0,NA,NA,NA,NA,NA,NA,NA,NA,NA
1957,2,Port Louis,0,0,NA,NA,NA,NA,NA,NA,NA,NA,NA
1957,3,Rennell Sound,1,3.82021418688,183,5,91,NA,91,91,0,53.4875,-132.748611
1957,4,Cartwright Sound,0,0,NA,NA,NA,NA,NA,NA,NA,NA,NA
1957,5,Englefield Bay,0,0,NA,NA,NA,NA,NA,NA,NA,NA,NA
1957,6,Louscoone Inlet,0,0,NA,NA,NA,NA,NA,NA,NA,NA,NA
1957,11,Masset Inlet,0,0,NA,NA,NA,NA,NA,NA,NA,NA,NA
1957,12,Naden Harbour,0,0,NA,NA,NA,NA,NA,NA,NA,NA,NA
1957,21,Juan Perez Sound,2,1592.005766561436,4708,8,95,0,95,95,0,52.3775,-131.356944
1957,22,Skidegate Inlet,2,4.770517819370001,73,4,163.5,3.5355339059327378,161,166,0,53.2276585,-131.9917395
1957,23,Cumshewa Inlet,0,0,NA,NA,NA,NA,NA,NA,NA,NA,NA
1957,24,Laskeek Bay,0,0,NA,NA,NA,NA,NA,NA,NA,NA,NA
1957,25,Skincuttle Inlet,0,0,NA,NA,NA,NA,NA,NA,NA,NA,NA
1958,1,Tasu Sound & Gowgaia Bay,0,0,NA,NA,NA,NA,NA,NA,NA,NA,NA
1958,2,Port Louis,0,0,NA,NA,NA,NA,NA,NA,NA,NA,NA
1958,3,Rennell Sound,1,151.43559099647996,804,5,91,NA,91,91,0,53.344167,-132.472778
1958,4,Cartwright Sound,0,0,NA,NA,NA,NA,NA,NA,NA,NA,NA
1958,5,Englefield Bay,1,5.442413953284,229,3,95,NA,95,95,0,53.056944,-132.276944
1958,6,Louscoone Inlet,0,0,NA,NA,NA,NA,NA,NA,NA,NA,NA
1958,11,Masset Inlet,0,0,NA,NA,NA,NA,NA,NA,NA,NA,NA
1958,12,Naden Harbour,0,0,NA,NA,NA,NA,NA,NA,NA,NA,NA
1958,21,Juan Perez Sound,1,670.567528030824,1828,9,81,NA,81,81,0,52.3775,-131.356944
1958,22,Skidegate Inlet,1,14.596941756516,183,7,112,NA,112,112,0,53.248333,-131.986389
1958,23,Cumshewa Inlet,0,0,NA,NA,NA,NA,NA,NA,NA,NA,NA
1958,24,Laskeek Bay,0,0,NA,NA,NA,NA,NA,NA,NA,NA,NA
1958,25,Skincuttle Inlet,2,143.9643958388,731,5,84,4.242640687119285,81,87,0,52.3106945,-131.269028
1959,1,Tasu Sound & Gowgaia Bay,1,123.95963721959995,5850,9,100,NA,100,100,0,52.820833,-132.061389
1959,2,Port Louis,1,211.7324242026,3290,14,87,NA,87,87,0,53.596944,-132.882778
1959,3,Rennell Sound,3,1270.3945452156,4935,6,84,0,84,84,0,53.402778,-132.654167
1959,4,Cartwright Sound,0,0,NA,NA,NA,NA,NA,NA,NA,NA,NA
1959,5,Englefield Bay,1,309.877903367424,3656,7,100,NA,100,100,0,53.0075,-132.278333
1959,6,Louscoone Inlet,1,638.2155858889859,3199,9,97,NA,97,97,0,52.170833,-131.229444
1959,11,Masset Inlet,0,0,NA,NA,NA,NA,NA,NA,NA,NA,NA
1959,12,Naden Harbour,0,0,NA,NA,NA,NA,NA,NA,NA,NA,NA
1959,21,Juan Perez Sound,1,490.640013665088,1828,11,78,NA,78,78,0,52.3775,-131.356944
1959,22,Skidegate Inlet,3,122.85400474999798,1691,9,108.66666666666669,2.8867513459481287,107,112,0,53.228426,-131.96898033333332
1959,23,Cumshewa Inlet,0,0,NA,NA,NA,NA,NA,NA,NA,NA,NA
1959,24,Laskeek Bay,1,1288.351561246254,5667,11,108,NA,108,108,0,52.699722,-131.5625
1959,25,Skincuttle Inlet,4,6564.060882111068,14076,10.25,81,6,78,90,0,52.33126475,-131.33081925
1960,1,Tasu Sound & Gowgaia Bay,1,7.935139180601999,274,9,97,NA,97,97,0,52.820833,-132.061389
1960,2,Port Louis,1,396.843840116019,1737,23,90,NA,90,90,0,53.698889,-132.950833
1960,3,Rennell Sound,2,1127.74181309472,3747,11,88,2.8284271247461903,86,90,0,53.344167,-132.472778
1960,4,Cartwright Sound,0,0,NA,NA,NA,NA,NA,NA,NA,NA,NA
1960,5,Englefield Bay,1,36.749292501528,229,32,95,NA,95,95,0,53.0075,-132.278333
1960,6,Louscoone Inlet,3,2163.2644893239844,6124,33.666666666666664,97.66666666666669,0.5773502691896257,97,98,0,52.170833,-131.229444
1960,11,Masset Inlet,0,0,NA,NA,NA,NA,NA,NA,NA,NA,NA
1960,12,Naden Harbour,0,0,NA,NA,NA,NA,NA,NA,NA,NA,NA
1960,21,Juan Perez Sound,1,2415.369983941404,4753,18,84,NA,84,84,0,52.3775,-131.356944
1960,22,Skidegate Inlet,6,104.529938854352,1601,17.5,122.5,18.403803954617644,99,146,0,53.2331945,-131.97597233333337
1960,23,Cumshewa Inlet,0,0,NA,NA,NA,NA,NA,NA,NA,NA,NA
1960,24,Laskeek Bay,1,119.96347274615698,731,27,115,NA,115,115,0,52.696389,-131.626667
1960,25,Skincuttle Inlet,1,1900.18588358844,3108,18,84,NA,84,84,0,52.308056,-131.339444
1961,1,Tasu Sound & Gowgaia Bay,1,67.15346062464,5004,5,87,NA,87,87,0,52.796944,-131.998333
1961,2,Port Louis,2,134.63645572832002,1600,24,97.5,21.920310216782973,82,113,0,53.6479165,-132.9168055
1961,3,Rennell Sound,2,283.10667606864,2056,11,87,0,87,87,0,53.344167,-132.472778
1961,4,Cartwright Sound,0,0,NA,NA,NA,NA,NA,NA,NA,NA,NA
1961,5,Englefield Bay,1,73.59503958144,1371,27,87,NA,87,87,0,53.036389,-132.429444
1961,6,Louscoone Inlet,3,1176.4090266837818,7221,5,83,0,83,83,0,52.170833,-131.229444
1961,11,Masset Inlet,0,0,NA,NA,NA,NA,NA,NA,NA,NA,NA
1961,12,Naden Harbour,0,0,NA,NA,NA,NA,NA,NA,NA,NA,NA
1961,21,Juan Perez Sound,2,3212.160377644068,15615,5,85,0,85,85,0,52.400278,-131.359722
1961,22,Skidegate Inlet,3,981.85280542461,6033,29.666666666666664,129,4.58257569495584,125,134,0,53.22428133333333,-132.00251733333334
1961,23,Cumshewa Inlet,0,0,NA,NA,NA,NA,NA,NA,NA,NA,NA
1961,24,Laskeek Bay,0,0,NA,NA,NA,NA,NA,NA,NA,NA,NA
1961,25,Skincuttle Inlet,2,4592.87177950884,6033,15,85,0,85,85,0,52.326667,-131.305972
1962,1,Tasu Sound & Gowgaia Bay,1,31.769517084380997,1097,18,86,NA,86,86,0,52.820833,-132.061389
1962,2,Port Louis,2,835.2683243892718,3656,68.5,82.5,0.7071067811865476,82,83,0,53.698889,-132.950833
1962,3,Rennell Sound,2,785.0376132352001,6581,14,81,0,81,81,0,53.344444499999994,-132.49236100000002
1962,4,Cartwright Sound,0,0,NA,NA,NA,NA,NA,NA,NA,NA,NA
1962,5,Englefield Bay,3,63.235945592748,1280,11.333333333333334,87,1,86,88,0,53.05009233333333,-132.32777733333333
1962,6,Louscoone Inlet,1,547.0419307619879,2742,14,96,NA,96,96,0,52.170833,-131.229444
1962,11,Masset Inlet,0,0,NA,NA,NA,NA,NA,NA,NA,NA,NA
1962,12,Naden Harbour,0,0,NA,NA,NA,NA,NA,NA,NA,NA,NA
1962,21,Juan Perez Sound,2,1208.750132592744,3656,10,81.5,2.1213203435596424,80,83,0,52.400278,-131.359722
1962,22,Skidegate Inlet,6,163.70531682825197,3610,9.333333333333334,138,4.6475800154489,132,141,0,53.2351035,-132.0087586666667
1962,23,Cumshewa Inlet,0,0,NA,NA,NA,NA,NA,NA,NA,NA,NA
1962,24,Laskeek Bay,1,37.58780609792,548,9,81,NA,81,81,0,52.875556,-131.989722
1962,25,Skincuttle Inlet,4,3936.8496486056897,8408,82.25,80.75,1.5,80,83,0,52.30937525,-131.304236
1963,1,Tasu Sound & Gowgaia Bay,0,0,NA,NA,NA,NA,NA,NA,NA,NA,NA
1963,2,Port Louis,10,1436.2648701300477,8592,7,84,0,84,84,0,53.698889,-132.950833
1963,3,Rennell Sound,0,0,NA,NA,NA,NA,NA,NA,NA,NA,NA
1963,4,Cartwright Sound,0,0,NA,NA,NA,NA,NA,NA,NA,NA,NA
1963,5,Englefield Bay,0,0,NA,NA,NA,NA,NA,NA,NA,NA,NA
1963,6,Louscoone Inlet,0,0,NA,NA,NA,NA,NA,NA,NA,NA,NA
1963,11,Masset Inlet,0,0,NA,NA,NA,NA,NA,NA,NA,NA,NA
1963,12,Naden Harbour,0,0,NA,NA,NA,NA,NA,NA,NA,NA,NA
1963,21,Juan Perez Sound,1,68.63860243968,548,9,87,NA,87,87,0,52.423056,-131.3625
1963,22,Skidegate Inlet,4,43.179951127088,1197,5.5,135,8.831760866327848,129,148,0,53.22631925,-131.98256775
1963,23,Cumshewa Inlet,0,0,NA,NA,NA,NA,NA,NA,NA,NA,NA
1963,24,Laskeek Bay,1,12.55213232832,183,9,111,NA,111,111,0,52.875556,-131.989722
1963,25,Skincuttle Inlet,6,7215.866758215087,11379,19.5,85.33333333333333,3.5023801430836525,81,90,0,52.34986133333334,-131.26782400000002
1964,1,Tasu Sound & Gowgaia Bay,1,6.750237948480001,503,9,84,NA,84,84,0,52.820833,-132.061389
1964,2,Port Louis,7,301.03080400307,5604,7.285714285714286,86,0,86,86,0,53.68432542857143,-132.94111085714286
1964,3,Rennell Sound,2,555.3036057803198,2221,11.5,86.5,2.1213203435596424,85,88,0,53.323055499999995,-132.452639
1964,4,Cartwright Sound,1,70.5591472768,676,27,84,NA,84,84,0,53.146389,-132.359722
1964,5,Englefield Bay,2,35.226047492603996,595,22.5,93.5,16.263455967290593,82,105,0,53.0424555,-132.32750299999998
1964,6,Louscoone Inlet,4,909.063371074098,4753,14.75,62,3.4641016151377544,59,67,0,52.170833,-131.229444
1964,11,Masset Inlet,0,0,NA,NA,NA,NA,NA,NA,NA,NA,NA
1964,12,Naden Harbour,0,0,NA,NA,NA,NA,NA,NA,NA,NA,NA
1964,21,Juan Perez Sound,3,2553.35723627553,6855,23,74.33333333333333,7.505553499465135,70,83,0,52.388055666666666,-131.375185
1964,22,Skidegate Inlet,4,465.113344032244,2651,14.75,111,13.73559851869101,102,131,0,53.23374975,-132.018263
1964,23,Cumshewa Inlet,0,0,NA,NA,NA,NA,NA,NA,NA,NA,NA
1964,24,Laskeek Bay,0,0,NA,NA,NA,NA,NA,NA,NA,NA,NA
1964,25,Skincuttle Inlet,2,641.97964343058,1371,22.5,76,1.4142135623730951,75,77,0,52.300307,-131.307611
1965,1,Tasu Sound & Gowgaia Bay,0,0,NA,NA,NA,NA,NA,NA,NA,NA,NA
1965,2,Port Louis,0,0,NA,NA,NA,NA,NA,NA,NA,NA,NA
1965,3,Rennell Sound,1,211.75816674657597,914,9,80,NA,80,80,0,NA,NA
1965,4,Cartwright Sound,1,47.7004886176,457,5,110,NA,110,110,0,53.146389,-132.359722
1965,5,Englefield Bay,1,180.01761002416796,1554,9,103,NA,103,103,0,53.056944,-132.276944
1965,6,Louscoone Inlet,2,168.99601681664,1828,9,79,0,79,79,0,52.170833,-131.229444
1965,11,Masset Inlet,0,0,NA,NA,NA,NA,NA,NA,NA,NA,NA
1965,12,Naden Harbour,0,0,NA,NA,NA,NA,NA,NA,NA,NA,NA
1965,21,Juan Perez Sound,2,938.721172992822,2559,9,94,0,94,94,0,52.3775,-131.356944
1965,22,Skidegate Inlet,1,0.2683991232,18,5,140,NA,140,140,0,53.248333,-131.986389
1965,23,Cumshewa Inlet,0,0,NA,NA,NA,NA,NA,NA,NA,NA,NA
1965,24,Laskeek Bay,2,270.579879731736,1828,7,87,1.4142135623730951,86,88,0,52.875556,-131.989722
1965,25,Skincuttle Inlet,0,0,NA,NA,NA,NA,NA,NA,NA,NA,NA
1966,1,Tasu Sound & Gowgaia Bay,0,0,NA,NA,NA,NA,NA,NA,NA,NA,NA
1966,2,Port Louis,5,14.108421712231,301,23,90,0,90,90,0,53.698889,-132.950833
1966,3,Rennell Sound,2,7.23542660456,137,4,91,0,91,91,0,53.344167,-132.472778
1966,4,Cartwright Sound,0,0,NA,NA,NA,NA,NA,NA,NA,NA,NA
1966,5,Englefield Bay,1,2.162705981436,91,9,104,NA,104,104,0,53.0413,-132.34195
1966,6,Louscoone Inlet,0,0,NA,NA,NA,NA,NA,NA,NA,NA,NA
1966,11,Masset Inlet,0,0,NA,NA,NA,NA,NA,NA,NA,NA,NA
1966,12,Naden Harbour,0,0,NA,NA,NA,NA,NA,NA,NA,NA,NA
1966,21,Juan Perez Sound,8,2691.5182845670556,8591,27,104,5.9281411203561225,95,111,0,52.3769445,-131.361145625
1966,22,Skidegate Inlet,2,97.434486606852,457,18,132,1.4142135623730951,131,133,0,53.233055500000006,-131.9883335
1966,23,Cumshewa Inlet,0,0,NA,NA,NA,NA,NA,NA,NA,NA,NA
1966,24,Laskeek Bay,1,37.58780609792,548,6,95,NA,95,95,0,52.875556,-131.989722
1966,25,Skincuttle Inlet,3,95.273958043348,603,13,99,7.810249675906654,94,108,0,52.347222,-131.361667
1967,1,Tasu Sound & Gowgaia Bay,2,5.708562900183,320,4,96,0,96,96,0,52.820833,-132.061389
1967,2,Port Louis,9,203.004695608536,4717,41.66666666666667,85,3.570714214271425,81,88,0,53.65358011111111,-132.92058633333332
1967,3,Rennell Sound,0,0,NA,NA,NA,NA,NA,NA,NA,NA,NA
1967,4,Cartwright Sound,0,0,NA,NA,NA,NA,NA,NA,NA,NA,NA
1967,5,Englefield Bay,2,52.93954168664399,457,11.5,86,0,86,86,0,53.0413,-132.34195
1967,6,Louscoone Inlet,1,4.601345768088,69,5,84,NA,84,84,0,52.170833,-131.229444
1967,11,Masset Inlet,0,0,NA,NA,NA,NA,NA,NA,NA,NA,NA
1967,12,Naden Harbour,0,0,NA,NA,NA,NA,NA,NA,NA,NA,NA
1967,21,Juan Perez Sound,2,619.686171204156,1463,34.5,101.5,7.7781745930520225,96,107,0,52.409167,-131.411667
1967,22,Skidegate Inlet,3,14.283222450498,311,15,127.66666666666669,23.671361036774655,114,155,0,53.245924333333335,-131.89740633333332
1967,23,Cumshewa Inlet,3,58.859492745048,389,18.666666666666668,110,0,110,110,0,53.032407,-131.93842600000002
1967,24,Laskeek Bay,1,27.087591898745995,183,1,107,NA,107,107,0,52.875556,-131.989722
1967,25,Skincuttle Inlet,0,0,NA,NA,NA,NA,NA,NA,NA,NA,NA
1968,1,Tasu Sound & Gowgaia Bay,0,0,NA,NA,NA,NA,NA,NA,NA,NA,NA
1968,2,Port Louis,1,0.8051973695999999,27,5,100,NA,100,100,0,53.596944,-132.882778
1968,3,Rennell Sound,3,54.6341326336,458,6.333333333333333,105,0,105,105,0,53.344167,-132.472778
1968,4,Cartwright Sound,0,0,NA,NA,NA,NA,NA,NA,NA,NA,NA
1968,5,Englefield Bay,3,17.177543884800002,320,9,95,13.856406460551018,79,103,0,53.0413,-132.34195
1968,6,Louscoone Inlet,1,18.705162172774,457,9,102,NA,102,102,0,52.170833,-131.229444
1968,11,Masset Inlet,6,195.87351113672,2605,23,171,7.797435475847171,161,177,0,53.648426,-132.50490733333334
1968,12,Naden Harbour,0,0,NA,NA,NA,NA,NA,NA,NA,NA,NA
1968,21,Juan Perez Sound,7,657.590077749786,1851,8,99.85714285714286,5.367450401216932,92,103,0,52.36567457142857,-131.36555542857144
1968,22,Skidegate Inlet,4,60.43083830645399,593,15.75,137,8.48528137423857,129,149,0,53.245022000000006,-131.97050000000002
1968,23,Cumshewa Inlet,0,0,NA,NA,NA,NA,NA,NA,NA,NA,NA
1968,24,Laskeek Bay,0,0,NA,NA,NA,NA,NA,NA,NA,NA,NA
1968,25,Skincuttle Inlet,3,156.89262460780998,480,6,93.33333333333331,1.1547005383792517,92,94,0,52.332076,-131.35366633333334
1969,1,Tasu Sound & Gowgaia Bay,1,0.8139854930129999,137,5,102,NA,102,102,0,52.796944,-131.998333
1969,2,Port Louis,4,59.468992788872995,1417,11,95.5,0.5773502691896257,95,96,0,53.6455555,-132.92256924999998
1969,3,Rennell Sound,1,211.86113692247997,823,27,98,NA,98,98,0,53.344167,-132.472778
1969,4,Cartwright Sound,0,0,NA,NA,NA,NA,NA,NA,NA,NA,NA
1969,5,Englefield Bay,2,320.893192091916,2879,7,102,7.0710678118654755,97,107,0,53.0255555,-132.2956945
1969,6,Louscoone Inlet,0,0,NA,NA,NA,NA,NA,NA,NA,NA,NA
1969,11,Masset Inlet,0,0,NA,NA,NA,NA,NA,NA,NA,NA,NA
1969,12,Naden Harbour,0,0,NA,NA,NA,NA,NA,NA,NA,NA,NA
1969,21,Juan Perez Sound,1,1764.902157422364,3473,23,119,NA,119,119,0,52.3775,-131.356944
1969,22,Skidegate Inlet,6,390.7194383442461,2423,27.333333333333336,151.83333333333334,21.729396371428884,128,174,0,53.2541815,-131.9907905
1969,23,Cumshewa Inlet,0,0,NA,NA,NA,NA,NA,NA,NA,NA,NA
1969,24,Laskeek Bay,0,0,NA,NA,NA,NA,NA,NA,NA,NA,NA
1969,25,Skincuttle Inlet,1,309.98857357548,366,69,121,NA,121,121,0,52.308056,-131.339444
1970,1,Tasu Sound & Gowgaia Bay,0,0,NA,NA,NA,NA,NA,NA,NA,NA,NA
1970,2,Port Louis,3,139.58635090987997,1462,16,98.33333333333331,6.658328118479393,91,104,0,53.66490733333333,-132.928148
1970,3,Rennell Sound,3,185.2550392576,1553,8.333333333333334,92,0,92,92,0,53.344167,-132.472778
1970,4,Cartwright Sound,0,0,NA,NA,NA,NA,NA,NA,NA,NA,NA
1970,5,Englefield Bay,8,252.018853631388,2787,6,93,0,93,93,0,53.0075,-132.278333
1970,6,Louscoone Inlet,3,158.030961443924,915,48.666666666666664,95,2.6457513110645907,93,98,0,52.170833,-131.229444
1970,11,Masset Inlet,0,0,NA,NA,NA,NA,NA,NA,NA,NA,NA
1970,12,Naden Harbour,1,3.184643972664,1206,2,72,NA,72,72,0,53.995,-132.616944
1970,21,Juan Perez Sound,4,548.4031628594939,1532,57,93.25,2.5,92,97,0,52.371755,-131.40161825
1970,22,Skidegate Inlet,9,301.453771967332,3244,20.333333333333336,130.44444444444446,14.900596557781764,108,152,0,53.25414555555555,-131.98728622222222
1970,23,Cumshewa Inlet,14,2575.84975001186,6290,118.14285714285714,92.78571428571428,4.67692488432585,89,108,0,53.04001985714285,-131.7900990714286
1970,24,Laskeek Bay,1,31.299715656818996,137,5,102,NA,102,102,0,52.716944,-131.815556
1970,25,Skincuttle Inlet,5,2238.58250705874,3199,82.4,95,2.7386127875258306,92,97,0,52.308056,-131.339444
1971,1,Tasu Sound & Gowgaia Bay,0,0,NA,NA,NA,NA,NA,NA,NA,NA,NA
1971,2,Port Louis,1,42.840855298934,914,3,95,NA,95,95,0,53.698889,-132.950833
1971,3,Rennell Sound,6,416.87119418792,3336,18.833333333333336,104.83333333333331,0.408248290463863,104,105,0,53.3446295,-132.50541633333333
1971,4,Cartwright Sound,0,0,NA,NA,NA,NA,NA,NA,NA,NA,NA
1971,5,Englefield Bay,7,143.818048102788,2238,9.142857142857142,102,0,102,102,0,53.017157142857144,-132.29650928571428
1971,6,Louscoone Inlet,1,821.8300278798398,5630,23,114,NA,114,114,0,52.170833,-131.229444
1971,11,Masset Inlet,0,0,NA,NA,NA,NA,NA,NA,NA,NA,NA
1971,12,Naden Harbour,0,0,NA,NA,NA,NA,NA,NA,NA,NA,NA
1971,21,Juan Perez Sound,1,5224.0300899426375,8043,27,95,NA,95,95,0,52.3775,-131.356944
1971,22,Skidegate Inlet,23,607.000638340276,5211,24.304347826086957,161.2608695652174,22.758050306538586,119,197,0,53.2367107826087,-132.00833791304348
1971,23,Cumshewa Inlet,3,7244.966089854963,12787,15,134.66666666666666,18.929694486000912,113,148,0,53.029722,-131.86305566666667
1971,24,Laskeek Bay,0,0,NA,NA,NA,NA,NA,NA,NA,NA,NA
1971,25,Skincuttle Inlet,0,0,NA,NA,NA,NA,NA,NA,NA,NA,NA
1972,1,Tasu Sound & Gowgaia Bay,0,0,NA,NA,NA,NA,NA,NA,NA,NA,NA
1972,2,Port Louis,4,95.2632313988,1828,31.75,108.5,5,101,111,0,53.67340275,-132.93381925
1972,3,Rennell Sound,5,246.32559210376,2057,8.4,112,0,112,112,0,53.402778,-132.654167
1972,4,Cartwright Sound,0,0,NA,NA,NA,NA,NA,NA,NA,NA,NA
1972,5,Englefield Bay,9,669.185745448536,6169,11.77777777777778,115,6,107,119,0,53.01125555555556,-132.28540155555555
1972,6,Louscoone Inlet,15,1555.618345582122,8092,14,87.46666666666667,2.294921930407801,80,89,0,52.170833,-131.229444
1972,11,Masset Inlet,0,0,NA,NA,NA,NA,NA,NA,NA,NA,NA
1972,12,Naden Harbour,0,0,NA,NA,NA,NA,NA,NA,NA,NA,NA
1972,21,Juan Perez Sound,0,0,NA,NA,NA,NA,NA,NA,NA,NA,NA
1972,22,Skidegate Inlet,13,1045.5323560774582,10209,17.46153846153846,151.30769230769232,24.23284484394619,120,183,0,53.234630461538465,-131.999617
1972,23,Cumshewa Inlet,4,5960.38718702128,11069,15.25,113.5,13,94,120,0,53.0425,-131.778611
1972,24,Laskeek Bay,1,64.88101471488,777,18,114,NA,114,114,0,52.837222,-131.871389
1972,25,Skincuttle Inlet,5,1961.45482108364,6398,21.8,97.4,2.1908902300206643,95,99,0,52.276111,-131.265556
1973,1,Tasu Sound & Gowgaia Bay,0,0,NA,NA,NA,NA,NA,NA,NA,NA,NA
1973,2,Port Louis,1,9.65163658382,731,5,97,NA,97,97,0,53.596944,-132.882778
1973,3,Rennell Sound,4,1136.8060293060798,4387,14.75,96.75,0.5,96,97,0,53.344444499999994,-132.49236100000002
1973,4,Cartwright Sound,0,0,NA,NA,NA,NA,NA,NA,NA,NA,NA
1973,5,Englefield Bay,4,457.139061174852,6151,8,99,0,99,99,0,53.0075,-132.278333
1973,6,Louscoone Inlet,12,3022.711471820096,16132,10.916666666666666,91,0,91,91,0,52.170833,-131.229444
1973,11,Masset Inlet,0,0,NA,NA,NA,NA,NA,NA,NA,NA,NA
1973,12,Naden Harbour,0,0,NA,NA,NA,NA,NA,NA,NA,NA,NA
1973,21,Juan Perez Sound,0,0,NA,NA,NA,NA,NA,NA,NA,NA,NA
1973,22,Skidegate Inlet,11,295.11389978405805,2149,20.545454545454547,130.1818181818182,22.763207954144697,98,173,0,53.25210390909091,-131.99144118181815
1973,23,Cumshewa Inlet,18,1510.633721228604,11242,25.722222222222214,102,6.902684899626334,87,105,0,53.031466,-131.85300922222223
1973,24,Laskeek Bay,0,0,NA,NA,NA,NA,NA,NA,NA,NA,NA
1973,25,Skincuttle Inlet,16,3426.396957226729,6873,29,102.375,4.440345331915826,91,104,0,52.327102125,-131.268780125
1974,1,Tasu Sound & Gowgaia Bay,0,0,NA,NA,NA,NA,NA,NA,NA,NA,NA
1974,2,Port Louis,0,0,NA,NA,NA,NA,NA,NA,NA,NA,NA
1974,3,Rennell Sound,4,725.72885347272,2467,18.25,92,0,92,92,0,53.344167,-132.472778
1974,4,Cartwright Sound,0,0,NA,NA,NA,NA,NA,NA,NA,NA,NA
1974,5,Englefield Bay,12,949.110600664872,10008,9.416666666666666,91.58333333333331,7.867751594421061,80,99,0,53.025362916666666,-132.29810233333333
1974,6,Louscoone Inlet,3,2198.4029508307876,11608,15.333333333333334,79.33333333333333,1.5275252316519468,78,81,0,52.170833,-131.229444
1974,11,Masset Inlet,0,0,NA,NA,NA,NA,NA,NA,NA,NA,NA
1974,12,Naden Harbour,10,2988.077216574132,5757,44.3,65.9,12.573782247199926,48,80,0,54.0210554,-132.587333
1974,21,Juan Perez Sound,0,0,NA,NA,NA,NA,NA,NA,NA,NA,NA
1974,22,Skidegate Inlet,11,389.784399756434,3429,26,127.36363636363636,20.597440264618935,92,164,0,53.236868,-131.95698118181818
1974,23,Cumshewa Inlet,11,1403.050096978304,7328,13.545454545454543,110.36363636363636,26.039480514298777,90,148,0,53.04578290909091,-131.87967190909092
1974,24,Laskeek Bay,0,0,NA,NA,NA,NA,NA,NA,NA,NA,NA
1974,25,Skincuttle Inlet,15,10908.323143795187,23329,13.6,95.33333333333331,8.474050024015897,84,105,0,52.32112146666667,-131.25216306666667
1975,1,Tasu Sound & Gowgaia Bay,0,0,NA,NA,NA,NA,NA,NA,NA,NA,NA
1975,2,Port Louis,2,140.38168807104,1326,8,97,0,97,97,0,53.698889,-132.950833
1975,3,Rennell Sound,3,398.142517509156,3327,6.333333333333333,103.33333333333331,2.309401076758503,102,106,0,53.43972233333333,-132.65666666666667
1975,4,Cartwright Sound,1,150.63509191472,914,6,109,NA,109,109,0,53.146389,-132.359722
1975,5,Englefield Bay,2,464.8168550511359,5484,9,106,0,106,106,0,53.0075,-132.278333
1975,6,Louscoone Inlet,8,2389.8176998560643,9711,18.5,88.75,5.775564289066727,75,93,0,52.170833,-131.229444
1975,11,Masset Inlet,0,0,NA,NA,NA,NA,NA,NA,NA,NA,NA
1975,12,Naden Harbour,7,433.3106453920439,3084,33.285714285714285,79.42857142857143,12.259107401671391,60,94,0,54.001706285714285,-132.61055514285712
1975,21,Juan Perez Sound,0,0,NA,NA,NA,NA,NA,NA,NA,NA,NA
1975,22,Skidegate Inlet,9,742.3960973815259,6306,32,142.11111111111111,10.564615994493654,122,157,0,53.23948244444445,-132.0425368888889
1975,23,Cumshewa Inlet,10,2099.524621104986,11013,7.4,127.3,18.20897214745156,100,148,0,53.0333053,-131.8745001
1975,24,Laskeek Bay,0,0,NA,NA,NA,NA,NA,NA,NA,NA,NA
1975,25,Skincuttle Inlet,6,5196.538171175331,11699,13.5,95.33333333333331,4.457203906785808,89,99,0,52.31462966666667,-131.26226866666667
1976,1,Tasu Sound & Gowgaia Bay,0,0,NA,NA,NA,NA,NA,NA,NA,NA,NA
1976,2,Port Louis,7,163.74284953312,1760,6.285714285714286,102.42857142857144,0.5345224838248488,102,103,0,53.655198285714285,-132.92166657142857
1976,3,Rennell Sound,9,88.32029202206999,1691,5.888888888888889,102.11111111111111,0.33333333333333337,102,103,0,53.47157411111111,-132.7179628888889
1976,4,Cartwright Sound,0,0,NA,NA,NA,NA,NA,NA,NA,NA,NA
1976,5,Englefield Bay,5,574.0391075522759,6672,5.8,103,0,103,103,0,53.0075,-132.278333
1976,6,Louscoone Inlet,30,3736.144545889714,19981,13.533333333333331,100.36666666666666,7.194266554998352,97,116,0,52.170833,-131.229444
1976,11,Masset Inlet,1,1292.3633881383678,3016,91,181,NA,181,181,0,53.712222,-132.306944
1976,12,Naden Harbour,13,941.198909714984,7905,39.76923076923077,70.23076923076923,20.071347098761816,43,106,0,53.995,-132.616944
1976,21,Juan Perez Sound,6,4235.902410503779,12248,7.333333333333333,100.83333333333331,3.970726214015097,96,105,0,52.42053533333333,-131.32821866666666
1976,22,Skidegate Inlet,6,915.171825763818,7631,41.833333333333336,156.5,4.415880433163924,151,160,0,53.240277166666665,-131.98354066666667
1976,23,Cumshewa Inlet,10,1628.079066516945,9506,12.6,135.1,24.27824815206677,104,168,0,53.0315553,-131.89680570000002
1976,24,Laskeek Bay,3,226.314036499214,1919,9,111,0,111,111,0,52.929167,-131.905833
1976,25,Skincuttle Inlet,14,6159.686773757325,15035,11.714285714285714,98.42857142857144,11.2298659880646,76,110,0,52.30627292857143,-131.28513521428573
1977,1,Tasu Sound & Gowgaia Bay,0,0,NA,NA,NA,NA,NA,NA,NA,NA,NA
1977,2,Port Louis,3,74.99493268959998,1600,5.333333333333333,94,0,94,94,0,53.698889,-132.950833
1977,3,Rennell Sound,7,217.54709700951997,3016,5.285714285714286,96.14285714285714,1.0690449676496976,95,97,0,53.420039714285714,-132.62464285714287
1977,4,Cartwright Sound,1,50.694197898190005,1097,11,97,NA,97,97,0,53.146389,-132.359722
1977,5,Englefield Bay,5,831.1623886250998,7175,15.8,95,0,95,95,0,53.0075,-132.278333
1977,6,Louscoone Inlet,16,1252.1712088474596,11470,5.125,85.375,6.270300364947972,69,92,0,52.176305375,-131.24547462500001
1977,11,Masset Inlet,0,0,NA,NA,NA,NA,NA,NA,NA,NA,NA
1977,12,Naden Harbour,25,3305.1586991547124,12843,72.67999999999999,56.92,14.773061068489946,32,83,0,54.00767764,-132.60356632
1977,21,Juan Perez Sound,8,3977.5260835645,17824,8.375,90.25,1.035098339013531,88,91,0,52.44839025,-131.278051375
1977,22,Skidegate Inlet,9,730.825507362022,8775,15.22222222222222,131.11111111111111,19.153618747148307,112,172,0,53.225121666666666,-131.97182999999998
1977,23,Cumshewa Inlet,11,1820.4228929728113,13344,15.636363636363637,115.54545454545456,19.8764364832514,91,138,0,53.044694,-131.91123163636365
1977,24,Laskeek Bay,0,0,NA,NA,NA,NA,NA,NA,NA,NA,NA
1977,25,Skincuttle Inlet,8,8667.31258560479,19742,8.625,90.25,3.770183777256185,83,95,0,52.315278875,-131.29311
1978,1,Tasu Sound & Gowgaia Bay,1,58.23928792770299,2011,5,104,NA,104,104,0,52.820833,-132.061389
1978,2,Port Louis,0,0,NA,NA,NA,NA,NA,NA,NA,NA,NA
1978,3,Rennell Sound,14,374.018650750052,8499,4.357142857142857,97.85714285714286,1.875228923753981,95,99,0,53.46329371428571,-132.721627
1978,4,Cartwright Sound,0,0,NA,NA,NA,NA,NA,NA,NA,NA,NA
1978,5,Englefield Bay,4,399.715754629608,7129,9.25,90,0,90,90,0,53.0075,-132.278333
1978,6,Louscoone Inlet,11,502.085171504026,5578,14.727272727272728,81.81818181818181,8.829701940815234,76,104,0,52.17481290909091,-131.24110263636365
1978,11,Masset Inlet,0,0,NA,NA,NA,NA,NA,NA,NA,NA,NA
1978,12,Naden Harbour,20,9231.636174423216,11985,174.2,51.75,16.97947677577102,32,91,0,53.995,-132.616944
1978,21,Juan Perez Sound,19,3353.5205916128657,11333,20.157894736842103,107.47368421052632,3.949239322713954,93,114,0,52.43826552631579,-131.2946617368421
1978,22,Skidegate Inlet,13,604.7065274816939,14841,9.384615384615383,128,15.911211979816832,107,157,0,53.24256830769231,-131.9923396923077
1978,23,Cumshewa Inlet,11,2229.940360558605,13071,29.90909090909091,114.63636363636364,20.284342371754263,91,144,0,53.040437454545454,-131.91788272727274
1978,24,Laskeek Bay,1,60.81455281132,1645,6,109,NA,109,109,0,52.858611,-131.868056
1978,25,Skincuttle Inlet,20,10739.076392646546,18098,21.85,95.4,10.28233027039463,82,108,0,52.31020045,-131.2847065
1979,1,Tasu Sound & Gowgaia Bay,14,95.059097361,4345,11.5,105.57142857142856,4.972451580988469,102,112,0,52.813690214285714,-132.05656757142856
1979,2,Port Louis,3,12.762678807516425,247,16.666666666666668,91.33333333333331,4.618802153517006,86,94,0,53.698889,-132.950833
1979,3,Rennell Sound,13,286.4699924920614,2120,17.307692307692307,103.6153846153846,2.6311740579210876,99,105,0,53.36425215384615,-132.52403853846155
1979,4,Cartwright Sound,2,17.5534021666832,640,3,107,0,107,107,0,53.146389,-132.359722
1979,5,Englefield Bay,11,82.17558048439334,1004,11.545454545454543,88,0,88,88,0,53.000454636363635,-132.23083318181818
1979,6,Louscoone Inlet,9,457.0962315325767,3042,22.333333333333332,94.33333333333331,2.549509756796392,88,96,0,52.18056166666667,-131.2579428888889
1979,11,Masset Inlet,0,0,NA,NA,NA,NA,NA,NA,NA,NA,NA
1979,12,Naden Harbour,14,371.8342513266519,14428,30.5,63,25.016917352986436,35,100,0,54.008140142857144,-132.62782242857142
1979,21,Juan Perez Sound,16,1020.7661386324562,4278,16.1875,97.5,1.505545305418162,96,100,0,52.4288516875,-131.352878
1979,22,Skidegate Inlet,12,511.78765771,4435,20,128.83333333333334,3.761849963982502,124,133,0,53.225157333333335,-131.99644433333333
1979,23,Cumshewa Inlet,33,3028.025930086,9594,17.151515151515152,123.87878787878788,18.048125899517892,102,152,0,53.03706587878788,-131.9028316969697
1979,24,Laskeek Bay,16,494.37278201,4274,9.5,117.25,3.2761766334148303,105,119,0,52.82107625,-131.8394965625
1979,25,Skincuttle Inlet,19,9289.017722237448,16405,17.631578947368418,99.52631578947368,3.043543641010728,91,103,0,52.29061273684211,-131.25635400000002
1980,1,Tasu Sound & Gowgaia Bay,6,85.90243896,4320,5,101,0,101,101,0,52.8168515,-132.05087966666667
1980,2,Port Louis,12,720.8605159681181,5061,13.583333333333332,89,0,89,89,0,53.68932875,-132.97578683333333
1980,3,Rennell Sound,18,391.9621643282991,7989,5.666666666666667,100.83333333333331,10.467035087808382,90,111,0,53.435046166666666,-132.65726833333335
1980,4,Cartwright Sound,0,0,NA,NA,NA,NA,NA,NA,NA,NA,NA
1980,5,Englefield Bay,13,915.6592673939332,6471,6.846153846153846,87.53846153846153,3.8430756913220914,82,94,0,53.0075,-132.278333
1980,6,Louscoone Inlet,23,695.1668701736656,7009,25.043478260869566,82.6086956521739,4.356177749470313,80,99,0,52.17756752173913,-131.23689204347826
1980,11,Masset Inlet,0,0,NA,NA,NA,NA,NA,NA,NA,NA,NA
1980,12,Naden Harbour,12,1125.7664944368005,8642,42.41666666666667,52.25,21.329130741355076,33,86,0,54.01857925,-132.5924875
1980,21,Juan Perez Sound,92,11911.890077024498,25005,25.07608695652174,92.41304347826087,4.70013367570726,85,108,0,52.442626250000004,-131.30844082608695
1980,22,Skidegate Inlet,0,0,NA,NA,NA,NA,NA,NA,NA,NA,NA
1980,23,Cumshewa Inlet,0,0,NA,NA,NA,NA,NA,NA,NA,NA,NA
1980,24,Laskeek Bay,6,828.8930389292377,6418,15.666666666666668,107.83333333333331,4.4907311951024935,106,117,0,52.708889,-131.602222
1980,25,Skincuttle Inlet,38,17019.211917862795,30485,22.184210526315788,88.71052631578948,9.756239568927969,69,117,0,52.340286710526314,-131.31300781578946
1981,1,Tasu Sound & Gowgaia Bay,21,28.243946997393213,7152,7.285714285714286,84.33333333333333,7.164728420068226,77,91,0,52.6265210952381,-131.8236904285714
1981,2,Port Louis,29,1265.759583685183,15883,21.24137931034483,80.89655172413794,9.67450562629949,74,94,0,53.66373555172414,-132.92736575862068
1981,3,Rennell Sound,16,277.19305758676785,8966,9.3125,93.3125,0.47871355387816905,93,94,0,53.442881875,-132.6746525625
1981,4,Cartwright Sound,10,94.94262836447452,2239,8.4,96,0,96,96,0,53.1502401,-132.4220317
1981,5,Englefield Bay,3,145.03710558890754,3473,9.333333333333334,91,0,91,91,0,53.0075,-132.278333
1981,6,Louscoone Inlet,10,217.91677271155413,3749,52.6,75.6,11.749231653365442,62,86,0,52.1839667,-131.2679175
1981,11,Masset Inlet,0,0,NA,NA,NA,NA,NA,NA,NA,NA,NA
1981,12,Naden Harbour,8,544.2923097738638,5963,41.375,68.875,5.055054048036621,62,74,0,54.00778725,-132.621402
1981,21,Juan Perez Sound,84,8281.015170057117,23850,24.77380952380953,85.11904761904762,9.32338007106394,77,107,0,52.446236666666664,-131.409563
1981,22,Skidegate Inlet,31,125.86175582043492,2401,12.129032258064516,130.6451612903226,23.5478921733231,106,172,0,53.226477571428575,-131.99757817857142
1981,23,Cumshewa Inlet,26,1184.58246614,6521,15.769230769230768,125.65384615384616,36.072085947660206,91,176,0,53.03334384615385,-131.9015493076923
1981,24,Laskeek Bay,40,2444.1915807798505,14076,23.2,102.775,3.7036883902817337,97,106,0,52.819930875,-131.805222
1981,25,Skincuttle Inlet,71,6695.14567960233,26607,31,75.91549295774647,9.690564599316234,60,97,0,52.332648014084505,-131.29245830985914
1982,1,Tasu Sound & Gowgaia Bay,0,0,NA,NA,NA,NA,NA,NA,NA,NA,NA
1982,2,Port Louis,17,2262.136669247999,19652,20.941176470588236,78,12.404636230055278,64,92,0,53.68321882352941,-132.94552270588235
1982,3,Rennell Sound,15,1256.181478668,11107,11.8,94.86666666666666,17.324081780106255,78,118,0,53.39125913333333,-132.58051840000002
1982,4,Cartwright Sound,3,252.83140049999997,1645,5,97,0,97,97,0,53.164167,-132.461944
1982,5,Englefield Bay,10,1010.0897745250184,9842,27.3,95,0,95,95,0,53.0023334,-132.2434998
1982,6,Louscoone Inlet,12,590.9056640924999,6196,64.66666666666666,71.75,8.411301920630361,65,91,0,52.18907425,-131.28287941666667
1982,11,Masset Inlet,0,0,NA,NA,NA,NA,NA,NA,NA,NA,NA
1982,12,Naden Harbour,17,1139.0012185851176,11471,44.47058823529411,51.705882352941174,11.345509606681146,32,84,0,54.01533205882353,-132.60507735294118
1982,21,Juan Perez Sound,21,4676.4646098394,13162,23.19047619047619,81.95238095238095,5.9453863665550815,76,91,0,52.48580885714286,-131.42848490476192
1982,22,Skidegate Inlet,6,532.9502446939999,910,44.166666666666664,131.33333333333334,23.585306160121533,100,167,0,53.237051666666666,-132.00237033333335
1982,23,Cumshewa Inlet,5,328.8002336847391,2294,15.2,92,2.23606797749979,91,96,0,53.0520002,-131.85927800000002
1982,24,Laskeek Bay,8,1572.3985155436744,5603,20.625,94.875,0.3535533905932738,94,95,0,52.86917737500001,-131.815359875
1982,25,Skincuttle Inlet,54,14990.193091892204,34722,24.185185185185183,73.94444444444444,6.47904216851408,66,91,0,52.34469188888889,-131.30209851851853
1983,1,Tasu Sound & Gowgaia Bay,2,13.076162999999998,1000,21,91,0,91,91,0,52.820833,-132.061389
1983,2,Port Louis,17,1205.08267435,12650,31.235294117647054,67.70588235294117,7.7117175930718656,62,83,0,53.70236917647059,-132.96088211764706
1983,3,Rennell Sound,17,2015.3057599999995,9100,10.117647058823527,89.58823529411765,6.403698379934557,85,98,0,53.387304,-132.56302294117648
1983,4,Cartwright Sound,5,264.056331,1950,25.2,109,0,109,109,0,53.146389,-132.359722
1983,5,Englefield Bay,9,1371.7431107999998,7800,13.555555555555555,97,0,97,97,0,53.0075,-132.278333
1983,6,Louscoone Inlet,16,481.8488736205824,5123,28.5,73,0,73,73,0,52.170833,-131.229444
1983,11,Masset Inlet,0,0,NA,NA,NA,NA,NA,NA,NA,NA,NA
1983,12,Naden Harbour,5,21.160562999999996,585,28,97,0,97,97,0,53.995,-132.616944
1983,21,Juan Perez Sound,27,12393.11189428685,22964,21.96296296296296,85.25925925925925,9.37916099492172,73,102,0,52.451597444444445,-131.33897455555555
1983,22,Skidegate Inlet,12,102.99663635999998,1705,9.083333333333334,118.66666666666669,10.865569753151744,106,131,0,53.23074075,-132.0016435
1983,23,Cumshewa Inlet,20,758.7169049999999,6285,25.8,98.4,10.580020893422803,95,141,0,53.04392885,-131.8664127
1983,24,Laskeek Bay,41,2832.7627029161677,16416,16,96.04878048780488,1.8296341097634137,95,104,0,52.869811125000005,-131.94068165
1983,25,Skincuttle Inlet,17,3003.114559628381,5771,28.35294117647059,75.70588235294117,21.673038278822247,60,129,0,52.337062411764705,-131.28399152941176
1984,1,Tasu Sound & Gowgaia Bay,2,51.5870784,1760,7.5,98,0,98,98,0,52.820833,-132.061389
1984,2,Port Louis,16,1057.8156476117438,8750,18,67.5625,7.659144860883623,64,83,0,53.6797743125,-132.93807268749998
1984,3,Rennell Sound,1,581.1627999999998,5000,5,81,NA,81,81,0,53.402778,-132.654167
1984,4,Cartwright Sound,0,0,NA,NA,NA,NA,NA,NA,NA,NA,NA
1984,5,Englefield Bay,4,831.6179099999999,5350,11.25,97,0,97,97,0,53.0075,-132.278333
1984,6,Louscoone Inlet,3,325.1477501,2850,9,66,0,66,66,0,52.170833,-131.229444
1984,11,Masset Inlet,0,0,NA,NA,NA,NA,NA,NA,NA,NA,NA
1984,12,Naden Harbour,0,0,NA,NA,NA,NA,NA,NA,NA,NA,NA
1984,21,Juan Perez Sound,36,10104.203933843844,16670,17.444444444444443,89.05555555555556,7.7715394483220255,68,108,0,52.48025091666667,-131.36446408333333
1984,22,Skidegate Inlet,35,346.5482400366801,6860,11.371428571428572,124.6,10.833499244581729,96,135,0,53.2284663030303,-132.0097519090909
1984,23,Cumshewa Inlet,12,1234.630468621432,5560,14.583333333333332,108.66666666666669,26.50671727328869,85,145,0,53.04064541666667,-131.90244850000002
1984,24,Laskeek Bay,31,2448.3494891578466,11650,11.90322580645161,106.6774193548387,11.347208457807865,102,149,0,52.89549929032258,-131.84865387096775
1984,25,Skincuttle Inlet,32,8007.4560177124895,17770,40.46875,77.75,6.495656116751931,72,89,0,52.31480065625,-131.27232909375
1985,1,Tasu Sound & Gowgaia Bay,0,0,NA,NA,NA,NA,NA,NA,NA,NA,NA
1985,2,Port Louis,9,805.592289525,8600,24.444444444444443,78,0,78,78,0,53.698889,-132.950833
1985,3,Rennell Sound,4,431.497264,3800,10,94,0,94,94,0,53.344167,-132.472778
1985,4,Cartwright Sound,1,8.456489999999999,200,7,102,NA,102,102,0,53.164167,-132.461944
1985,5,Englefield Bay,3,473.78225339999995,8200,7.666666666666667,92.33333333333331,1.1547005383792517,91,93,0,53.0075,-132.278333
1985,6,Louscoone Inlet,2,342.95178325,4700,12.5,76,0,76,76,0,52.170833,-131.229444
1985,11,Masset Inlet,10,3056.8282185899993,5632,77.3,169,0,169,169,0,53.6786665,-132.5950553
1985,12,Naden Harbour,0,0,NA,NA,NA,NA,NA,NA,NA,NA,NA
1985,21,Juan Perez Sound,24,6098.803801247031,16305,24.041666666666664,92.125,3.779952840745618,83,96,0,52.474931625,-131.362363125
1985,22,Skidegate Inlet,11,60.15732924999999,1195,12.727272727272728,137.27272727272728,4.221158824088691,136,150,0,53.23566345454545,-132.00121218181818
1985,23,Cumshewa Inlet,11,902.8895427330916,4800,19.181818181818183,95,0,95,95,0,53.04553036363636,-131.79118681818184
1985,24,Laskeek Bay,3,1084.8644556,5250,30.666666666666664,105,0,105,105,0,52.859444,-131.793611
1985,25,Skincuttle Inlet,22,8802.551601637977,17670,23.181818181818183,90.27272727272728,0.984731927834662,89,91,0,52.29110663636364,-131.23560595454546
1986,1,Tasu Sound & Gowgaia Bay,0,0,NA,NA,NA,NA,NA,NA,NA,NA,NA
1986,2,Port Louis,5,305.5868295097499,5035,35.4,68,0,68,68,0,53.698889,-132.950833
1986,3,Rennell Sound,5,46.533255999999994,1500,9.4,100,5.522680508593631,95,106,0,53.3901664,-132.576722
1986,4,Cartwright Sound,0,0,NA,NA,NA,NA,NA,NA,NA,NA,NA
1986,5,Englefield Bay,6,331.60471199999995,5500,13.333333333333334,105,0,105,105,0,53.0075,-132.278333
1986,6,Louscoone Inlet,0,0,NA,NA,NA,NA,NA,NA,NA,NA,NA
1986,11,Masset Inlet,0,0,NA,NA,NA,NA,NA,NA,NA,NA,NA
1986,12,Naden Harbour,0,0,NA,NA,NA,NA,NA,NA,NA,NA,NA
1986,21,Juan Perez Sound,17,3138.233912337124,8786,22.64705882352941,96.29411764705884,0.4696682183138622,96,97,0,52.447588352941175,-131.2747254117647
1986,22,Skidegate Inlet,30,163.5067759455772,13395,22.166666666666664,126.66666666666669,9.980440641690068,107,141,0,53.2479491,-132.00011963333333
1986,23,Cumshewa Inlet,4,512.5545824170847,4975,8.25,118,0,118,118,0,53.059167,-131.847778
1986,24,Laskeek Bay,20,1820.5227854804664,4905,7.2,117.4,5.641948151779527,109,121,0,52.900556,-131.847222
1986,25,Skincuttle Inlet,2,207.81858320000003,1470,40,98.5,3.5355339059327378,96,101,0,52.328055500000005,-131.2770835
1987,1,Tasu Sound & Gowgaia Bay,0,0,NA,NA,NA,NA,NA,NA,NA,NA,NA
1987,2,Port Louis,6,854.9787694999999,7200,58,77,0,77,77,0,53.698889,-132.950833
1987,3,Rennell Sound,0,0,NA,NA,NA,NA,NA,NA,NA,NA,NA
1987,4,Cartwright Sound,0,0,NA,NA,NA,NA,NA,NA,NA,NA,NA
1987,5,Englefield Bay,4,133.936398,3700,4.75,98,0,98,98,0,53.0075,-132.278333
1987,6,Louscoone Inlet,4,158.74014225000002,2605,13,80.25,10.5,75,96,0,52.170833,-131.229444
1987,11,Masset Inlet,0,0,NA,NA,NA,NA,NA,NA,NA,NA,NA
1987,12,Naden Harbour,0,0,NA,NA,NA,NA,NA,NA,NA,NA,NA
1987,21,Juan Perez Sound,44,5167.676101428758,13730,18.09090909090909,102.8181818181818,3.8955712914928906,87,106,0,52.46634138636364,-131.36677122727272
1987,22,Skidegate Inlet,16,123.25619578989424,3615,17.6875,119,29.531903652377935,81,157,0,53.23175525,-132.005581875
1987,23,Cumshewa Inlet,7,1321.1533248945095,6400,9.142857142857142,104.85714285714286,5.756983337031395,92,108,0,52.99738071428572,-131.89611142857143
1987,24,Laskeek Bay,7,569.0780170225671,7125,5,108,0,108,108,0,52.87920628571429,-131.82317457142855
1987,25,Skincuttle Inlet,27,3533.1707592324774,14835,23.703703703703702,72.29629629629629,6.591456094619263,66,82,0,52.313940074074075,-131.27888122222222
1988,1,Tasu Sound & Gowgaia Bay,6,33.697026,3300,8,109,0,109,109,0,52.820833,-132.061389
1988,2,Port Louis,14,1822.0350172499996,15200,16.142857142857142,100.35714285714286,10.529132792525573,90,112,0,53.6595435,-132.92613085714285
1988,3,Rennell Sound,7,863.6422399999999,5400,6.714285714285714,104,0,104,104,0,53.33673714285714,-132.47548285714285
1988,4,Cartwright Sound,2,127.07296,1600,9,103,0,103,103,0,53.146389,-132.359722
1988,5,Englefield Bay,7,533.7126,9700,5.714285714285714,110,0,110,110,0,53.000119142857145,-132.22857128571428
1988,6,Louscoone Inlet,20,1096.3147798,12050,7.6,99.6,2.0104987598001385,98,102,0,52.2034998,-131.2843332
1988,11,Masset Inlet,0,0,NA,NA,NA,NA,NA,NA,NA,NA,NA
1988,12,Naden Harbour,0,0,NA,NA,NA,NA,NA,NA,NA,NA,NA
1988,21,Juan Perez Sound,11,7349.157036358256,11722,75.18181818181819,95.72727272727272,10.508005606116788,87,116,45.45454545454545,52.430487,-131.30541718181817
1988,22,Skidegate Inlet,3,2.3817928,450,2,120,0,120,120,0,53.217152,-132.0091853333333
1988,23,Cumshewa Inlet,0,0,NA,NA,NA,NA,NA,NA,NA,NA,NA
1988,24,Laskeek Bay,4,3456.5108316019705,17603,25.75,103,0,103,103,75,52.879375,-131.8188195
1988,25,Skincuttle Inlet,11,1728.675882790685,8853,46.36363636363636,92.54545454545456,3.5598774238346,87,95,9.090909090909092,52.34009109090909,-131.3133962727273
1989,1,Tasu Sound & Gowgaia Bay,0,0,NA,NA,NA,NA,NA,NA,NA,NA,NA
1989,2,Port Louis,17,424.0784819670624,6160,78.23529411764706,99.05882352941175,9.724136132809525,88,108,0,53.70740188235294,-132.96740170588234
1989,3,Rennell Sound,21,1358.1854395844664,8225,22.571428571428573,89.80952380952381,8.835264838243663,77,108,0,53.44384904761905,-132.67181233333335
1989,4,Cartwright Sound,0,0,NA,NA,NA,NA,NA,NA,NA,NA,NA
1989,5,Englefield Bay,10,936.655819992,14070,12.8,111,0,111,111,0,53.0049167,-132.2609164
1989,6,Louscoone Inlet,6,5117.678801636477,17490,33.5,102.66666666666669,0.5163977794943222,102,103,33.33333333333333,52.233142666666666,-131.32362066666667
1989,11,Masset Inlet,0,0,NA,NA,NA,NA,NA,NA,NA,NA,NA
1989,12,Naden Harbour,0,0,NA,NA,NA,NA,NA,NA,NA,NA,NA
1989,21,Juan Perez Sound,49,11632.325403487084,38545,27.87755102040816,108.6530612244898,4.427899334561117,100,111,20.40816326530612,52.502668612244896,-131.51888579591838
1989,22,Skidegate Inlet,0,0,NA,NA,NA,NA,NA,NA,NA,NA,NA
1989,23,Cumshewa Inlet,5,111.9405148,1140,48.2,107.6,8.763560920082657,98,114,0,53.033493400000005,-131.9345428
1989,24,Laskeek Bay,27,3263.8066941317293,11075,13,118.51851851851852,4.940961992679706,107,121,3.7037037037037033,52.87441392592593,-131.92347714814815
1989,25,Skincuttle Inlet,3,3511.9332301352415,17590,54,81.66666666666667,11.547005383792516,75,95,100,52.293359333333335,-131.25916666666666
1990,1,Tasu Sound & Gowgaia Bay,0,0,NA,NA,NA,NA,NA,NA,NA,NA,NA
1990,2,Port Louis,8,6362.144989157031,17450,30.5,78,0,78,78,75,53.69177075,-132.96461825
1990,3,Rennell Sound,3,2136.1501036643645,9570,38.333333333333336,83.33333333333333,1.1547005383792517,82,84,66.66666666666666,53.33527766666666,-132.460926
1990,4,Cartwright Sound,0,0,NA,NA,NA,NA,NA,NA,NA,NA,NA
1990,5,Englefield Bay,8,558.7693705619998,11590,7.625,95,0,95,95,0,53.0075,-132.278333
1990,6,Louscoone Inlet,2,1958.6171147885652,9200,67,96,0,96,96,100,52.194428,-131.237528
1990,11,Masset Inlet,0,0,NA,NA,NA,NA,NA,NA,NA,NA,NA
1990,12,Naden Harbour,0,0,NA,NA,NA,NA,NA,NA,NA,NA,NA
1990,21,Juan Perez Sound,8,15617.128129212895,32090,80,94,0,94,94,100,52.429482375,-131.33713225
1990,22,Skidegate Inlet,0,0,NA,NA,NA,NA,NA,NA,NA,NA,NA
1990,23,Cumshewa Inlet,3,441.6775023809052,3000,8.666666666666666,93,0,93,93,0,53.023333,-131.905278
1990,24,Laskeek Bay,4,6049.542757763825,13860,60.25,98,0,98,98,100,52.89409725,-131.8379165
1990,25,Skincuttle Inlet,2,1336.665427035393,8380,37,97,0,97,97,100,52.3885835,-131.28528649999998
1991,1,Tasu Sound & Gowgaia Bay,0,0,NA,NA,NA,NA,NA,NA,NA,NA,NA
1991,2,Port Louis,1,1947.447319175737,3900,66,80,NA,80,80,100,53.759722,-133.013333
1991,3,Rennell Sound,1,682.4296524958922,3600,38,94,NA,94,94,100,53.344722,-132.511944
1991,4,Cartwright Sound,0,0,NA,NA,NA,NA,NA,NA,NA,NA,NA
1991,5,Englefield Bay,12,355.53017429999994,5050,13.916666666666668,115,0,115,115,0,53.0075,-132.278333
1991,6,Louscoone Inlet,3,772.7205298432127,10050,26,85,0,85,85,100,52.186563,-131.23483333333334
1991,11,Masset Inlet,0,0,NA,NA,NA,NA,NA,NA,NA,NA,NA
1991,12,Naden Harbour,0,0,NA,NA,NA,NA,NA,NA,NA,NA,NA
1991,21,Juan Perez Sound,5,11668.145044001056,15790,84.2,97,0,97,97,100,52.4407104,-131.306014
1991,22,Skidegate Inlet,0,0,NA,NA,NA,NA,NA,NA,NA,NA,NA
1991,23,Cumshewa Inlet,1,282.68837999999994,3600,10,91,NA,91,91,0,53.059167,-131.847778
1991,24,Laskeek Bay,6,2586.507950909369,21420,31,104,0,104,104,100,52.86426316666667,-131.81914033333334
1991,25,Skincuttle Inlet,2,894.0162901140925,4650,31.5,90,0,90,90,100,52.2674,-131.2525
1992,1,Tasu Sound & Gowgaia Bay,1,60.49163834007862,900,14,103,NA,103,103,100,52.820833,-132.061389
1992,2,Port Louis,3,1087.5486115860576,4000,22.666666666666668,87.66666666666667,2.8867513459481287,86,91,100,53.73944433333333,-132.99249966666665
1992,3,Rennell Sound,1,2158.826867831178,6300,59,96,NA,96,96,100,53.344722,-132.511944
1992,4,Cartwright Sound,0,0,NA,NA,NA,NA,NA,NA,NA,NA,NA
1992,5,Englefield Bay,2,602.4121525881321,4020,40.5,97,0,97,97,100,53.0075,-132.278333
1992,6,Louscoone Inlet,3,999.7116003001108,9250,28.333333333333332,100,0,100,100,100,52.186563,-131.23483333333334
1992,11,Masset Inlet,0,0,NA,NA,NA,NA,NA,NA,NA,NA,NA
1992,12,Naden Harbour,0,0,NA,NA,NA,NA,NA,NA,NA,NA,NA
1992,21,Juan Perez Sound,5,4897.745298685575,14890,63.6,98,4.301162633521313,94,103,100,52.4407104,-131.306014
1992,22,Skidegate Inlet,0,0,NA,NA,NA,NA,NA,NA,NA,NA,NA
1992,23,Cumshewa Inlet,1,657.3166964313301,3800,84,107,NA,107,107,100,53.046111,-131.748889
1992,24,Laskeek Bay,2,2360.264176723668,9000,46,107.5,2.1213203435596424,106,109,100,52.869867,-131.783155
1992,25,Skincuttle Inlet,3,2152.7618750138154,8900,83,92.33333333333331,1.5275252316519468,91,94,100,52.385722333333334,-131.28639466666667
1993,1,Tasu Sound & Gowgaia Bay,2,23.68631859142009,2000,5,92,0,92,92,100,52.820833,-132.061389
1993,2,Port Louis,2,49.82291680239408,4250,6.5,81.5,7.7781745930520225,76,87,100,53.678332999999995,-132.9480555
1993,3,Rennell Sound,1,14.810170836664708,400,83,87,NA,87,87,100,53.344722,-132.511944
1993,4,Cartwright Sound,0,0,NA,NA,NA,NA,NA,NA,NA,NA,NA
1993,5,Englefield Bay,1,0.6126731999999999,15,5,92,NA,92,92,0,53.0075,-132.278333
1993,6,Louscoone Inlet,3,277.6629439951172,3651,50.33333333333333,70,0,70,70,33.33333333333333,52.179155333333334,-131.23910733333332
1993,11,Masset Inlet,0,0,NA,NA,NA,NA,NA,NA,NA,NA,NA
1993,12,Naden Harbour,0,0,NA,NA,NA,NA,NA,NA,NA,NA,NA
1993,21,Juan Perez Sound,4,639.4632976318195,4850,37.75,88,0,88,88,100,52.432178750000006,-131.322785
1993,22,Skidegate Inlet,0,0,NA,NA,NA,NA,NA,NA,NA,NA,NA
1993,23,Cumshewa Inlet,1,73.00688232887865,1000,50,106,NA,106,106,0,53.059167,-131.847778
1993,24,Laskeek Bay,4,1512.2112194845322,16400,30,107,0,107,107,100,52.89520875,-131.93312475
1993,25,Skincuttle Inlet,9,4127.3830863566545,22050,50.333333333333336,94.66666666666669,14.551632210855248,83,114,100,52.339233666666665,-131.25254677777778
1994,1,Tasu Sound & Gowgaia Bay,0,0,NA,NA,NA,NA,NA,NA,NA,NA,NA
1994,2,Port Louis,2,173.78028276674968,3020,20.5,98,2.8284271247461903,96,100,100,53.6426385,-132.919028
1994,3,Rennell Sound,1,16.578963124080154,1260,NA,93,NA,93,93,100,53.344722,-132.511944
1994,4,Cartwright Sound,0,0,NA,NA,NA,NA,NA,NA,NA,NA,NA
1994,5,Englefield Bay,1,57.87771584849772,1170,20,100,NA,100,100,100,53.0075,-132.278333
1994,6,Louscoone Inlet,5,67.03523355254471,1700,6.6,70.6,2.1908902300206643,69,73,0,52.1952512,-131.241498
1994,11,Masset Inlet,0,0,NA,NA,NA,NA,NA,NA,NA,NA,NA
1994,12,Naden Harbour,0,0,NA,NA,NA,NA,NA,NA,NA,NA,NA
1994,21,Juan Perez Sound,6,5231.242713252048,12390,55,90,NA,90,90,100,52.43758266666667,-131.31718766666663
1994,22,Skidegate Inlet,0,0,NA,NA,NA,NA,NA,NA,NA,NA,NA
1994,23,Cumshewa Inlet,2,594.0205626941673,5770,12.5,NA,NA,NA,NA,100,53.030833,-131.89166699999998
1994,24,Laskeek Bay,2,2379.121239525683,7160,40.5,NA,NA,NA,NA,100,52.88375,-131.8319445
1994,25,Skincuttle Inlet,11,4548.466450991007,13560,45,81.8,1.7888543819998317,80,84,72.72727272727273,52.30818063636364,-131.2602070909091
1995,1,Tasu Sound & Gowgaia Bay,0,0,NA,NA,NA,NA,NA,NA,NA,NA,NA
1995,2,Port Louis,0,0,NA,NA,NA,NA,NA,NA,NA,NA,NA
1995,3,Rennell Sound,0,0,NA,NA,NA,NA,NA,NA,NA,NA,NA
1995,4,Cartwright Sound,0,0,NA,NA,NA,NA,NA,NA,NA,NA,NA
1995,5,Englefield Bay,0,0,NA,NA,NA,NA,NA,NA,NA,NA,NA
1995,6,Louscoone Inlet,0,0,NA,NA,NA,NA,NA,NA,NA,NA,NA
1995,11,Masset Inlet,0,0,NA,NA,NA,NA,NA,NA,NA,NA,NA
1995,12,Naden Harbour,0,0,NA,NA,NA,NA,NA,NA,NA,NA,NA
1995,21,Juan Perez Sound,3,1163.367351880966,4465,86.66666666666667,100,0,100,100,100,52.4075,-131.36416666666668
1995,22,Skidegate Inlet,0,0,NA,NA,NA,NA,NA,NA,NA,NA,NA
1995,23,Cumshewa Inlet,1,49.63129494004929,3580,11,115,NA,115,115,100,53.038333,-131.878056
1995,24,Laskeek Bay,2,107.68998987524174,2100,7.5,115,0,115,115,0,52.883056,-131.794722
1995,25,Skincuttle Inlet,7,3380.015594555047,12925,94.42857142857144,80.28571428571429,13.524228699070491,72,102,85.71428571428571,52.31792357142857,-131.26330557142856
1996,1,Tasu Sound & Gowgaia Bay,0,0,NA,NA,NA,NA,NA,NA,NA,NA,NA
1996,2,Port Louis,1,0,400,50,90,NA,90,90,0,53.698889,-132.950833
1996,3,Rennell Sound,1,0,0,NA,94,NA,94,94,0,53.344167,-132.472778
1996,4,Cartwright Sound,0,0,NA,NA,NA,NA,NA,NA,NA,NA,NA
1996,5,Englefield Bay,1,0,0,NA,100,NA,100,100,0,52.975,-132.355556
1996,6,Louscoone Inlet,3,125.26710667795604,1085,33.333333333333336,77.33333333333333,15.01110699893027,60,86,33.33333333333333,52.180914666666666,-131.229185
1996,11,Masset Inlet,1,0,0,NA,NA,NA,NA,NA,0,53.660278,-132.528889
1996,12,Naden Harbour,0,0,NA,NA,NA,NA,NA,NA,NA,NA,NA
1996,21,Juan Perez Sound,4,920.1088617421368,8965,49,106.25,0.5,106,107,100,52.43919325,-131.3227355
1996,22,Skidegate Inlet,7,0,0,NA,NA,NA,NA,NA,0,53.23829214285714,-131.99271042857143
1996,23,Cumshewa Inlet,0,0,NA,NA,NA,NA,NA,NA,NA,NA,NA
1996,24,Laskeek Bay,3,698.2268226775734,5850,37.666666666666664,111,5.196152422706632,108,117,100,52.87768533333333,-131.802037
1996,25,Skincuttle Inlet,6,5630.7539292859055,9675,125.25,91.16666666666669,2.0412414523193148,89,93,100,52.33655433333333,-131.29590933333333
1997,1,Tasu Sound & Gowgaia Bay,0,0,NA,NA,NA,NA,NA,NA,NA,NA,NA
1997,2,Port Louis,0,0,NA,NA,NA,NA,NA,NA,NA,NA,NA
1997,3,Rennell Sound,1,0,6400,NA,NA,NA,NA,NA,0,53.402778,-132.654167
1997,4,Cartwright Sound,0,0,NA,NA,NA,NA,NA,NA,NA,NA,NA
1997,5,Englefield Bay,0,0,NA,NA,NA,NA,NA,NA,NA,NA,NA
1997,6,Louscoone Inlet,1,52.298937051549366,1450,19,88,NA,88,88,100,52.1958,-131.237
1997,11,Masset Inlet,0,0,NA,NA,NA,NA,NA,NA,NA,NA,NA
1997,12,Naden Harbour,0,0,NA,NA,NA,NA,NA,NA,NA,NA,NA
1997,21,Juan Perez Sound,6,5483.627704406078,14200,65.16666666666667,96,3.9496835316263,91,100,100,52.42603616666667,-131.33682366666667
1997,22,Skidegate Inlet,0,0,NA,NA,NA,NA,NA,NA,NA,NA,NA
1997,23,Cumshewa Inlet,0,0,NA,NA,NA,NA,NA,NA,NA,NA,NA
1997,24,Laskeek Bay,2,1240.9561139751622,4900,34.5,101.5,0.7071067811865476,101,102,100,52.8915105,-131.8680865
1997,25,Skincuttle Inlet,8,4000.7240095663665,15860,74.25,84,15.156328239856965,65,99,100,52.313179,-131.26232975
1998,1,Tasu Sound & Gowgaia Bay,0,0,NA,NA,NA,NA,NA,NA,NA,NA,NA
1998,2,Port Louis,2,150.7119907962611,2100,30,90,0,90,90,100,53.7,-132.9556945
1998,3,Rennell Sound,1,69.01940101660176,1750,8,93,NA,93,93,100,53.4875,-132.748611
1998,4,Cartwright Sound,0,0,NA,NA,NA,NA,NA,NA,NA,NA,NA
1998,5,Englefield Bay,2,249.1773789305767,4550,18.5,94,0,94,94,100,53.00875,-132.2651385
1998,6,Louscoone Inlet,7,0,1825,30,NA,NA,NA,NA,0,52.19181128571429,-131.2351827142857
1998,11,Masset Inlet,0,0,NA,NA,NA,NA,NA,NA,NA,NA,NA
1998,12,Naden Harbour,0,0,NA,NA,NA,NA,NA,NA,NA,NA,NA
1998,21,Juan Perez Sound,13,6472.393153281882,25200,86,75.6923076923077,4.888500373062877,71,90,100,52.45994838461539,-131.42932223076923
1998,22,Skidegate Inlet,0,0,NA,NA,NA,NA,NA,NA,NA,NA,NA
1998,23,Cumshewa Inlet,0,0,NA,NA,NA,NA,NA,NA,NA,NA,NA
1998,24,Laskeek Bay,2,3900.847277141563,11050,56,82,0,82,82,100,52.88375,-131.8319445
1998,25,Skincuttle Inlet,8,10248.546921099654,22100,91.875,73.625,2.5035688811888406,70,77,100,52.314784625,-131.252916625
1999,1,Tasu Sound & Gowgaia Bay,0,0,NA,NA,NA,NA,NA,NA,NA,NA,NA
1999,2,Port Louis,0,0,NA,NA,NA,NA,NA,NA,NA,NA,NA
1999,3,Rennell Sound,1,0,1400,NA,NA,NA,NA,NA,0,53.301944,-132.4325
1999,4,Cartwright Sound,0,0,NA,NA,NA,NA,NA,NA,NA,NA,NA
1999,5,Englefield Bay,0,0,NA,NA,NA,NA,NA,NA,NA,NA,NA
1999,6,Louscoone Inlet,2,43.64512230926952,1400,16.5,57,0,57,57,100,52.1833165,-131.233222
1999,11,Masset Inlet,0,0,NA,NA,NA,NA,NA,NA,NA,NA,NA
1999,12,Naden Harbour,0,0,NA,NA,NA,NA,NA,NA,NA,NA,NA
1999,21,Juan Perez Sound,7,4239.254225085896,16880,49.285714285714285,73.28571428571429,15.380878667079736,57,87,100,52.44440242857143,-131.41862771428572
1999,22,Skidegate Inlet,0,0,NA,NA,NA,NA,NA,NA,NA,NA,NA
1999,23,Cumshewa Inlet,0,0,NA,NA,NA,NA,NA,NA,NA,NA,NA
1999,24,Laskeek Bay,2,837.0936929258644,4200,49,98,0,98,98,100,52.88375,-131.8319445
1999,25,Skincuttle Inlet,16,3851.029979721042,22050,54,77.9375,10.655006647894062,54,86,68.75,52.3206698125,-131.283805
2000,1,Tasu Sound & Gowgaia Bay,0,0,NA,NA,NA,NA,NA,NA,NA,NA,NA
2000,2,Port Louis,0,0,NA,NA,NA,NA,NA,NA,NA,NA,NA
2000,3,Rennell Sound,2,288.3871168681485,3400,41.5,91,2.8284271247461903,89,93,100,53.325417,-132.574861
2000,4,Cartwright Sound,0,0,NA,NA,NA,NA,NA,NA,NA,NA,NA
2000,5,Englefield Bay,0,0,NA,NA,NA,NA,NA,NA,NA,NA,NA
2000,6,Louscoone Inlet,0,0,NA,NA,NA,NA,NA,NA,NA,NA,NA
2000,11,Masset Inlet,0,0,NA,NA,NA,NA,NA,NA,NA,NA,NA
2000,12,Naden Harbour,0,0,NA,NA,NA,NA,NA,NA,NA,NA,NA
2000,21,Juan Perez Sound,13,3772.1431560627702,16075,88.72727272727273,86.07692307692308,8.460314596805668,67,93,100,52.50307569230769,-131.50652476923077
2000,22,Skidegate Inlet,0,0,NA,NA,NA,NA,NA,NA,NA,NA,NA
2000,23,Cumshewa Inlet,0,0,NA,NA,NA,NA,NA,NA,NA,NA,NA
2000,24,Laskeek Bay,3,743.3775128786328,6700,41.666666666666664,89.33333333333333,18.475208614068023,68,100,100,52.889352,-131.83703699999998
2000,25,Skincuttle Inlet,4,825.4920740415428,4500,105.66666666666669,75.75,13.889444433333775,59,93,75,52.28753825,-131.26663050000002
2001,1,Tasu Sound & Gowgaia Bay,0,0,NA,NA,NA,NA,NA,NA,NA,NA,NA
2001,2,Port Louis,2,34.578687395026776,900,10,80,0,80,80,100,53.6479165,-132.9168055
2001,3,Rennell Sound,1,0,800,NA,80,NA,80,80,100,53.4875,-132.748611
2001,4,Cartwright Sound,0,0,NA,NA,NA,NA,NA,NA,NA,NA,NA
2001,5,Englefield Bay,0,0,NA,NA,NA,NA,NA,NA,NA,NA,NA
2001,6,Louscoone Inlet,2,254.78340904174863,1750,29.5,58,0,58,58,100,52.194428,-131.237528
2001,11,Masset Inlet,0,0,NA,NA,NA,NA,NA,NA,NA,NA,NA
2001,12,Naden Harbour,0,0,NA,NA,NA,NA,NA,NA,NA,NA,NA
2001,21,Juan Perez Sound,17,10393.070958650367,23375,53.86666666666667,88.94117647058823,10.802028676568664,63,98,100,52.52253088235294,-131.52769164705882
2001,22,Skidegate Inlet,0,0,NA,NA,NA,NA,NA,NA,NA,NA,NA
2001,23,Cumshewa Inlet,0,0,NA,NA,NA,NA,NA,NA,NA,NA,NA
2001,24,Laskeek Bay,3,1335.0071402550177,5050,42.333333333333336,97,24.24871130596428,69,111,100,52.889352,-131.83703699999998
2001,25,Skincuttle Inlet,7,1875.704980267305,9650,77.5,67.42857142857143,8.772250620700536,60,86,100,52.30462128571428,-131.27382371428573
2002,1,Tasu Sound & Gowgaia Bay,0,0,NA,NA,NA,NA,NA,NA,NA,NA,NA
2002,2,Port Louis,0,0,NA,NA,NA,NA,NA,NA,NA,NA,NA
2002,3,Rennell Sound,1,149.2785862550087,1150,15,77,NA,77,77,100,53.306667,-132.676944
2002,4,Cartwright Sound,0,0,NA,NA,NA,NA,NA,NA,NA,NA,NA
2002,5,Englefield Bay,0,0,NA,NA,NA,NA,NA,NA,NA,NA,NA
2002,6,Louscoone Inlet,2,99.63926865574248,1300,22,61,0,61,61,50,52.194428,-131.237528
2002,11,Masset Inlet,0,0,NA,NA,NA,NA,NA,NA,NA,NA,NA
2002,12,Naden Harbour,0,0,NA,NA,NA,NA,NA,NA,NA,NA,NA
2002,21,Juan Perez Sound,7,915.133095703564,5800,51.333333333333336,86.85714285714286,11.866318882009022,72,109,42.857142857142854,52.446971857142856,-131.42939842857143
2002,22,Skidegate Inlet,0,0,NA,NA,NA,NA,NA,NA,NA,NA,NA
2002,23,Cumshewa Inlet,0,0,NA,NA,NA,NA,NA,NA,NA,NA,NA
2002,24,Laskeek Bay,5,891.7736697833682,5550,56,83.8,24.772969139770066,52,109,80,52.8270734,-131.784076
2002,25,Skincuttle Inlet,2,379.0343800958184,3000,48,56,0,56,56,100,52.2674,-131.2525
2003,1,Tasu Sound & Gowgaia Bay,0,0,NA,NA,NA,NA,NA,NA,NA,NA,NA
2003,2,Port Louis,2,283.2324,2000,62.5,92,0,92,92,0,53.759722,-133.013333
2003,3,Rennell Sound,8,1078.6714894924105,7600,13.125,89,4.140393356054125,79,91,0,53.375659625,-132.59173575
2003,4,Cartwright Sound,4,100.0471401339845,460,6.25,107,0,107,107,0,53.16046125,-132.54105175
2003,5,Englefield Bay,0,0,NA,NA,NA,NA,NA,NA,NA,NA,NA
2003,6,Louscoone Inlet,0,0,NA,NA,NA,NA,NA,NA,NA,NA,NA
2003,11,Masset Inlet,0,0,NA,NA,NA,NA,NA,NA,NA,NA,NA
2003,12,Naden Harbour,0,0,NA,NA,NA,NA,NA,NA,NA,NA,NA
2003,21,Juan Perez Sound,5,1226.419168186715,4900,62.4,98.4,5.366563145999495,90,105,100,52.4647748,-131.45685360000002
2003,22,Skidegate Inlet,0,0,NA,NA,NA,NA,NA,NA,NA,NA,NA
2003,23,Cumshewa Inlet,0,0,NA,NA,NA,NA,NA,NA,NA,NA,NA
2003,24,Laskeek Bay,7,1082.5921903461392,5490,29.333333333333332,87.16666666666667,19.35372487834491,64,111,50,52.86694942857143,-131.78044242857143
2003,25,Skincuttle Inlet,6,4992.699189482267,8200,88.66666666666667,87.5,16.93221781102523,53,96,83.33333333333334,52.304625333333334,-131.264735
2004,1,Tasu Sound & Gowgaia Bay,0,0,NA,NA,NA,NA,NA,NA,NA,NA,NA
2004,2,Port Louis,1,699.8409948782136,6600,31,86,NA,86,86,100,53.698889,-132.950833
2004,3,Rennell Sound,5,2284.867622236588,19800,27.8,89.6,0.8944271909999159,88,90,100,53.357,-132.5685554
2004,4,Cartwright Sound,0,0,NA,NA,NA,NA,NA,NA,NA,NA,NA
2004,5,Englefield Bay,2,10.938091338,576,1.5,92,0,92,92,0,53.0413,-132.34195
2004,6,Louscoone Inlet,0,0,NA,NA,NA,NA,NA,NA,NA,NA,NA
2004,11,Masset Inlet,0,0,NA,NA,NA,NA,NA,NA,NA,NA,NA
2004,12,Naden Harbour,0,0,NA,NA,NA,NA,NA,NA,NA,NA,NA
2004,21,Juan Perez Sound,7,2245.0203723010013,12600,27.285714285714285,88.57142857142857,6.4770657671804575,74,92,100,52.46724871428572,-131.44978857142857
2004,22,Skidegate Inlet,1,150.79167709202343,2000,52,74,NA,74,74,100,53.251111,-132.058611
2004,23,Cumshewa Inlet,0,0,NA,NA,NA,NA,NA,NA,NA,NA,NA
2004,24,Laskeek Bay,9,1632.4867502421496,11400,27.22222222222222,50.55555555555556,25.632553087388267,34,91,44.44444444444444,52.904348222222225,-131.86800055555554
2004,25,Skincuttle Inlet,13,1028.6627208,7375,24.615384615384617,71.07692307692308,21.46882056402392,45,88,0,52.276111,-131.265556
2005,1,Tasu Sound & Gowgaia Bay,0,0,NA,NA,NA,NA,NA,NA,NA,NA,NA
2005,2,Port Louis,2,22.62238992884491,1020,49,83.5,7.7781745930520225,78,89,100,53.639722,-132.9381945
2005,3,Rennell Sound,12,552.4677540342622,7175,27.25,84.25,10.24362329363093,76,97,41.66666666666667,53.338055749999995,-132.631759
2005,4,Cartwright Sound,0,0,NA,NA,NA,NA,NA,NA,NA,NA,NA
2005,5,Englefield Bay,0,0,NA,NA,NA,NA,NA,NA,NA,NA,NA
2005,6,Louscoone Inlet,2,503.053854133335,2000,41,72,0,72,72,100,52.1833165,-131.243939
2005,11,Masset Inlet,0,0,NA,NA,NA,NA,NA,NA,NA,NA,NA
2005,12,Naden Harbour,5,159.32931808221963,4000,16,94,0,94,94,0,53.995,-132.616944
2005,21,Juan Perez Sound,4,1111.18422968477,8450,75.5,91.5,7.895146188218008,82,98,100,52.4555555,-131.43993025
2005,22,Skidegate Inlet,0,0,NA,NA,NA,NA,NA,NA,NA,NA,NA
2005,23,Cumshewa Inlet,0,0,NA,NA,NA,NA,NA,NA,NA,NA,NA
2005,24,Laskeek Bay,8,791.5813168243874,8300,21.75,73.625,21.00977663578826,57,107,50,52.873264250000005,-131.80506925
2005,25,Skincuttle Inlet,10,1207.9825797928625,3630,29.6,49.6,11.384199576606166,46,82,10,52.325278,-131.316944
2006,1,Tasu Sound & Gowgaia Bay,0,0,NA,NA,NA,NA,NA,NA,NA,NA,NA
2006,2,Port Louis,12,925.44685591875,7350,17.666666666666668,93.25,1.5447859516333116,92,95,0,53.65641191666667,-132.92247675
2006,3,Rennell Sound,10,231.0180481517901,8200,20.5,91.1,4.094712037087183,88,97,0,53.3295,-132.577944
2006,4,Cartwright Sound,3,589.17467525,3100,16.666666666666668,97,0,97,97,0,53.159226,-132.567421
2006,5,Englefield Bay,2,82.5428664,2900,8,97,0,97,97,0,53.0075,-132.278333
2006,6,Louscoone Inlet,0,0,NA,NA,NA,NA,NA,NA,NA,NA,NA
2006,11,Masset Inlet,0,0,NA,NA,NA,NA,NA,NA,NA,NA,NA
2006,12,Naden Harbour,0,0,NA,NA,NA,NA,NA,NA,NA,NA,NA
2006,21,Juan Perez Sound,17,1800.8470191199997,9520,35,89.17647058823529,3.358483551352587,86,94,0,52.467774647058825,-131.40901070588237
2006,22,Skidegate Inlet,0,0,NA,NA,NA,NA,NA,NA,NA,NA,NA
2006,23,Cumshewa Inlet,0,0,NA,NA,NA,NA,NA,NA,NA,NA,NA
2006,24,Laskeek Bay,19,1123.1304022772906,17100,16.894736842105264,87.78947368421052,13.306552050977746,60,98,0,52.831228,-131.74080394736842
2006,25,Skincuttle Inlet,10,1173.1325288166302,3750,30.8,75.5,14.230249470757707,62,89,0,52.296339,-131.277472
2007,1,Tasu Sound & Gowgaia Bay,0,0,NA,NA,NA,NA,NA,NA,NA,NA,NA
2007,2,Port Louis,14,511.296466228782,5060,10.071428571428571,96.85714285714286,5.894680037733409,87,106,0,53.66958307142857,-132.94075407142856
2007,3,Rennell Sound,18,718.914329513,5602,8.722222222222221,80.44444444444444,15.263267024508156,62,94,0,53.38638883333333,-132.61850294444446
2007,4,Cartwright Sound,4,178.915760625,1300,16.25,94,0,94,94,0,53.159226,-132.567421
2007,5,Englefield Bay,6,59.56764007499999,650,12.333333333333334,89,0,89,89,0,53.01,-132.251944
2007,6,Louscoone Inlet,1,101.87908799999998,800,4,70,NA,70,70,0,52.1958,-131.258434
2007,11,Masset Inlet,0,0,NA,NA,NA,NA,NA,NA,NA,NA,NA
2007,12,Naden Harbour,0,0,NA,NA,NA,NA,NA,NA,NA,NA,NA
2007,21,Juan Perez Sound,20,3290.7174543735,11203,20.55,90.2,0.6155870112510923,90,92,0,52.41303225,-131.40633985
2007,22,Skidegate Inlet,0,0,NA,NA,NA,NA,NA,NA,NA,NA,NA
2007,23,Cumshewa Inlet,0,0,NA,NA,NA,NA,NA,NA,NA,NA,NA
2007,24,Laskeek Bay,9,1552.3076773626997,9250,19.88888888888889,91.55555555555556,16.233538670843696,49,98,11.11111111111111,52.74435177777778,-131.62577155555556
2007,25,Skincuttle Inlet,22,4491.2112809114315,11230,18.272727272727273,80.45454545454545,11.599373023808424,65,89,9.090909090909092,52.318265181818184,-131.3045095
2008,1,Tasu Sound & Gowgaia Bay,0,0,NA,NA,NA,NA,NA,NA,NA,NA,NA
2008,2,Port Louis,16,1009.719614175,7950,20.625,86.5625,1.75,85,90,0,53.653610875,-132.93185768749998
2008,3,Rennell Sound,14,598.7280889499999,4200,22.142857142857142,85.85714285714286,6.162631092157145,79,91,0,53.35404764285714,-132.6130355
2008,4,Cartwright Sound,5,203.43586199999996,2150,12.2,96,0,96,96,0,53.1612024,-132.52523019999998
2008,5,Englefield Bay,4,187.721658,1650,13.75,100,0,100,100,0,53.01,-132.251944
2008,6,Louscoone Inlet,0,0,NA,NA,NA,NA,NA,NA,NA,NA,NA
2008,11,Masset Inlet,0,0,NA,NA,NA,NA,NA,NA,NA,NA,NA
2008,12,Naden Harbour,0,0,NA,NA,NA,NA,NA,NA,NA,NA,NA
2008,21,Juan Perez Sound,8,1830.4169227536593,10490,36.375,103.875,3.181980515339464,96,105,100,52.416493125,-131.393715375
2008,22,Skidegate Inlet,0,0,NA,NA,NA,NA,NA,NA,NA,NA,NA
2008,23,Cumshewa Inlet,0,0,NA,NA,NA,NA,NA,NA,NA,NA,NA
2008,24,Laskeek Bay,6,1047.4003526609256,8560,30.666666666666668,92,10.788883167408942,78,105,100,52.910093,-131.866759
2008,25,Skincuttle Inlet,4,1335.339789753555,4720,76.5,91.25,16.00781059358212,75,105,100,52.31515875,-131.28708475000002
2009,1,Tasu Sound & Gowgaia Bay,0,0,NA,NA,NA,NA,NA,NA,NA,NA,NA
2009,2,Port Louis,22,2758.6778586438913,22765,17.136363636363637,84.63636363636364,8.214652730366604,82,110,9.090909090909092,53.68993677272727,-132.949558
2009,3,Rennell Sound,7,61.59063790989803,2436,12.833333333333334,87.16666666666667,5.307227776030219,85,98,0,53.35833357142857,-132.6974202857143
2009,4,Cartwright Sound,5,42.84078651571644,1058,13.6,97.4,7.602631123499285,94,111,0,53.159226,-132.567421
2009,5,Englefield Bay,3,7.677843050944438,686,16.666666666666668,97,0,97,97,0,53.0075,-132.278333
2009,6,Louscoone Inlet,0,0,NA,NA,NA,NA,NA,NA,NA,NA,NA
2009,11,Masset Inlet,0,0,NA,NA,NA,NA,NA,NA,NA,NA,NA
2009,12,Naden Harbour,0,0,NA,NA,NA,NA,NA,NA,NA,NA,NA
2009,21,Juan Perez Sound,14,3422.8056929158547,25755,33.1,103.71428571428572,8.570329599878258,92,113,57.14285714285714,52.455256285714285,-131.4328295
2009,22,Skidegate Inlet,0,0,NA,NA,NA,NA,NA,NA,NA,NA,NA
2009,23,Cumshewa Inlet,0,0,NA,NA,NA,NA,NA,NA,NA,NA,NA
2009,24,Laskeek Bay,5,1040.9928169559878,12467,14,103.6,16.195678435928517,86,117,60,52.8135,-131.7272222
2009,25,Skincuttle Inlet,10,5329.85412959642,14017,46.77777777777778,89.6,18.697593428032388,69,114,40,52.324256,-131.3037732
2010,1,Tasu Sound & Gowgaia Bay,0,0,NA,NA,NA,NA,NA,NA,NA,NA,NA
2010,2,Port Louis,17,1960.9987655056973,17520,28.88235294117647,88.11764705882354,6.8180124756153875,79,93,11.76470588235294,53.626699,-132.90477147058823
2010,3,Rennell Sound,10,571.5695168499999,4370,21.7,91,0,91,91,0,53.305250099999995,-132.60361079999998
2010,4,Cartwright Sound,2,25.438707052079003,700,8,107,4.242640687119285,104,110,100,53.164167,-132.461944
2010,5,Englefield Bay,5,166.80049739999998,1900,21,92.4,5.366563145999496,90,102,0,53.0095,-132.2572218
2010,6,Louscoone Inlet,2,151.3174383,920,10,95,0,95,95,0,52.2525,-131.366667
2010,11,Masset Inlet,0,0,NA,NA,NA,NA,NA,NA,NA,NA,NA
2010,12,Naden Harbour,0,0,NA,NA,NA,NA,NA,NA,NA,NA,NA
2010,21,Juan Perez Sound,10,1709.116110445405,10760,59.2,96.8,6.613118276073196,90,104,60,52.432788200000005,-131.3511221
2010,22,Skidegate Inlet,9,773.6264007397862,4260,25.11111111111111,126.33333333333331,9.500000000000002,120,139,33.33333333333333,53.243055222222225,-132.00641944444445
2010,23,Cumshewa Inlet,0,0,NA,NA,NA,NA,NA,NA,NA,NA,NA
2010,24,Laskeek Bay,6,2208.854388133649,12940,25,94.5,7.12039324756716,88,101,50,52.79106466666667,-131.68888883333332
2010,25,Skincuttle Inlet,4,2776.133373798627,9050,80.25,83,6.928203230275509,77,89,75,52.3174945,-131.279875
2011,1,Tasu Sound & Gowgaia Bay,0,0,NA,NA,NA,NA,NA,NA,NA,NA,NA
2011,2,Port Louis,3,2450.583689312654,12830,41.666666666666664,76,0,76,76,100,53.696111,-132.95555566666667
2011,3,Rennell Sound,2,190.764144,1300,12.5,101.5,2.1213203435596424,100,103,0,53.4509725,-132.70125000000002
2011,4,Cartwright Sound,0,0,NA,NA,NA,NA,NA,NA,NA,NA,NA
2011,5,Englefield Bay,0,0,NA,NA,NA,NA,NA,NA,NA,NA,NA
2011,6,Louscoone Inlet,4,192.89875905,2900,4.75,71,0,71,71,0,52.1958,-131.2423585
2011,11,Masset Inlet,0,0,NA,NA,NA,NA,NA,NA,NA,NA,NA
2011,12,Naden Harbour,0,0,NA,NA,NA,NA,NA,NA,NA,NA,NA
2011,21,Juan Perez Sound,6,722.5198094810518,5840,27.5,101.83333333333331,5.307227776030219,91,104,83.33333333333334,52.397499833333335,-131.42240733333333
2011,22,Skidegate Inlet,4,23.73431111999999,2320,16.5,126.75,11.615363389350618,111,139,0,53.23563475,-132.0011475
2011,23,Cumshewa Inlet,0,0,NA,NA,NA,NA,NA,NA,NA,NA,NA
2011,24,Laskeek Bay,8,1706.2705393659553,6800,25.75,103,18.51640199545103,73,113,25,52.828819625,-131.747777625
2011,25,Skincuttle Inlet,6,4932.428192593391,18020,95.66666666666669,92.83333333333331,6.242328625334192,85,104,100,52.31190133333333,-131.25111466666667
2012,1,Tasu Sound & Gowgaia Bay,0,0,NA,NA,NA,NA,NA,NA,NA,NA,NA
2012,2,Port Louis,32,2332.486692485,17127,15.28,85.0625,5.880188169032162,82,96,0,53.680277625,-132.94369790625
2012,3,Rennell Sound,5,83.37053471491795,2577,6.6,105.4,12.521980673998822,83,111,0,53.4705556,-132.7297222
2012,4,Cartwright Sound,0,0,NA,NA,NA,NA,NA,NA,NA,NA,NA
2012,5,Englefield Bay,0,0,NA,NA,NA,NA,NA,NA,NA,NA,NA
2012,6,Louscoone Inlet,9,197.93101727499996,2850,16.11111111111111,66,0,66,66,0,52.170833,-131.229444
2012,11,Masset Inlet,0,0,NA,NA,NA,NA,NA,NA,NA,NA,NA
2012,12,Naden Harbour,0,0,NA,NA,NA,NA,NA,NA,NA,NA,NA
2012,21,Juan Perez Sound,21,4747.868608088855,25480,27.047619047619047,96.5,5.776126415136391,88,101,57.14285714285714,52.423133904761904,-131.38974328571427
2012,22,Skidegate Inlet,0,0,NA,NA,NA,NA,NA,NA,NA,NA,NA
2012,23,Cumshewa Inlet,0,0,NA,NA,NA,NA,NA,NA,NA,NA,NA
2012,24,Laskeek Bay,9,1538.0721371091645,11230,18.11111111111111,107,18.33030277982336,79,119,33.33333333333333,52.76061711111111,-131.64675922222222
2012,25,Skincuttle Inlet,9,3236.319493598614,15050,51.77777777777778,88.88888888888889,3.620926830400072,85,95,88.88888888888889,52.31539288888889,-131.26332277777777
2013,1,Tasu Sound & Gowgaia Bay,0,0,NA,NA,NA,NA,NA,NA,NA,NA,NA
2013,2,Port Louis,16,2040.937687185625,14515,11.533333333333331,80,1.7888543819998317,77,81,0,53.71409725,-132.966458
2013,3,Rennell Sound,2,34.648116897842485,450,10.5,94,0,94,94,0,53.306667,-132.676944
2013,4,Cartwright Sound,0,0,NA,NA,NA,NA,NA,NA,NA,NA,NA
2013,5,Englefield Bay,0,0,NA,NA,NA,NA,NA,NA,NA,NA,NA
2013,6,Louscoone Inlet,2,1271.9080295552428,4150,39,77,0,77,77,100,52.1763,-131.2316495
2013,11,Masset Inlet,0,0,NA,NA,NA,NA,NA,NA,NA,NA,NA
2013,12,Naden Harbour,0,0,NA,NA,NA,NA,NA,NA,NA,NA,NA
2013,21,Juan Perez Sound,20,8750.897418445209,48900,36,92.75,10.808744023632952,78,105,60,52.46678245,-131.43438550000002
2013,22,Skidegate Inlet,0,0,NA,NA,NA,NA,NA,NA,NA,NA,NA
2013,23,Cumshewa Inlet,3,116.6437928,2350,25,91,0,91,91,0,52.950833,-131.903056
2013,24,Laskeek Bay,10,798.5947089375,7900,17,101.4,8.262364471909155,95,111,0,52.8149724,-131.7175832
2013,25,Skincuttle Inlet,2,5087.404886937257,7000,81,79,0,79,79,100,52.3129165,-131.19930549999998
2014,1,Tasu Sound & Gowgaia Bay,0,0,NA,NA,NA,NA,NA,NA,NA,NA,NA
2014,2,Port Louis,3,1368.013923733489,12050,27.333333333333332,85,0,85,85,100,53.696111,-132.95555566666667
2014,3,Rennell Sound,0,0,NA,NA,NA,NA,NA,NA,NA,NA,NA
2014,4,Cartwright Sound,0,0,NA,NA,NA,NA,NA,NA,NA,NA,NA
2014,5,Englefield Bay,0,0,NA,NA,NA,NA,NA,NA,NA,NA,NA
2014,6,Louscoone Inlet,0,0,NA,NA,NA,NA,NA,NA,NA,NA,NA
2014,11,Masset Inlet,0,0,NA,NA,NA,NA,NA,NA,NA,NA,NA
2014,12,Naden Harbour,0,0,NA,NA,NA,NA,NA,NA,NA,NA,NA
2014,21,Juan Perez Sound,9,4162.403152203976,21725,57,92.66666666666669,7.416198487095662,81,99,100,52.462161,-131.40198477777778
2014,22,Skidegate Inlet,0,0,NA,NA,NA,NA,NA,NA,NA,NA,NA
2014,23,Cumshewa Inlet,0,0,NA,NA,NA,NA,NA,NA,NA,NA,NA
2014,24,Laskeek Bay,6,714.2381892235971,12475,32,102.5,2.7386127875258306,100,105,100,52.895920333333336,-131.90093616666667
2014,25,Skincuttle Inlet,6,5689.271581194466,18700,81.33333333333333,93.5,0.8366600265340756,92,94,100,52.3662515,-131.2540981666667
2015,1,Tasu Sound & Gowgaia Bay,0,0,NA,NA,NA,NA,NA,NA,NA,NA,NA
2015,2,Port Louis,0,0,NA,NA,NA,NA,NA,NA,NA,NA,NA
2015,3,Rennell Sound,0,0,NA,NA,NA,NA,NA,NA,NA,NA,NA
2015,4,Cartwright Sound,0,0,NA,NA,NA,NA,NA,NA,NA,NA,NA
2015,5,Englefield Bay,0,0,NA,NA,NA,NA,NA,NA,NA,NA,NA
2015,6,Louscoone Inlet,1,0,0,NA,64,NA,64,64,0,52.1958,-131.258434
2015,11,Masset Inlet,0,0,NA,NA,NA,NA,NA,NA,NA,NA,NA
2015,12,Naden Harbour,0,0,NA,NA,NA,NA,NA,NA,NA,NA,NA
2015,21,Juan Perez Sound,12,6688.003882700214,25825,72.41862535612536,86.33333333333333,0.49236596391733095,86,87,100,52.4349805,-131.32644333333334
2015,22,Skidegate Inlet,0,0,NA,NA,NA,NA,NA,NA,NA,NA,NA
2015,23,Cumshewa Inlet,0,0,NA,NA,NA,NA,NA,NA,NA,NA,NA
2015,24,Laskeek Bay,6,792.241268288476,9575,20.400793650793652,86,0,86,86,100,52.8828645,-131.83311216666667
2015,25,Skincuttle Inlet,9,5621.85773069879,21750,55.327160493827165,86.11111111111111,0.33333333333333337,86,87,100,52.34287666666667,-131.24473183333333
2016,1,Tasu Sound & Gowgaia Bay,0,0,NA,NA,NA,NA,NA,NA,NA,NA,NA
2016,2,Port Louis,24,3001.194882362499,15800,26.791666666666664,84.95833333333333,1.9444271910897757,84,89,0,53.68189816666667,-132.93949049999998
2016,3,Rennell Sound,0,0,NA,NA,NA,NA,NA,NA,NA,NA,NA
2016,4,Cartwright Sound,0,0,NA,NA,NA,NA,NA,NA,NA,NA,NA
2016,5,Englefield Bay,0,0,NA,NA,NA,NA,NA,NA,NA,NA,NA
2016,6,Louscoone Inlet,0,0,NA,NA,NA,NA,NA,NA,NA,NA,NA
2016,11,Masset Inlet,0,0,NA,NA,NA,NA,NA,NA,NA,NA,NA
2016,12,Naden Harbour,0,0,NA,NA,NA,NA,NA,NA,NA,NA,NA
2016,21,Juan Perez Sound,7,1124.026747065427,7445,49.1047619047619,93.14285714285714,5.398412465054624,88,100,57.14285714285714,52.46390371428571,-131.387846
2016,22,Skidegate Inlet,4,0,590,3.5,130,0,130,130,0,53.247992333333336,-131.95687033333334
2016,23,Cumshewa Inlet,0,0,NA,NA,NA,NA,NA,NA,NA,NA,NA
2016,24,Laskeek Bay,2,363.36974482642006,3275,30.82142857142857,105,0,105,105,100,52.873333,-131.7993055
2016,25,Skincuttle Inlet,9,5400.875796714419,19625,62.93434343434343,90.11111111111111,4.371625682868,87,101,77.77777777777779,52.35762075,-131.267384125
2017,1,Tasu Sound & Gowgaia Bay,0,0,NA,NA,NA,NA,NA,NA,NA,NA,NA
2017,2,Port Louis,0,0,NA,NA,NA,NA,NA,NA,NA,NA,NA
2017,3,Rennell Sound,0,0,NA,NA,NA,NA,NA,NA,NA,NA,NA
2017,4,Cartwright Sound,0,0,NA,NA,NA,NA,NA,NA,NA,NA,NA
2017,5,Englefield Bay,0,0,NA,NA,NA,NA,NA,NA,NA,NA,NA
2017,6,Louscoone Inlet,1,0,2200,NA,64,NA,64,64,0,52.1958,-131.237
2017,11,Masset Inlet,0,0,NA,NA,NA,NA,NA,NA,NA,NA,NA
2017,12,Naden Harbour,0,0,NA,NA,NA,NA,NA,NA,NA,NA,NA
2017,21,Juan Perez Sound,13,2371.8218147166745,16100,73.46969696969697,90,2.449489742783178,88,96,69.23076923076923,52.44288861538462,-131.36075015384614
2017,22,Skidegate Inlet,1,0,0,NA,121,NA,121,121,0,53.233095,-131.975979
2017,23,Cumshewa Inlet,0,0,NA,NA,NA,NA,NA,NA,NA,NA,NA
2017,24,Laskeek Bay,2,53.5185167831783,2800,16.666666666666664,105.5,3.5355339059327378,103,108,100,52.783333,-131.6895835
2017,25,Skincuttle Inlet,6,590.2628200439835,10250,53.61607142857143,90.16666666666669,2.0412414523193148,88,93,50,52.3823535,-131.28748066666668
2018,1,Tasu Sound & Gowgaia Bay,0,0,NA,NA,NA,NA,NA,NA,NA,NA,NA
2018,2,Port Louis,7,166.09592700000002,16500,15.833333333333334,87.14285714285714,5.669467095138408,85,100,0,53.611507571428575,-132.89250014285713
2018,3,Rennell Sound,0,0,NA,NA,NA,NA,NA,NA,NA,NA,NA
2018,4,Cartwright Sound,0,0,NA,NA,NA,NA,NA,NA,NA,NA,NA
2018,5,Englefield Bay,6,450.4956154245537,4300,19.5,94,0,94,94,0,53.0075,-132.278333
2018,6,Louscoone Inlet,1,0,1000,NA,59,NA,59,59,0,52.170833,-131.229444
2018,11,Masset Inlet,0,0,NA,NA,NA,NA,NA,NA,NA,NA,NA
2018,12,Naden Harbour,0,0,NA,NA,NA,NA,NA,NA,NA,NA,NA
2018,21,Juan Perez Sound,7,1681.231190084721,12175,40.476190476190474,92,0,92,92,100,52.462332857142854,-131.36445442857143
2018,22,Skidegate Inlet,2,0,200,6,96.5,3.5355339059327378,94,99,0,53.246523,-131.92546099999998
2018,23,Cumshewa Inlet,0,0,NA,NA,NA,NA,NA,NA,NA,NA,NA
2018,24,Laskeek Bay,2,1072.631744431622,4200,38,101,0,101,101,100,52.873333,-131.7993055
2018,25,Skincuttle Inlet,6,1834.4414527220156,18200,50.19456469456469,92,0,92,92,100,52.3839845,-131.28404166666667
2019,1,Tasu Sound & Gowgaia Bay,0,0,NA,NA,NA,NA,NA,NA,NA,NA,NA
2019,2,Port Louis,16,2884.48570653,11740,18.625,87.3125,4.377499286122158,80,91,0,53.726735999999995,-132.98173581249998
2019,3,Rennell Sound,0,0,NA,NA,NA,NA,NA,NA,NA,NA,NA
2019,4,Cartwright Sound,0,0,NA,NA,NA,NA,NA,NA,NA,NA,NA
2019,5,Englefield Bay,0,0,NA,NA,NA,NA,NA,NA,NA,NA,NA
2019,6,Louscoone Inlet,4,184.24784218343103,1150,55,91,0,91,91,0,52.170833,-131.229444
2019,11,Masset Inlet,0,0,NA,NA,NA,NA,NA,NA,NA,NA,NA
2019,12,Naden Harbour,0,0,NA,NA,NA,NA,NA,NA,NA,NA,NA
2019,21,Juan Perez Sound,15,8568.08946655923,30175,55.958178726035875,90.66666666666669,2.2886885410853175,89,95,80,52.451514466666666,-131.38793046666666
2019,22,Skidegate Inlet,1,0,0,NA,131,NA,131,131,0,53.233095,-131.975979
2019,23,Cumshewa Inlet,12,294.2044079752412,5350,8.434343434343434,91.33333333333331,8.082903768654763,89,117,8.333333333333332,53.0106715,-131.92604125
2019,24,Laskeek Bay,8,463.5029656715656,9450,11.3625,99.125,1.5526475085202969,98,101,37.5,52.7780905,-131.737048375
2019,25,Skincuttle Inlet,21,2113.778031900325,31840,56.16616541353383,91.8095238095238,2.1123221255066102,89,94,52.38095238095239,52.32817176190476,-131.29503685714286
2020,1,Tasu Sound & Gowgaia Bay,0,0,NA,NA,NA,NA,NA,NA,NA,NA,NA
2020,2,Port Louis,39,6833.629644612501,20102,11.35897435897436,92.71794871794872,2.3502375909986304,86,94,0,53.7012392051282,-132.9597007948718
2020,3,Rennell Sound,0,0,NA,NA,NA,NA,NA,NA,NA,NA,NA
2020,4,Cartwright Sound,0,0,NA,NA,NA,NA,NA,NA,NA,NA,NA
2020,5,Englefield Bay,0,0,NA,NA,NA,NA,NA,NA,NA,NA,NA
2020,6,Louscoone Inlet,0,0,NA,NA,NA,NA,NA,NA,NA,NA,NA
2020,11,Masset Inlet,0,0,NA,NA,NA,NA,NA,NA,NA,NA,NA
2020,12,Naden Harbour,0,0,NA,NA,NA,NA,NA,NA,NA,NA,NA
2020,21,Juan Perez Sound,42,8202.052171662157,14700,66.0952380952381,91.78571428571428,3.732100136460895,88,100,0,52.45018930952381,-131.32035609523808
2020,22,Skidegate Inlet,0,0,NA,NA,NA,NA,NA,NA,NA,NA,NA
2020,23,Cumshewa Inlet,1,3.8265909392086703,350,20,105,NA,105,105,0,53.046111,-131.748889
2020,24,Laskeek Bay,17,1576.8819644818434,5950,42.52941176470589,98.94117647058825,1.0289915108550531,98,100,0,52.79423211764706,-131.6964868235294
2020,25,Skincuttle Inlet,77,10640.59820788329,26950,87.97402597402599,90.45454545454544,5.759535467711587,83,98,0,52.32614325974026,-131.29270489610388
2021,1,Tasu Sound & Gowgaia Bay,0,0,NA,NA,NA,NA,NA,NA,NA,NA,NA
2021,2,Port Louis,14,1376.74817425,5605,25,95,0,95,95,0,53.759722,-133.013333
2021,3,Rennell Sound,0,0,NA,NA,NA,NA,NA,NA,NA,NA,NA
2021,4,Cartwright Sound,0,0,NA,NA,NA,NA,NA,NA,NA,NA,NA
2021,5,Englefield Bay,0,0,NA,NA,NA,NA,NA,NA,NA,NA,NA
2021,6,Louscoone Inlet,0,0,NA,NA,NA,NA,NA,NA,NA,NA,NA
2021,11,Masset Inlet,0,0,NA,NA,NA,NA,NA,NA,NA,NA,NA
2021,12,Naden Harbour,0,0,NA,NA,NA,NA,NA,NA,NA,NA,NA
2021,21,Juan Perez Sound,35,4791.981442763627,12250,87.85714285714285,95.31428571428572,3.2063487441180745,88,100,0,52.41688737142857,-131.31064922857144
2021,22,Skidegate Inlet,0,0,NA,NA,NA,NA,NA,NA,NA,NA,NA
2021,23,Cumshewa Inlet,0,0,NA,NA,NA,NA,NA,NA,NA,NA,NA
2021,24,Laskeek Bay,23,447.0689418358952,8050,22.695652173913043,107.7391304347826,4.234247720072682,105,114,0,52.76189634782609,-131.66080895652175
2021,25,Skincuttle Inlet,80,12994.694870855586,28000,91.05,96.6375,1.7301770597912365,94,100,0,52.328025725,-131.27956492500002
2022,1,Tasu Sound & Gowgaia Bay,0,0,NA,NA,NA,NA,NA,NA,NA,NA,NA
2022,2,Port Louis,35,3298.8572879341073,11565,12.342857142857143,85.94285714285714,0.3380617018914068,84,86,0,53.69134114285714,-132.95175397142856
2022,3,Rennell Sound,0,0,NA,NA,NA,NA,NA,NA,NA,NA,NA
2022,4,Cartwright Sound,0,0,NA,NA,NA,NA,NA,NA,NA,NA,NA
2022,5,Englefield Bay,0,0,NA,NA,NA,NA,NA,NA,NA,NA,NA
2022,6,Louscoone Inlet,0,0,NA,NA,NA,NA,NA,NA,NA,NA,NA
2022,11,Masset Inlet,0,0,NA,NA,NA,NA,NA,NA,NA,NA,NA
2022,12,Naden Harbour,0,0,NA,NA,NA,NA,NA,NA,NA,NA,NA
2022,21,Juan Perez Sound,12,1462.935343890695,9800,63.65651709401709,89.75,4.807664335582962,84,100,50,52.44719175,-131.32305783333334
2022,22,Skidegate Inlet,0,0,NA,NA,NA,NA,NA,NA,NA,NA,NA
2022,23,Cumshewa Inlet,1,9.619375106230514,700,22.5,92,NA,92,92,100,53.0275,-131.779444
2022,24,Laskeek Bay,6,784.3416024935043,5950,42.842592592592595,98.16666666666669,4.490731195102494,89,100,66.66666666666666,52.8640685,-131.80672316666664
2022,25,Skincuttle Inlet,16,3023.7249490797603,16800,59.46732954545454,88.0625,0.9979144919948468,87,89,75,52.3404724375,-131.3032103125
2023,1,Tasu Sound & Gowgaia Bay,0,0,NA,NA,NA,NA,NA,NA,NA,NA,NA
2023,2,Port Louis,27,1191.6054818330415,9460,6.518518518518518,93,0,93,93,0,53.69872411111111,-132.95940337037035
2023,3,Rennell Sound,0,0,NA,NA,NA,NA,NA,NA,NA,NA,NA
2023,4,Cartwright Sound,0,0,NA,NA,NA,NA,NA,NA,NA,NA,NA
2023,5,Englefield Bay,0,0,NA,NA,NA,NA,NA,NA,NA,NA,NA
2023,6,Louscoone Inlet,1,0,0,NA,66,NA,66,66,0,52.214612,-131.357689
2023,11,Masset Inlet,0,0,NA,NA,NA,NA,NA,NA,NA,NA,NA
2023,12,Naden Harbour,0,0,NA,NA,NA,NA,NA,NA,NA,NA,NA
2023,21,Juan Perez Sound,9,327.5651471078482,6950,34.267857142857146,98.33333333333331,4.847679857416329,93,103,66.66666666666666,52.439684,-131.35752433333332
2023,22,Skidegate Inlet,0,0,NA,NA,NA,NA,NA,NA,NA,NA,NA
2023,23,Cumshewa Inlet,3,0,0,NA,86.33333333333333,0.5773502691896257,86,87,0,53.06561033333333,-131.77052066666667
2023,24,Laskeek Bay,2,60.0435415867605,4025,15.033333333333331,117,0,117,117,100,52.88375,-131.8319445
2023,25,Skincuttle Inlet,7,1196.3657195448163,14800,83.83311688311689,99.14285714285714,2.3401261667248785,94,101,100,52.330121142857145,-131.299589
2024,1,Tasu Sound & Gowgaia Bay,0,0,NA,NA,NA,NA,NA,NA,NA,NA,NA
2024,2,Port Louis,19,616.4591635595991,4517,3.631578947368421,80.73684210526316,0.45241392835886407,80,81,0,53.713581789473686,-132.9695174210526
2024,3,Rennell Sound,2,0,0,NA,82,0,82,82,0,53.325417,-132.574861
2024,4,Cartwright Sound,0,0,NA,NA,NA,NA,NA,NA,NA,NA,NA
2024,5,Englefield Bay,3,253.2623616,1300,4,82,0,82,82,0,53.036389,-132.429444
2024,6,Louscoone Inlet,4,80.63666291856671,1400,20,82,0,82,82,0,52.1568,-131.226299
2024,11,Masset Inlet,0,0,NA,NA,NA,NA,NA,NA,NA,NA,NA
2024,12,Naden Harbour,0,0,NA,NA,NA,NA,NA,NA,NA,NA,NA
2024,21,Juan Perez Sound,27,8568.27468721989,31500,42.61644836644837,93.4074074074074,1.1183524715903528,92,96,44.44444444444444,52.46736948148149,-131.35687996296295
2024,22,Skidegate Inlet,0,0,NA,NA,NA,NA,NA,NA,NA,NA,NA
2024,23,Cumshewa Inlet,0,0,NA,NA,NA,NA,NA,NA,NA,NA,NA
2024,24,Laskeek Bay,2,1019.1440449107758,3850,74.83333333333333,99,1.4142135623730951,98,100,50,52.7984725,-131.7369445
2024,25,Skincuttle Inlet,3,2064.0985104849947,6650,90.11481481481482,83,0,83,83,100,52.30768533333333,-131.31744966666668
2025,1,Tasu Sound & Gowgaia Bay,0,0,NA,NA,NA,NA,NA,NA,NA,NA,NA
2025,2,Port Louis,24,1612.0185269449998,7390,2.708333333333333,72,0,72,72,0,53.69370358333333,-132.953460625
2025,3,Rennell Sound,0,0,NA,NA,NA,NA,NA,NA,NA,NA,NA
2025,4,Cartwright Sound,0,0,NA,NA,NA,NA,NA,NA,NA,NA,NA
2025,5,Englefield Bay,0,0,NA,NA,NA,NA,NA,NA,NA,NA,NA
2025,6,Louscoone Inlet,0,0,NA,NA,NA,NA,NA,NA,NA,NA,NA
2025,11,Masset Inlet,0,0,NA,NA,NA,NA,NA,NA,NA,NA,NA
2025,12,Naden Harbour,0,0,NA,NA,NA,NA,NA,NA,NA,NA,NA
2025,21,Juan Perez Sound,15,6148.401462852574,37875,58.52,92.13333333333334,1.4573295865416047,88,93,100,52.43441046666667,-131.4135382
2025,22,Skidegate Inlet,0,0,NA,NA,NA,NA,NA,NA,NA,NA,NA
2025,23,Cumshewa Inlet,1,0,0,NA,84,NA,84,84,0,53.046111,-131.748889
2025,24,Laskeek Bay,16,823.014599225,5600,25.76923076923077,99.5,1.095445115010332,98,101,0,52.8134678125,-131.7878030625
2025,25,Skincuttle Inlet,4,1975.6887896767105,9450,88.34722222222223,89.25,1.5,88,91,100,52.32293125,-131.33824975000002
