year,month,date_ym,sst_mean,sst_sd,sst_min,sst_max,anom_mean,anom_sd,n_obs,n_days,n_grid_cells
2014,1,2014-01-01T00:00:00Z,7.674358175750834,0.433295689201503,5.63,9.32,0.20859621802002232,0.35758419081909076,4495,31,145
2014,2,2014-02-01T00:00:00Z,6.682495073891626,0.47682193598396366,5.08,7.98,-0.5600295566502463,0.2999003679729698,4060,28,145
2014,3,2014-03-01T00:00:00Z,6.7872124582869855,0.5834416655911956,4.99,8.25,-0.5563759733036704,0.33997508502036755,4495,31,145
2014,4,2014-04-01T00:00:00Z,7.26392643678161,0.5907057282659844,5.59,9.4,-0.7013977011494256,0.3445364059344953,4350,30,145
2014,5,2014-05-01T00:00:00Z,9.453648498331479,0.8326189592170875,6.86,11.54,0.06882536151279182,0.47411426281342106,4495,31,145
2014,6,2014-06-01T00:00:00Z,11.403078160919542,0.8352711668367562,8.63,13.33,0.08787126436781603,0.6460711493927968,4350,30,145
2014,7,2014-07-01T00:00:00Z,13.047806451612903,0.8969520127250351,9.93,15.75,0.04101223581757483,0.6588003916316577,4495,31,145
2014,8,2014-08-01T00:00:00Z,15.075276974416019,1.1628581517253138,10.93,17.87,1.332629588431591,0.9946057803320141,4495,31,145
2014,9,2014-09-01T00:00:00Z,14.083337931034482,1.4158737387442495,9.99,16.92,1.1832528735632184,0.9438414181603173,4350,30,145
2014,10,2014-10-01T00:00:00Z,12.252211345939934,1.0326263734967593,9.09,14.95,1.2756907675194662,0.7083513880523468,4495,31,145
2014,11,2014-11-01T00:00:00Z,10.93484827586207,0.8377696866056744,7.49,12.84,1.7840643678160921,0.6898731962451167,4350,30,145
2014,12,2014-12-01T00:00:00Z,10.019001112347052,0.6011349995764012,6.88,11.31,1.9858064516129035,0.5915425009236075,4495,31,145
2015,1,2015-01-01T00:00:00Z,9.418220244716352,0.5740029497166593,6.88,10.69,1.9524694104560625,0.5084510080429272,4495,31,145
2015,2,2015-02-01T00:00:00Z,9.188633004926109,0.508085187316236,7.43,10.25,1.946081280788177,0.3437824017929709,4060,28,145
2015,3,2015-03-01T00:00:00Z,9.20584427141268,0.4943103450022398,7.21,10.09,1.8621379310344828,0.3240814462739895,4495,31,145
2015,4,2015-04-01T00:00:00Z,9.4508,0.32064669937086293,8.18,10.38,1.4854850574712635,0.3557014278226262,4350,30,145
2015,5,2015-05-01T00:00:00Z,10.780756395995551,0.7018010760822587,8.67,12.85,1.3958909899888767,0.725431137492513,4495,31,145
2015,6,2015-06-01T00:00:00Z,12.507560919540227,1.2803483643484497,9.67,15.87,1.1923678160919529,0.8345680299523771,4350,30,145
2015,7,2015-07-01T00:00:00Z,14.51098553948832,1.0859105082681018,9.95,17.31,1.5041846496106785,0.9737704909331587,4495,31,145
2015,8,2015-08-01T00:00:00Z,14.766440489432703,0.9595833875521116,11.41,17.3,1.0238442714126812,0.7599653288577473,4495,31,145
2015,9,2015-09-01T00:00:00Z,13.218229885057472,0.8556831731601229,10.57,15.3,0.3181379310344828,0.49744842560084623,4350,30,145
2015,10,2015-10-01T00:00:00Z,11.9905361512792,0.7743299510780202,10.28,14.58,1.0140756395995556,0.5393408870169404,4495,31,145
2015,11,2015-11-01T00:00:00Z,10.674416091954022,0.8408324919836495,8.12,12.76,1.523703448275862,0.5473112096712794,4350,30,145
2015,12,2015-12-01T00:00:00Z,9.463908787541714,0.6601240970106579,7.12,11.5,1.4306473859844269,0.46023997148707746,4495,31,145
2016,1,2016-01-01T00:00:00Z,8.74675639599555,0.48034929905184975,7.16,9.85,1.2806763070077862,0.333023446529362,4495,31,145
2016,2,2016-02-01T00:00:00Z,8.714137931034482,0.39318583380489763,7.48,9.7,1.471024970273484,0.29164429443457557,4205,29,145
2016,3,2016-03-01T00:00:00Z,8.643982202447162,0.47822335647413966,6.7,10.39,1.3002157953281424,0.32279290307087943,4495,31,145
2016,4,2016-04-01T00:00:00Z,9.600712643678161,0.4893047871295424,8.16,11.16,1.6353563218390805,0.30740033154020896,4350,30,145
2016,5,2016-05-01T00:00:00Z,10.941072302558398,0.8788833125385148,9.05,13.5,1.5562246941045605,0.5823890442827082,4495,31,145
2016,6,2016-06-01T00:00:00Z,12.493296551724137,0.9788786841963305,9.49,15.14,1.1781908045977016,0.601709884731297,4350,30,145
2016,7,2016-07-01T00:00:00Z,13.931147942157953,0.9225561995849533,11.45,17.11,0.9244071190211345,0.7062402560614565,4495,31,145
2016,8,2016-08-01T00:00:00Z,14.142144605116796,1.2166202836358677,8.07,16.82,0.3995394883203559,1.074216219664922,4495,31,145
2016,9,2016-09-01T00:00:00Z,13.479875862068965,1.1892384137845415,10.25,16.13,0.5798344827586207,0.7278118663912204,4350,30,145
2016,10,2016-10-01T00:00:00Z,11.642206896551723,0.9126190575421864,9.61,14.7,0.665628476084538,0.5020674212644334,4495,31,145
2016,11,2016-11-01T00:00:00Z,10.835266666666667,0.6418185319666149,8.87,12.45,1.6845701149425283,0.7001135712675587,4350,30,145
2016,12,2016-12-01T00:00:00Z,9.723021134593994,0.8415610525185888,7.36,12.15,1.6896195773081202,0.6071140061298805,4495,31,145
2017,1,2017-01-01T00:00:00Z,8.29878531701891,0.6435823278264117,5.81,9.73,0.8331368186874305,0.4854401630978719,4495,31,145
2017,2,2017-02-01T00:00:00Z,7.472187192118226,0.6153723412996049,4.7,8.9,0.22958620689655165,0.4502401715515129,4060,28,145
2017,3,2017-03-01T00:00:00Z,7.104284760845384,0.6006552340323661,4.58,8.45,-0.23939488320355948,0.4121041219363585,4495,31,145
2017,4,2017-04-01T00:00:00Z,8.024924137931034,0.6992079289993144,6.19,9.77,0.059634482758620794,0.3734253269157752,4350,30,145
2017,5,2017-05-01T00:00:00Z,9.658456062291437,0.8423363630552854,7.65,12.29,0.2737018909899888,0.4791347807042779,4495,31,145
2017,6,2017-06-01T00:00:00Z,11.158441379310345,0.8307227614578565,8.97,13.78,-0.1567494252873563,0.5404949991193443,4350,30,145
2017,7,2017-07-01T00:00:00Z,13.353001112347052,0.7718113430236356,11.13,15.77,0.3462491657397109,0.5677325039352248,4495,31,145
2017,8,2017-08-01T00:00:00Z,14.21038042269188,0.8255542634468273,11.02,16.42,0.46771301446051156,0.6790956920858028,4495,31,145
2017,9,2017-09-01T00:00:00Z,13.871657471264369,1.0679464728181935,11.73,16.55,0.9715908045977011,0.7386081557451938,4350,30,145
2017,10,2017-10-01T00:00:00Z,11.648131256952171,1.1420535714929752,8.59,14.84,0.671557285873193,0.5616258621484749,4495,31,145
2017,11,2017-11-01T00:00:00Z,8.938255172413793,0.6712415708505711,7.49,11.37,-0.21249195402298846,0.45422929838490267,4350,30,145
2017,12,2017-12-01T00:00:00Z,8.508729699666295,0.7162841187091725,6.49,10.56,0.47541268075639576,0.5711539801511889,4495,31,145
2018,1,2018-01-01T00:00:00Z,8.071777530589545,0.6670302131024489,6.08,9.81,0.6061646273637378,0.5069677561542709,4495,31,145
2018,2,2018-02-01T00:00:00Z,7.7651280788177335,0.7218916995423864,5.4,9.28,0.522480295566502,0.5601529732076385,4060,28,145
2018,3,2018-03-01T00:00:00Z,7.442520578420467,0.5954494665095916,4.8,8.74,0.09897219132369293,0.4064614556041387,4495,31,145
2018,4,2018-04-01T00:00:00Z,7.972544827586207,0.5934578045065496,6.34,9.93,0.007202298850574742,0.3473942855049868,4350,30,145
2018,5,2018-05-01T00:00:00Z,9.99769299221357,0.7641532361362904,7.39,11.91,0.6129321468298108,0.539430825138957,4495,31,145
2018,6,2018-06-01T00:00:00Z,11.706487356321842,1.0913395068661578,8.76,14.6,0.3912275862068973,0.65928643127023,4350,30,145
2018,7,2018-07-01T00:00:00Z,13.977032258064517,1.1110500141884552,10.51,17.18,0.9702714126807553,1.1866681232467573,4495,31,145
2018,8,2018-08-01T00:00:00Z,14.297350389321467,1.101312497627916,10.53,18.04,0.5547474972191324,1.0264425073182866,4495,31,145
2018,9,2018-09-01T00:00:00Z,13.328045977011495,1.027920500007362,10.13,16.68,0.4281701149425288,0.7364078284443942,4350,30,145
2018,10,2018-10-01T00:00:00Z,11.819043381535039,0.9928524364234256,9.1,14.08,0.8425383759733035,0.6979068675698105,4495,31,145
2018,11,2018-11-01T00:00:00Z,10.401894252873564,0.6117987215085797,8.77,12.63,1.2511517241379315,0.5763896261366739,4350,30,145
2018,12,2018-12-01T00:00:00Z,9.366983314794215,0.4845310942978597,7.83,10.95,1.333726362625139,0.44097821920637503,4495,31,145
2019,1,2019-01-01T00:00:00Z,8.905270300333704,0.685192232062475,7.03,12.28,1.4395884315906562,0.7577918549709207,4495,31,145
2019,2,2019-02-01T00:00:00Z,7.769110837438424,0.7588291655043901,4.82,10.01,0.5265788177339906,0.6518616204792557,4060,28,145
2019,3,2019-03-01T00:00:00Z,7.507997775305895,0.6719607739325231,4.89,9.5,0.16446273637374872,0.5118079852598794,4495,31,145
2019,4,2019-04-01T00:00:00Z,8.421666666666667,0.45623964545787604,6.97,9.66,0.4563126436781611,0.3391786892120302,4350,30,145
2019,5,2019-05-01T00:00:00Z,10.205030033370411,0.958309055741576,7.58,14.02,0.8202313681868749,0.6395965502407782,4495,31,145
2019,6,2019-06-01T00:00:00Z,12.33455632183908,1.080172300634265,9.79,16.27,1.0194206896551725,0.7549521249720105,4350,30,145
2019,7,2019-07-01T00:00:00Z,14.930427141268076,1.0742925120279672,11.14,18.67,1.9236284760845386,1.1331650951945633,4495,31,145
2019,8,2019-08-01T00:00:00Z,14.697515016685205,1.0062447364725755,11.63,17.53,0.9548743047830939,0.9519293999822412,4495,31,145
2019,9,2019-09-01T00:00:00Z,13.758859770114942,0.8948707911860018,11.5,16.02,0.8589057471264372,0.6532472245552445,4350,30,145
2019,10,2019-10-01T00:00:00Z,11.46569299221357,0.7225521905544554,9.35,14.16,0.4891390433815349,0.6362953889559874,4495,31,145
2019,11,2019-11-01T00:00:00Z,10.1752091954023,0.8655960163206979,8.14,14.5,1.0244919540229884,0.8254865030448516,4350,30,145
2019,12,2019-12-01T00:00:00Z,8.781101223581757,0.46333701103049,7.61,10.1,0.7478865406006675,0.27757257362814597,4495,31,145
2020,1,2020-01-01T00:00:00Z,7.762331479421579,0.6172443257363222,5.88,9.5,0.2963248053392658,0.4971524803689828,4495,31,145
2020,2,2020-02-01T00:00:00Z,7.221850178359096,0.5068533187988836,5.66,8.47,-0.021293697978596895,0.32352415482353414,4205,29,145
2020,3,2020-03-01T00:00:00Z,7.153474972191324,0.4557598839948573,5.23,8.12,-0.1903359288097885,0.33144475876789314,4495,31,145
2020,4,2020-04-01T00:00:00Z,7.734514942528736,0.642472790750051,5.95,9.61,-0.23074712643678152,0.438414877108181,4350,30,145
2020,5,2020-05-01T00:00:00Z,9.745862068965518,0.9930672047664432,7.21,12.22,0.3610789766407125,0.6383055121045904,4495,31,145
2020,6,2020-06-01T00:00:00Z,11.274257471264368,0.5674109189860868,9.55,12.73,-0.040901149425287144,0.4791324620460473,4350,30,145
2020,7,2020-07-01T00:00:00Z,13.043052280311457,0.7224821728911731,10.62,15.45,0.036311457174638774,0.48944075966653694,4495,31,145
2020,8,2020-08-01T00:00:00Z,14.04611123470523,0.6539752503218464,11.99,15.75,0.30350166852057897,0.5632565690326289,4495,31,145
2020,9,2020-09-01T00:00:00Z,14.021875862068965,0.9559836719793776,11.85,16.59,1.121871264367816,0.7547377099270577,4350,30,145
2020,10,2020-10-01T00:00:00Z,11.972298109010012,1.1768877553640513,9.52,15.12,0.995632925472746,0.607152219103435,4495,31,145
2020,11,2020-11-01T00:00:00Z,9.486248275862069,0.7607950440634625,7.51,12.15,0.33545977011494255,0.40927570929883794,4350,30,145
2020,12,2020-12-01T00:00:00Z,8.270654060066741,0.4187030107182867,6.77,9.09,0.23733259176863172,0.3350221076124314,4495,31,145
2021,1,2021-01-01T00:00:00Z,8.01670300333704,0.4827287023923116,6.44,9.16,0.5510989988876526,0.37222187699147696,4495,31,145
2021,2,2021-02-01T00:00:00Z,7.0805492610837435,0.6825437319924883,4.11,8.35,-0.16201477832512276,0.49269432834753946,4060,28,145
2021,3,2021-03-01T00:00:00Z,7.08263908045977,0.5029523101595753,5.12,7.9,-0.2585586206896556,0.39681586840986155,4350,30,145
2021,4,2021-04-01T00:00:00Z,7.183110344827585,0.8956301538622702,4.62,9.85,-0.782174712643678,0.6293361748497898,4350,30,145
2021,5,2021-05-01T00:00:00Z,8.811957730812015,0.6730763143653832,7.27,10.39,-0.5727875417130146,0.32024591828134885,4495,31,145
2021,6,2021-06-01T00:00:00Z,10.822344827586205,1.4338036926011453,8.43,15.02,-0.49277471264367745,0.9767629949553698,4350,30,145
2021,7,2021-07-01T00:00:00Z,13.533859844271413,0.9631836640740847,10.15,15.75,0.5270567296996664,0.7007463375432758,4495,31,145
2021,8,2021-08-01T00:00:00Z,14.301090100111235,0.8163397334541461,11.46,16.38,0.5583959955506121,0.7035453063064226,4495,31,145
2021,9,2021-09-01T00:00:00Z,12.88972175980975,1.163528845996516,10.19,15.55,0.00355529131985679,0.6235005511597911,4205,29,145
2021,10,2021-10-01T00:00:00Z,10.597993325917685,0.6842288302010349,8.97,13.31,-0.37852280311457226,0.5657008034891227,4495,31,145
2021,11,2021-11-01T00:00:00Z,9.454059770114943,0.5886991056845151,7.96,11.26,0.3034183908045977,0.5287368663519437,4350,30,145
2021,12,2021-12-01T00:00:00Z,8.108222469410457,0.8034436754050767,4.82,9.82,0.07488320355950992,0.6387652742484065,4495,31,145
2022,1,2022-01-01T00:00:00Z,7.028965517241379,0.6098850617372947,4.43,8.86,-0.43671190211345934,0.503871350410406,4495,31,145
2022,2,2022-02-01T00:00:00Z,7.256647783251232,0.5247501960464734,5.75,8.49,0.01398522167487684,0.33377093194569746,4060,28,145
2022,3,2022-03-01T00:00:00Z,7.287196885428254,0.3513766811299843,6.2,8.09,-0.05649833147942165,0.22066487494725923,4495,31,145
2022,4,2022-04-01T00:00:00Z,7.557549425287356,0.4047727666393997,6.53,9.2,-0.40785287356321837,0.24506522838241418,4350,30,145
2022,5,2022-05-01T00:00:00Z,8.891094549499444,0.45728144816305893,7.56,10.91,-0.49358398220244676,0.3896515628922014,4495,31,145
2022,6,2022-06-01T00:00:00Z,10.93567816091954,0.7926099154935669,9.14,14.06,-0.3794528735632186,0.5471032220526421,4350,30,145
2022,7,2022-07-01T00:00:00Z,13.122104560622915,0.7289545541860959,11.17,16.11,0.11526807563959955,0.6584353633568951,4495,31,145
2022,8,2022-08-01T00:00:00Z,14.557426028921025,1.1014925060116707,10.59,18.06,0.814854282536151,1.0320665188889016,4495,31,145
2022,9,2022-09-01T00:00:00Z,13.898048275862068,1.0629207786618957,11.14,16.83,0.9980643678160918,0.6129608607245511,4350,30,145
2022,10,2022-10-01T00:00:00Z,12.640025287356323,1.261175410574534,9.24,15.77,1.656464367816092,0.6866532720532161,4350,30,145
2022,11,2022-11-01T00:00:00Z,9.292666666666667,0.8912673688642352,7.4,12,0.14193333333333316,0.4600127065603521,4350,30,145
2022,12,2022-12-01T00:00:00Z,7.301521690767519,0.7061179641944151,4.5,9,-0.731728587319244,0.44677982201843397,4495,31,145
2023,1,2023-01-01T00:00:00Z,7.408157953281424,0.5929136019296372,5.28,8.77,-0.05760622914349252,0.4488920849402747,4495,31,145
2023,2,2023-02-01T00:00:00Z,7.5120229885057475,0.5876005829229262,5.55,8.63,0.2719003831417628,0.39613528408647086,3915,27,145
2023,3,2023-03-01T00:00:00Z,6.703283648498331,0.5932690118826397,4.14,7.8,-0.6403893214682982,0.40662154535864004,4495,31,145
2023,4,2023-04-01T00:00:00Z,7.044445977011494,0.49292870798224825,5.58,8.82,-0.9208850574712644,0.2199143275403295,4350,30,145
2023,5,2023-05-01T00:00:00Z,9.701822024471637,0.9691704730282751,7.33,11.99,0.3169721913236928,0.5780021935249093,4495,31,145
2023,6,2023-06-01T00:00:00Z,11.687977011494254,1.2014031037617958,8.75,16.58,0.37275172413793084,0.938528218925511,4350,30,145
2023,7,2023-07-01T00:00:00Z,13.732691879866518,1.0733057698227697,9.92,16.76,0.7259532814238037,0.8800118452834217,4495,31,145
2023,8,2023-08-01T00:00:00Z,14.799681868743049,1.0411172413148069,11.19,16.73,1.0570478309232485,0.8892681024633816,4495,31,145
2023,9,2023-09-01T00:00:00Z,13.246485057471263,1.1861154046585236,9.76,16.41,0.3465747126436775,0.7487269740554102,4350,30,145
2023,10,2023-10-01T00:00:00Z,11.661555061179088,0.7232353614835326,9.3,13.57,0.684952169076752,0.44683208832533194,4495,31,145
2023,11,2023-11-01T00:00:00Z,10.106774712643679,0.5959988165937037,8.57,11.74,0.9559885057471266,0.4669267386982701,4350,30,145
2023,12,2023-12-01T00:00:00Z,9.321463848720802,0.5317370347414031,7.67,10.66,1.2882113459399334,0.431030171997891,4495,31,145
2024,1,2024-01-01T00:00:00Z,8.616832035595106,0.5888993316582373,6.69,10.23,1.1506829810901003,0.44813409407991195,4495,31,145
2024,2,2024-02-01T00:00:00Z,8.360195005945304,0.5859547496385346,6.4,9.68,1.1170297265160525,0.3983488164452339,4205,29,145
2024,3,2024-03-01T00:00:00Z,8.050889655172414,0.7145956342221866,5.45,9.89,0.7145080459770116,0.5002772046518079,4350,30,145
2024,4,2024-04-01T00:00:00Z,8.70037471264368,0.4777634549462005,7.26,9.88,0.7350620689655171,0.33044662504416134,4350,30,145
2024,5,2024-05-01T00:00:00Z,9.905719688542826,0.46605929866554874,8.34,11.33,0.5208387096774196,0.5592650738248313,4495,31,145
2024,6,2024-06-01T00:00:00Z,11.20896551724138,0.7312669050784416,9.11,13.37,-0.10636321839080447,0.4144205788978849,4350,30,145
2024,7,2024-07-01T00:00:00Z,13.625612903225809,1.12613970223012,10.59,16.11,0.6188075639599546,0.8519675921341795,4495,31,145
2024,8,2024-08-01T00:00:00Z,14.390384872080089,1.1275920082284885,10.59,17.87,0.6477730812013339,0.9809496285159326,4495,31,145
2024,9,2024-09-01T00:00:00Z,13.679280459770114,1.4085679620816882,10.23,16.83,0.7791425287356327,0.9116350071224371,4350,30,145
2024,10,2024-10-01T00:00:00Z,11.1526829810901,0.8348492189289318,8.99,13.77,0.1761935483870967,0.4731926173773052,4495,31,145
2024,11,2024-11-01T00:00:00Z,9.576163218390803,0.563194470838626,7.7,11.08,0.4254114942528736,0.41888529643220146,4350,30,145
2024,12,2024-12-01T00:00:00Z,8.803472747497219,0.46088619634773514,6.67,9.76,0.7701557285873186,0.4387641165034095,4495,31,145
2025,1,2025-01-01T00:00:00Z,8.581895439377085,0.5904234355963568,6.59,9.87,1.1161913236929921,0.4033602725213695,4495,31,145
2025,2,2025-02-01T00:00:00Z,7.55942118226601,0.7016432231264907,4.57,9.09,0.3168719211822659,0.5325969309520787,4060,28,145
2025,3,2025-03-01T00:00:00Z,7.778551724137931,0.4439215320260814,6.32,9.05,0.434941045606229,0.27214094532135547,4495,31,145
2025,4,2025-04-01T00:00:00Z,8.612772413793103,0.48285913741280806,7.32,9.83,0.6474367816091955,0.2368399300693806,4350,30,145
2025,5,2025-05-01T00:00:00Z,9.57870745272525,0.467479295239477,8.1,10.71,0.1940022246941042,0.48239304359015533,4495,31,145
2025,6,2025-06-01T00:00:00Z,11.061921521997622,0.6951913251876358,8.91,12.97,-0.2390225921521997,0.4860634517018716,4205,29,145
2025,7,2025-07-01T00:00:00Z,12.845526140155728,0.7125339068874496,10.66,15.26,-0.16134816462736318,0.7270712980715053,4495,31,145
2025,8,2025-08-01T00:00:00Z,14.451083426028921,0.7392346840142678,12.06,17.09,0.7083870967741931,0.6759141243732697,4495,31,145
2025,9,2025-09-01T00:00:00Z,13.904324137931034,1.1715335517811991,11.13,17.04,1.0043747126436782,0.6686091735826991,4350,30,145
2025,10,2025-10-01T00:00:00Z,11.84161957730812,0.8562920615518541,9.78,13.67,0.8651056729699667,0.32695338298132587,4495,31,145
2025,11,2025-11-01T00:00:00Z,10.042337931034483,0.5172853338671284,8.13,11.37,0.8915977011494249,0.322300164718768,4350,30,145
2025,12,2025-12-01T00:00:00Z,8.864022246941046,0.8536544491233408,5.55,10.44,0.8307586206896558,0.5954336534581754,4495,31,145
