"state","year","t","lambda_max"
"biomass_all11",1951,1,NA
"biomass_all11",1952,2,NA
"biomass_all11",1953,3,1.14093307225976
"biomass_all11",1954,4,0.922218163341259
"biomass_all11",1955,5,0.977010315729914
"biomass_all11",1956,6,1.00315184746405
"biomass_all11",1957,7,0.959186395755444
"biomass_all11",1958,8,1.03405760300363
"biomass_all11",1959,9,0.94513687485168
"biomass_all11",1960,10,1.34014961531626
"biomass_all11",1961,11,1.38606638375771
"biomass_all11",1962,12,1.31720477823109
"biomass_all11",1963,13,0.897615230687749
"biomass_all11",1964,14,1.07162968896648
"biomass_all11",1965,15,0.985683120972457
"biomass_all11",1966,16,0.823209487339813
"biomass_all11",1967,17,1.06851188592739
"biomass_all11",1968,18,1.02838606822449
"biomass_all11",1969,19,1.05399601356247
"biomass_all11",1970,20,1.06445706365943
"biomass_all11",1971,21,1.05276401669976
"biomass_all11",1972,22,1.06232439563311
"biomass_all11",1973,23,1.01733461052958
"biomass_all11",1974,24,0.953037029134482
"biomass_all11",1975,25,0.987494135093224
"biomass_all11",1976,26,1.17626232216304
"biomass_all11",1977,27,1.28173711701097
"biomass_all11",1978,28,0.993019883372008
"biomass_all11",1979,29,0.959560691752601
"biomass_all11",1980,30,0.730430527218825
"biomass_all11",1981,31,1.28012515494336
"biomass_all11",1982,32,1.16982844118927
"biomass_all11",1983,33,1.14872669955422
"biomass_all11",1984,34,1.3475703773762
"biomass_all11",1985,35,1.21827493568648
"biomass_all11",1986,36,1.00098291225604
"biomass_all11",1987,37,0.934576855752113
"biomass_all11",1988,38,0.915707745740882
"biomass_all11",1989,39,0.923867232506809
"biomass_all11",1990,40,0.936223270136701
"biomass_all11",1991,41,0.919548026793624
"biomass_all11",1992,42,0.944396469996596
"biomass_all11",1993,43,0.948563334389613
"biomass_all11",1994,44,0.971262759592659
"biomass_all11",1995,45,1.03643725634158
"biomass_all11",1996,46,1.04817678030798
"biomass_all11",1997,47,1.04848877113301
"biomass_all11",1998,48,1.03925997132605
"biomass_all11",1999,49,1.03199508877213
"biomass_all11",2000,50,1.02160951505073
"biomass_all11",2001,51,1.03677336653923
"biomass_all11",2002,52,0.998463787626761
"biomass_all11",2003,53,1.06743793464052
"biomass_all11",2004,54,1.03468370403547
"biomass_all11",2005,55,1.04368760712576
"biomass_all11",2006,56,1.05111203714343
"biomass_all11",2007,57,1.06038549048139
"biomass_all11",2008,58,1.05521530822206
"biomass_all11",2009,59,1.02806076456491
"biomass_all11",2010,60,0.956573959979353
"biomass_all11",2011,61,0.922822264376877
"biomass_all11",2012,62,0.943883628292655
"biomass_all11",2013,63,0.943795880455412
"biomass_all11",2014,64,1.0307802727045
"biomass_all11",2015,65,1.21049384684304
"biomass_all11",2016,66,1.2574645792521
"biomass_all11",2017,67,1.09192168070841
"biomass_all11",2018,68,0.940102313694938
"biomass_all11",2019,69,0.922580620933773
"biomass_all11",2020,70,0.984484620527701
"biomass_all11",2021,71,1.20256548105577
"biomass_all11",2022,72,1.37345492045799
"biomass_all11",2023,73,1.35909060190548
"biomass_all11",2024,74,1.31351445411222
"biomass_all11",2025,75,1.12538394025712
"biomass_focal9",1951,1,NA
"biomass_focal9",1952,2,NA
"biomass_focal9",1953,3,1.07337201747917
"biomass_focal9",1954,4,0.838070894821375
"biomass_focal9",1955,5,0.9442757022144
"biomass_focal9",1956,6,0.981185148459974
"biomass_focal9",1957,7,0.94209121229121
"biomass_focal9",1958,8,1.00669961136023
"biomass_focal9",1959,9,0.907401551695566
"biomass_focal9",1960,10,1.20191704116544
"biomass_focal9",1961,11,1.23219719810265
"biomass_focal9",1962,12,1.14697746078053
"biomass_focal9",1963,13,0.846618616381606
"biomass_focal9",1964,14,1.03612927232651
"biomass_focal9",1965,15,0.969572097190832
"biomass_focal9",1966,16,0.806697065934978
"biomass_focal9",1967,17,1.06716863917032
"biomass_focal9",1968,18,1.0356307413045
"biomass_focal9",1969,19,1.08228658751565
"biomass_focal9",1970,20,1.08042012910039
"biomass_focal9",1971,21,1.07744910629469
"biomass_focal9",1972,22,1.07195257199409
"biomass_focal9",1973,23,0.970385126357916
"biomass_focal9",1974,24,0.861429973454674
"biomass_focal9",1975,25,1.06119725503869
"biomass_focal9",1976,26,1.09478445338276
"biomass_focal9",1977,27,1.0740920708814
"biomass_focal9",1978,28,0.96616281130311
"biomass_focal9",1979,29,0.940379057000676
"biomass_focal9",1980,30,0.732555979043554
"biomass_focal9",1981,31,1.19614287404166
"biomass_focal9",1982,32,1.20627267436502
"biomass_focal9",1983,33,1.15961848174063
"biomass_focal9",1984,34,1.2938364451198
"biomass_focal9",1985,35,1.2047605564131
"biomass_focal9",1986,36,1.10464233336805
"biomass_focal9",1987,37,0.866760917195165
"biomass_focal9",1988,38,0.826476055041583
"biomass_focal9",1989,39,0.804874646674694
"biomass_focal9",1990,40,0.795919607269578
"biomass_focal9",1991,41,0.878607559351594
"biomass_focal9",1992,42,0.843941862014743
"biomass_focal9",1993,43,0.730697075159458
"biomass_focal9",1994,44,0.894865868532182
"biomass_focal9",1995,45,1.05771257109518
"biomass_focal9",1996,46,1.07643416474651
"biomass_focal9",1997,47,1.07601841052833
"biomass_focal9",1998,48,1.06113720988069
"biomass_focal9",1999,49,1.05193543428332
"biomass_focal9",2000,50,1.03496508745411
"biomass_focal9",2001,51,1.05458124993061
"biomass_focal9",2002,52,1.01116116664574
"biomass_focal9",2003,53,1.09371592075172
"biomass_focal9",2004,54,1.05274814614882
"biomass_focal9",2005,55,1.05630206300078
"biomass_focal9",2006,56,1.06550456807433
"biomass_focal9",2007,57,1.0741895103394
"biomass_focal9",2008,58,1.078403642782
"biomass_focal9",2009,59,1.0791193972304
"biomass_focal9",2010,60,1.01852091285531
"biomass_focal9",2011,61,0.834540242354535
"biomass_focal9",2012,62,0.754536958356756
"biomass_focal9",2013,63,0.788732565918387
"biomass_focal9",2014,64,0.884382014667672
"biomass_focal9",2015,65,0.838866730452864
"biomass_focal9",2016,66,0.772550687554261
"biomass_focal9",2017,67,0.798819678209128
"biomass_focal9",2018,68,0.752571970946615
"biomass_focal9",2019,69,0.932458599646739
"biomass_focal9",2020,70,0.808414385916531
"biomass_focal9",2021,71,0.870953319323921
"biomass_focal9",2022,72,0.825595029653169
"biomass_focal9",2023,73,0.811169654775206
"biomass_focal9",2024,74,0.828831305152767
"biomass_focal9",2025,75,0.803475684252685
"biomass_all11_lo80",1951,1,NA
"biomass_all11_lo80",1952,2,NA
"biomass_all11_lo80",1953,3,1.1876833020568
"biomass_all11_lo80",1954,4,0.768171245920594
"biomass_all11_lo80",1955,5,0.971736697532677
"biomass_all11_lo80",1956,6,0.977229338546493
"biomass_all11_lo80",1957,7,0.951258554653405
"biomass_all11_lo80",1958,8,0.998321936089719
"biomass_all11_lo80",1959,9,0.897511022078412
"biomass_all11_lo80",1960,10,1.20926835268783
"biomass_all11_lo80",1961,11,1.145293202471
"biomass_all11_lo80",1962,12,1.02206451623259
"biomass_all11_lo80",1963,13,0.88805539611363
"biomass_all11_lo80",1964,14,1.00773435643532
"biomass_all11_lo80",1965,15,0.977205949036271
"biomass_all11_lo80",1966,16,0.804717052432877
"biomass_all11_lo80",1967,17,1.07122334254226
"biomass_all11_lo80",1968,18,1.00778930081745
"biomass_all11_lo80",1969,19,1.06835534417034
"biomass_all11_lo80",1970,20,1.06864292635904
"biomass_all11_lo80",1971,21,1.06497587909908
"biomass_all11_lo80",1972,22,1.03721744625801
"biomass_all11_lo80",1973,23,0.766802467276091
"biomass_all11_lo80",1974,24,0.791933940765736
"biomass_all11_lo80",1975,25,1.22460135507237
"biomass_all11_lo80",1976,26,1.13930196386473
"biomass_all11_lo80",1977,27,0.940207111828188
"biomass_all11_lo80",1978,28,0.961145806771749
"biomass_all11_lo80",1979,29,0.907315897831129
"biomass_all11_lo80",1980,30,0.702446129477332
"biomass_all11_lo80",1981,31,1.17669998071687
"biomass_all11_lo80",1982,32,1.23712942116533
"biomass_all11_lo80",1983,33,1.19907290510714
"biomass_all11_lo80",1984,34,1.24912987329367
"biomass_all11_lo80",1985,35,1.15310388308457
"biomass_all11_lo80",1986,36,1.20510985668889
"biomass_all11_lo80",1987,37,0.828659602906199
"biomass_all11_lo80",1988,38,0.82607431398108
"biomass_all11_lo80",1989,39,0.828210715756929
"biomass_all11_lo80",1990,40,0.838249229392689
"biomass_all11_lo80",1991,41,0.866193995184879
"biomass_all11_lo80",1992,42,1.12737568313732
"biomass_all11_lo80",1993,43,0.842194995765471
"biomass_all11_lo80",1994,44,0.725619526166221
"biomass_all11_lo80",1995,45,1.01335600439948
"biomass_all11_lo80",1996,46,1.05702517451382
"biomass_all11_lo80",1997,47,1.06188320973861
"biomass_all11_lo80",1998,48,1.04991540020803
"biomass_all11_lo80",1999,49,1.04566447296871
"biomass_all11_lo80",2000,50,1.03412363327131
"biomass_all11_lo80",2001,51,1.04234787850672
"biomass_all11_lo80",2002,52,1.00260118896993
"biomass_all11_lo80",2003,53,1.06707817013028
"biomass_all11_lo80",2004,54,1.02497038259893
"biomass_all11_lo80",2005,55,1.0435082001252
"biomass_all11_lo80",2006,56,1.05439254694119
"biomass_all11_lo80",2007,57,1.06918930013593
"biomass_all11_lo80",2008,58,1.06089892221684
"biomass_all11_lo80",2009,59,1.06819780943527
"biomass_all11_lo80",2010,60,1.00808239923484
"biomass_all11_lo80",2011,61,0.815081029135011
"biomass_all11_lo80",2012,62,0.766345052498546
"biomass_all11_lo80",2013,63,0.798680840957813
"biomass_all11_lo80",2014,64,0.853962838612463
"biomass_all11_lo80",2015,65,0.825367642831045
"biomass_all11_lo80",2016,66,0.795845193387331
"biomass_all11_lo80",2017,67,0.790772933902188
"biomass_all11_lo80",2018,68,0.771073568343899
"biomass_all11_lo80",2019,69,0.902858850603945
"biomass_all11_lo80",2020,70,0.811335110931186
"biomass_all11_lo80",2021,71,0.846198685174823
"biomass_all11_lo80",2022,72,0.825457964224707
"biomass_all11_lo80",2023,73,0.819951337057369
"biomass_all11_lo80",2024,74,0.822736376096934
"biomass_all11_lo80",2025,75,0.80638534516328
"biomass_all11_hi80",1951,1,NA
"biomass_all11_hi80",1952,2,NA
"biomass_all11_hi80",1953,3,0.920190739186341
"biomass_all11_hi80",1954,4,0.829611072452991
"biomass_all11_hi80",1955,5,0.85339858279112
"biomass_all11_hi80",1956,6,1.06271975671847
"biomass_all11_hi80",1957,7,1.1955817254801
"biomass_all11_hi80",1958,8,0.848442365491481
"biomass_all11_hi80",1959,9,0.885037443120113
"biomass_all11_hi80",1960,10,1.00664138840065
"biomass_all11_hi80",1961,11,0.933598287196898
"biomass_all11_hi80",1962,12,0.749819546121191
"biomass_all11_hi80",1963,13,0.79002608293347
"biomass_all11_hi80",1964,14,0.859162421144113
"biomass_all11_hi80",1965,15,0.824198034758167
"biomass_all11_hi80",1966,16,0.76472706406348
"biomass_all11_hi80",1967,17,0.988927269660137
"biomass_all11_hi80",1968,18,1.01230216380289
"biomass_all11_hi80",1969,19,1.01351196081297
"biomass_all11_hi80",1970,20,1.01376189452104
"biomass_all11_hi80",1971,21,1.00636885696755
"biomass_all11_hi80",1972,22,1.02151075640851
"biomass_all11_hi80",1973,23,1.02741097306764
"biomass_all11_hi80",1974,24,1.02026814039354
"biomass_all11_hi80",1975,25,1.03178326408218
"biomass_all11_hi80",1976,26,1.01586242494621
"biomass_all11_hi80",1977,27,0.953961611386229
"biomass_all11_hi80",1978,28,0.801892741313178
"biomass_all11_hi80",1979,29,0.806416500251069
"biomass_all11_hi80",1980,30,0.723347303143744
"biomass_all11_hi80",1981,31,0.995746998102675
"biomass_all11_hi80",1982,32,1.05075625497353
"biomass_all11_hi80",1983,33,1.02778502747989
"biomass_all11_hi80",1984,34,1.07352917447649
"biomass_all11_hi80",1985,35,1.04288967945743
"biomass_all11_hi80",1986,36,1.03842810599688
"biomass_all11_hi80",1987,37,1.01523496514182
"biomass_all11_hi80",1988,38,1.01804135839707
"biomass_all11_hi80",1989,39,1.01759230459142
"biomass_all11_hi80",1990,40,1.01634329534424
"biomass_all11_hi80",1991,41,1.02190533451084
"biomass_all11_hi80",1992,42,1.03668552323332
"biomass_all11_hi80",1993,43,1.0275540404791
"biomass_all11_hi80",1994,44,1.01342572668948
"biomass_all11_hi80",1995,45,1.01418434001756
"biomass_all11_hi80",1996,46,1.01136916061512
"biomass_all11_hi80",1997,47,1.00921075856665
"biomass_all11_hi80",1998,48,0.995567558174099
"biomass_all11_hi80",1999,49,1.00844440632483
"biomass_all11_hi80",2000,50,0.997562671061758
"biomass_all11_hi80",2001,51,1.00980718770836
"biomass_all11_hi80",2002,52,0.984480474243647
"biomass_all11_hi80",2003,53,1.02948525243297
"biomass_all11_hi80",2004,54,1.00664982837025
"biomass_all11_hi80",2005,55,1.00776110380559
"biomass_all11_hi80",2006,56,1.01648312267249
"biomass_all11_hi80",2007,57,1.01942257541455
"biomass_all11_hi80",2008,58,1.01798324132653
"biomass_all11_hi80",2009,59,1.01970362783999
"biomass_all11_hi80",2010,60,1.03790205588367
"biomass_all11_hi80",2011,61,1.02702844102226
"biomass_all11_hi80",2012,62,0.948795083145966
"biomass_all11_hi80",2013,63,0.71836608409092
"biomass_all11_hi80",2014,64,0.764075252574997
"biomass_all11_hi80",2015,65,0.83073741076872
"biomass_all11_hi80",2016,66,1.20261171970588
"biomass_all11_hi80",2017,67,0.998161706277336
"biomass_all11_hi80",2018,68,1.06699372091942
"biomass_all11_hi80",2019,69,1.11340094956668
"biomass_all11_hi80",2020,70,1.25215778128191
"biomass_all11_hi80",2021,71,1.37493431315795
"biomass_all11_hi80",2022,72,1.39271658762301
"biomass_all11_hi80",2023,73,1.30268223654329
"biomass_all11_hi80",2024,74,1.44948698267551
"biomass_all11_hi80",2025,75,1.31869693718793
