year,sb_kt_digitized,source,note
1951,77.617,DFO CSAS SR 2025/005 Fig 8(d),black SB median line; auto pixel-trace; y-cal from red LRP=6.452 & blue 0.75SBprod=19.107 (Table 19)
1952,7.772,DFO CSAS SR 2025/005 Fig 8(d),black SB median line; auto pixel-trace; y-cal from red LRP=6.452 & blue 0.75SBprod=19.107 (Table 19)
1953,9.216,DFO CSAS SR 2025/005 Fig 8(d),black SB median line; auto pixel-trace; y-cal from red LRP=6.452 & blue 0.75SBprod=19.107 (Table 19)
1954,28.109,DFO CSAS SR 2025/005 Fig 8(d),black SB median line; auto pixel-trace; y-cal from red LRP=6.452 & blue 0.75SBprod=19.107 (Table 19)
1955,51.001,DFO CSAS SR 2025/005 Fig 8(d),black SB median line; auto pixel-trace; y-cal from red LRP=6.452 & blue 0.75SBprod=19.107 (Table 19)
1956,43.0,DFO CSAS SR 2025/005 Fig 8(d),black SB median line; auto pixel-trace; y-cal from red LRP=6.452 & blue 0.75SBprod=19.107 (Table 19)
1957,11.884,DFO CSAS SR 2025/005 Fig 8(d),black SB median line; auto pixel-trace; y-cal from red LRP=6.452 & blue 0.75SBprod=19.107 (Table 19)
1958,4.382,DFO CSAS SR 2025/005 Fig 8(d),black SB median line; auto pixel-trace; y-cal from red LRP=6.452 & blue 0.75SBprod=19.107 (Table 19)
1959,3.882,DFO CSAS SR 2025/005 Fig 8(d),black SB median line; auto pixel-trace; y-cal from red LRP=6.452 & blue 0.75SBprod=19.107 (Table 19)
1960,6.994,DFO CSAS SR 2025/005 Fig 8(d),black SB median line; auto pixel-trace; y-cal from red LRP=6.452 & blue 0.75SBprod=19.107 (Table 19)
1961,14.273,DFO CSAS SR 2025/005 Fig 8(d),black SB median line; auto pixel-trace; y-cal from red LRP=6.452 & blue 0.75SBprod=19.107 (Table 19)
1962,24.607,DFO CSAS SR 2025/005 Fig 8(d),black SB median line; auto pixel-trace; y-cal from red LRP=6.452 & blue 0.75SBprod=19.107 (Table 19)
1963,29.053,DFO CSAS SR 2025/005 Fig 8(d),black SB median line; auto pixel-trace; y-cal from red LRP=6.452 & blue 0.75SBprod=19.107 (Table 19)
1964,18.496,DFO CSAS SR 2025/005 Fig 8(d),black SB median line; auto pixel-trace; y-cal from red LRP=6.452 & blue 0.75SBprod=19.107 (Table 19)
1965,5.549,DFO CSAS SR 2025/005 Fig 8(d),black SB median line; auto pixel-trace; y-cal from red LRP=6.452 & blue 0.75SBprod=19.107 (Table 19)
1966,1.715,DFO CSAS SR 2025/005 Fig 8(d),black SB median line; auto pixel-trace; y-cal from red LRP=6.452 & blue 0.75SBprod=19.107 (Table 19)
1967,2.382,DFO CSAS SR 2025/005 Fig 8(d),black SB median line; auto pixel-trace; y-cal from red LRP=6.452 & blue 0.75SBprod=19.107 (Table 19)
1968,2.715,DFO CSAS SR 2025/005 Fig 8(d),black SB median line; auto pixel-trace; y-cal from red LRP=6.452 & blue 0.75SBprod=19.107 (Table 19)
1969,3.326,DFO CSAS SR 2025/005 Fig 8(d),black SB median line; auto pixel-trace; y-cal from red LRP=6.452 & blue 0.75SBprod=19.107 (Table 19)
1970,4.604,DFO CSAS SR 2025/005 Fig 8(d),black SB median line; auto pixel-trace; y-cal from red LRP=6.452 & blue 0.75SBprod=19.107 (Table 19)
1971,7.938,DFO CSAS SR 2025/005 Fig 8(d),black SB median line; auto pixel-trace; y-cal from red LRP=6.452 & blue 0.75SBprod=19.107 (Table 19)
1972,13.384,DFO CSAS SR 2025/005 Fig 8(d),black SB median line; auto pixel-trace; y-cal from red LRP=6.452 & blue 0.75SBprod=19.107 (Table 19)
1973,19.496,DFO CSAS SR 2025/005 Fig 8(d),black SB median line; auto pixel-trace; y-cal from red LRP=6.452 & blue 0.75SBprod=19.107 (Table 19)
1974,25.83,DFO CSAS SR 2025/005 Fig 8(d),black SB median line; auto pixel-trace; y-cal from red LRP=6.452 & blue 0.75SBprod=19.107 (Table 19)
1975,29.442,DFO CSAS SR 2025/005 Fig 8(d),black SB median line; auto pixel-trace; y-cal from red LRP=6.452 & blue 0.75SBprod=19.107 (Table 19)
1976,26.497,DFO CSAS SR 2025/005 Fig 8(d),black SB median line; auto pixel-trace; y-cal from red LRP=6.452 & blue 0.75SBprod=19.107 (Table 19)
1977,20.996,DFO CSAS SR 2025/005 Fig 8(d),black SB median line; auto pixel-trace; y-cal from red LRP=6.452 & blue 0.75SBprod=19.107 (Table 19)
1978,15.273,DFO CSAS SR 2025/005 Fig 8(d),black SB median line; auto pixel-trace; y-cal from red LRP=6.452 & blue 0.75SBprod=19.107 (Table 19)
1979,16.44,DFO CSAS SR 2025/005 Fig 8(d),black SB median line; auto pixel-trace; y-cal from red LRP=6.452 & blue 0.75SBprod=19.107 (Table 19)
1980,27.108,DFO CSAS SR 2025/005 Fig 8(d),black SB median line; auto pixel-trace; y-cal from red LRP=6.452 & blue 0.75SBprod=19.107 (Table 19)
1981,34.332,DFO CSAS SR 2025/005 Fig 8(d),black SB median line; auto pixel-trace; y-cal from red LRP=6.452 & blue 0.75SBprod=19.107 (Table 19)
1982,30.72,DFO CSAS SR 2025/005 Fig 8(d),black SB median line; auto pixel-trace; y-cal from red LRP=6.452 & blue 0.75SBprod=19.107 (Table 19)
1983,27.386,DFO CSAS SR 2025/005 Fig 8(d),black SB median line; auto pixel-trace; y-cal from red LRP=6.452 & blue 0.75SBprod=19.107 (Table 19)
1984,27.275,DFO CSAS SR 2025/005 Fig 8(d),black SB median line; auto pixel-trace; y-cal from red LRP=6.452 & blue 0.75SBprod=19.107 (Table 19)
1985,26.053,DFO CSAS SR 2025/005 Fig 8(d),black SB median line; auto pixel-trace; y-cal from red LRP=6.452 & blue 0.75SBprod=19.107 (Table 19)
1986,23.052,DFO CSAS SR 2025/005 Fig 8(d),black SB median line; auto pixel-trace; y-cal from red LRP=6.452 & blue 0.75SBprod=19.107 (Table 19)
1987,23.33,DFO CSAS SR 2025/005 Fig 8(d),black SB median line; auto pixel-trace; y-cal from red LRP=6.452 & blue 0.75SBprod=19.107 (Table 19)
1988,28.831,DFO CSAS SR 2025/005 Fig 8(d),black SB median line; auto pixel-trace; y-cal from red LRP=6.452 & blue 0.75SBprod=19.107 (Table 19)
1989,29.609,DFO CSAS SR 2025/005 Fig 8(d),black SB median line; auto pixel-trace; y-cal from red LRP=6.452 & blue 0.75SBprod=19.107 (Table 19)
1990,22.496,DFO CSAS SR 2025/005 Fig 8(d),black SB median line; auto pixel-trace; y-cal from red LRP=6.452 & blue 0.75SBprod=19.107 (Table 19)
1991,15.829,DFO CSAS SR 2025/005 Fig 8(d),black SB median line; auto pixel-trace; y-cal from red LRP=6.452 & blue 0.75SBprod=19.107 (Table 19)
1992,14.273,DFO CSAS SR 2025/005 Fig 8(d),black SB median line; auto pixel-trace; y-cal from red LRP=6.452 & blue 0.75SBprod=19.107 (Table 19)
1993,9.439,DFO CSAS SR 2025/005 Fig 8(d),black SB median line; auto pixel-trace; y-cal from red LRP=6.452 & blue 0.75SBprod=19.107 (Table 19)
1994,6.772,DFO CSAS SR 2025/005 Fig 8(d),black SB median line; auto pixel-trace; y-cal from red LRP=6.452 & blue 0.75SBprod=19.107 (Table 19)
1995,8.05,DFO CSAS SR 2025/005 Fig 8(d),black SB median line; auto pixel-trace; y-cal from red LRP=6.452 & blue 0.75SBprod=19.107 (Table 19)
1996,11.328,DFO CSAS SR 2025/005 Fig 8(d),black SB median line; auto pixel-trace; y-cal from red LRP=6.452 & blue 0.75SBprod=19.107 (Table 19)
1997,14.328,DFO CSAS SR 2025/005 Fig 8(d),black SB median line; auto pixel-trace; y-cal from red LRP=6.452 & blue 0.75SBprod=19.107 (Table 19)
1998,12.661,DFO CSAS SR 2025/005 Fig 8(d),black SB median line; auto pixel-trace; y-cal from red LRP=6.452 & blue 0.75SBprod=19.107 (Table 19)
1999,7.438,DFO CSAS SR 2025/005 Fig 8(d),black SB median line; auto pixel-trace; y-cal from red LRP=6.452 & blue 0.75SBprod=19.107 (Table 19)
2000,4.604,DFO CSAS SR 2025/005 Fig 8(d),black SB median line; auto pixel-trace; y-cal from red LRP=6.452 & blue 0.75SBprod=19.107 (Table 19)
2001,4.16,DFO CSAS SR 2025/005 Fig 8(d),black SB median line; auto pixel-trace; y-cal from red LRP=6.452 & blue 0.75SBprod=19.107 (Table 19)
2002,4.827,DFO CSAS SR 2025/005 Fig 8(d),black SB median line; auto pixel-trace; y-cal from red LRP=6.452 & blue 0.75SBprod=19.107 (Table 19)
2003,5.327,DFO CSAS SR 2025/005 Fig 8(d),black SB median line; auto pixel-trace; y-cal from red LRP=6.452 & blue 0.75SBprod=19.107 (Table 19)
2004,4.771,DFO CSAS SR 2025/005 Fig 8(d),black SB median line; auto pixel-trace; y-cal from red LRP=6.452 & blue 0.75SBprod=19.107 (Table 19)
2005,4.938,DFO CSAS SR 2025/005 Fig 8(d),black SB median line; auto pixel-trace; y-cal from red LRP=6.452 & blue 0.75SBprod=19.107 (Table 19)
2006,5.16,DFO CSAS SR 2025/005 Fig 8(d),black SB median line; auto pixel-trace; y-cal from red LRP=6.452 & blue 0.75SBprod=19.107 (Table 19)
2007,5.882,DFO CSAS SR 2025/005 Fig 8(d),black SB median line; auto pixel-trace; y-cal from red LRP=6.452 & blue 0.75SBprod=19.107 (Table 19)
2008,6.105,DFO CSAS SR 2025/005 Fig 8(d),black SB median line; auto pixel-trace; y-cal from red LRP=6.452 & blue 0.75SBprod=19.107 (Table 19)
2009,6.66,DFO CSAS SR 2025/005 Fig 8(d),black SB median line; auto pixel-trace; y-cal from red LRP=6.452 & blue 0.75SBprod=19.107 (Table 19)
2010,6.66,DFO CSAS SR 2025/005 Fig 8(d),black SB median line; auto pixel-trace; y-cal from red LRP=6.452 & blue 0.75SBprod=19.107 (Table 19)
2011,7.661,DFO CSAS SR 2025/005 Fig 8(d),black SB median line; auto pixel-trace; y-cal from red LRP=6.452 & blue 0.75SBprod=19.107 (Table 19)
2012,10.439,DFO CSAS SR 2025/005 Fig 8(d),black SB median line; auto pixel-trace; y-cal from red LRP=6.452 & blue 0.75SBprod=19.107 (Table 19)
2013,10.717,DFO CSAS SR 2025/005 Fig 8(d),black SB median line; auto pixel-trace; y-cal from red LRP=6.452 & blue 0.75SBprod=19.107 (Table 19)
2014,8.105,DFO CSAS SR 2025/005 Fig 8(d),black SB median line; auto pixel-trace; y-cal from red LRP=6.452 & blue 0.75SBprod=19.107 (Table 19)
2015,6.216,DFO CSAS SR 2025/005 Fig 8(d),black SB median line; auto pixel-trace; y-cal from red LRP=6.452 & blue 0.75SBprod=19.107 (Table 19)
2016,6.549,DFO CSAS SR 2025/005 Fig 8(d),black SB median line; auto pixel-trace; y-cal from red LRP=6.452 & blue 0.75SBprod=19.107 (Table 19)
2017,9.105,DFO CSAS SR 2025/005 Fig 8(d),black SB median line; auto pixel-trace; y-cal from red LRP=6.452 & blue 0.75SBprod=19.107 (Table 19)
2018,11.828,DFO CSAS SR 2025/005 Fig 8(d),black SB median line; auto pixel-trace; y-cal from red LRP=6.452 & blue 0.75SBprod=19.107 (Table 19)
2019,10.661,DFO CSAS SR 2025/005 Fig 8(d),black SB median line; auto pixel-trace; y-cal from red LRP=6.452 & blue 0.75SBprod=19.107 (Table 19)
2020,7.827,DFO CSAS SR 2025/005 Fig 8(d),black SB median line; auto pixel-trace; y-cal from red LRP=6.452 & blue 0.75SBprod=19.107 (Table 19)
2021,6.772,DFO CSAS SR 2025/005 Fig 8(d),black SB median line; auto pixel-trace; y-cal from red LRP=6.452 & blue 0.75SBprod=19.107 (Table 19)
2022,7.216,DFO CSAS SR 2025/005 Fig 8(d),black SB median line; auto pixel-trace; y-cal from red LRP=6.452 & blue 0.75SBprod=19.107 (Table 19)
2023,6.716,DFO CSAS SR 2025/005 Fig 8(d),black SB median line; auto pixel-trace; y-cal from red LRP=6.452 & blue 0.75SBprod=19.107 (Table 19)
2024,7.605,DFO CSAS SR 2025/005 Fig 8(d),black SB median line; auto pixel-trace; y-cal from red LRP=6.452 & blue 0.75SBprod=19.107 (Table 19)
