year,totalrecords,SHI,total_length,mean_width,mean_layers,spawn_date_xbar,spawn_date_sd,spawn_data_weight,spawn_date_min,spawn_date_max,dive_survey_percent,section,section_name,Latitude,Longitude
1951,0,0,0,0,0,NA,NA,NA,NA,NA,0,1,Tasu Sound & Gowgaia Bay,NA,NA
1951,0,0,0,0,0,NA,NA,NA,NA,NA,0,2,Englefield Bay,NA,NA
1951,0,0,0,0,0,NA,NA,NA,NA,NA,0,3,Rennell Sound,NA,NA
1951,0,0,0,0,0,NA,NA,NA,NA,NA,0,4,Cartwright Sound,NA,NA
1951,0,0,0,0,0,NA,NA,NA,NA,NA,0,5,Juan Perez Sound West,NA,NA
1951,0,0,0,0,0,NA,NA,NA,NA,NA,0,6,Louscoone Inlet,NA,NA
1951,0,0,0,0,0,NA,NA,NA,NA,NA,0,11,Masset Inlet,NA,NA
1951,0,0,0,0,0,NA,NA,NA,NA,NA,0,12,Cumshewa Inlet,NA,NA
1951,1,161.5,686,14.0,NA,94.0,0,161.5,94,94,0,21,Juan Perez Sound,52.4482,-131.2644
1951,5,150.9,1874,6.2,NA,155.4,14.3,150.9,136,171,0,22,Skidegate Inlet,53.2424,-131.9868
1951,0,0,0,0,0,NA,NA,NA,NA,NA,0,23,Naden Harbour,NA,NA
1951,0,0,0,0,0,NA,NA,NA,NA,NA,0,24,Laskeek Bay,NA,NA
1951,11,4051.2,9050,27.8,NA,92.9,1.0,4051.2,91,94,0,25,Skincuttle Inlet,52.3099,-131.2869
1952,0,0,0,0,0,NA,NA,NA,NA,NA,0,1,Tasu Sound & Gowgaia Bay,NA,NA
1952,0,0,0,0,0,NA,NA,NA,NA,NA,0,2,Englefield Bay,NA,NA
1952,0,0,0,0,0,NA,NA,NA,NA,NA,0,3,Rennell Sound,NA,NA
1952,0,0,0,0,0,NA,NA,NA,NA,NA,0,4,Cartwright Sound,NA,NA
1952,0,0,0,0,0,NA,NA,NA,NA,NA,0,5,Juan Perez Sound West,NA,NA
1952,0,0,0,0,0,NA,NA,NA,NA,NA,0,6,Louscoone Inlet,NA,NA
1952,0,0,0,0,0,NA,NA,NA,NA,NA,0,11,Masset Inlet,NA,NA
1952,0,0,0,0,0,NA,NA,NA,NA,NA,0,12,Cumshewa Inlet,NA,NA
1952,3,1857.0,6581,9.0,NA,107.3,9.3,1857.0,101,118,0,21,Juan Perez Sound,52.4325,-131.3184
1952,3,153.6,1006,12.0,NA,145.3,9.0,153.6,136,154,0,22,Skidegate Inlet,53.2378,-131.9899
1952,0,0,0,0,0,NA,NA,NA,NA,NA,0,23,Naden Harbour,NA,NA
1952,1,95.8,320,5.0,NA,120.0,0,95.8,120,120,0,24,Laskeek Bay,52.8594,-131.7936
1952,1,625.5,1097,82.0,NA,100.0,0,625.5,100,100,0,25,Skincuttle Inlet,52.3478,-131.2256
1953,0,0,0,0,0,NA,NA,NA,NA,NA,0,1,Tasu Sound & Gowgaia Bay,NA,NA
1953,0,0,0,0,0,NA,NA,NA,NA,NA,0,2,Englefield Bay,NA,NA
1953,2,93.9,2084,22.5,NA,101.0,0.0,93.9,101,101,0,3,Rennell Sound,53.4729,-132.7113
1953,1,109.0,484,9.0,NA,101.0,0,109.0,101,101,0,4,Cartwright Sound,53.1642,-132.4619
1953,0,0,0,0,0,NA,NA,NA,NA,NA,0,5,Juan Perez Sound West,NA,NA
1953,0,0,0,0,0,NA,NA,NA,NA,NA,0,6,Louscoone Inlet,NA,NA
1953,0,0,0,0,0,NA,NA,NA,NA,NA,0,11,Masset Inlet,NA,NA
1953,0,0,0,0,0,NA,NA,NA,NA,NA,0,12,Cumshewa Inlet,NA,NA
1953,2,208.7,960,7.5,NA,91.0,0.0,208.7,91,91,0,21,Juan Perez Sound,52.4003,-131.3597
1953,10,237.0,3894,5.2,NA,138.9,11.9,237.0,118,163,0,22,Skidegate Inlet,53.235,-131.9784
1953,0,0,0,0,0,NA,NA,NA,NA,NA,0,23,Naden Harbour,NA,NA
1953,3,203.9,2468,18.0,NA,121.3,0.6,203.9,121,122,0,24,Laskeek Bay,52.8437,-131.8713
1953,3,7142.4,12141,22.7,NA,92.0,1.0,7142.4,91,93,0,25,Skincuttle Inlet,52.331,-131.3001
1954,0,0,0,0,0,NA,NA,NA,NA,NA,0,1,Tasu Sound & Gowgaia Bay,NA,NA
1954,0,0,0,0,0,NA,NA,NA,NA,NA,0,2,Englefield Bay,NA,NA
1954,0,0,0,0,0,NA,NA,NA,NA,NA,0,3,Rennell Sound,NA,NA
1954,0,0,0,0,0,NA,NA,NA,NA,NA,0,4,Cartwright Sound,NA,NA
1954,0,0,0,0,0,NA,NA,NA,NA,NA,0,5,Juan Perez Sound West,NA,NA
1954,0,0,0,0,0,NA,NA,NA,NA,NA,0,6,Louscoone Inlet,NA,NA
1954,0,0,0,0,0,NA,NA,NA,NA,NA,0,11,Masset Inlet,NA,NA
1954,0,0,0,0,0,NA,NA,NA,NA,NA,0,12,Cumshewa Inlet,NA,NA
1954,3,3970.5,11425,8.7,NA,92.3,2.1,3970.5,90,94,0,21,Juan Perez Sound,52.3875,-131.3709
1954,10,229.1,2296,6.7,NA,144.4,20.5,229.1,127,176,0,22,Skidegate Inlet,53.2363,-132.0061
1954,0,0,0,0,0,NA,NA,NA,NA,NA,0,23,Naden Harbour,NA,NA
1954,4,2027.0,13846,11.5,NA,111.8,10.2,2027.0,105,127,0,24,Laskeek Bay,52.8342,-131.8728
1954,2,6410.4,8372,27.0,NA,91.0,0.0,6410.4,91,91,0,25,Skincuttle Inlet,52.3349,-131.3111
1955,0,0,0,0,0,NA,NA,NA,NA,NA,0,1,Tasu Sound & Gowgaia Bay,NA,NA
1955,0,0,0,0,0,NA,NA,NA,NA,NA,0,2,Englefield Bay,NA,NA
1955,0,0,0,0,0,NA,NA,NA,NA,NA,0,3,Rennell Sound,NA,NA
1955,0,0,0,0,0,NA,NA,NA,NA,NA,0,4,Cartwright Sound,NA,NA
1955,0,0,0,0,0,NA,NA,NA,NA,NA,0,5,Juan Perez Sound West,NA,NA
1955,0,0,0,0,0,NA,NA,NA,NA,NA,0,6,Louscoone Inlet,NA,NA
1955,0,0,0,0,0,NA,NA,NA,NA,NA,0,11,Masset Inlet,NA,NA
1955,0,0,0,0,0,NA,NA,NA,NA,NA,0,12,Cumshewa Inlet,NA,NA
1955,8,6199.0,17183,6.6,NA,94.5,6.5,6199.0,91,105,0,21,Juan Perez Sound,52.4156,-131.3373
1955,0,0,0,0,0,NA,NA,NA,NA,NA,0,22,Skidegate Inlet,NA,NA
1955,0,0,0,0,0,NA,NA,NA,NA,NA,0,23,Naden Harbour,NA,NA
1955,0,0,0,0,0,NA,NA,NA,NA,NA,0,24,Laskeek Bay,NA,NA
1955,2,238.0,1005,5.5,NA,99.0,1.4,238.0,98,100,0,25,Skincuttle Inlet,52.2996,-131.2718
1956,0,0,0,0,0,NA,NA,NA,NA,NA,0,1,Tasu Sound & Gowgaia Bay,NA,NA
1956,0,0,0,0,0,NA,NA,NA,NA,NA,0,2,Englefield Bay,NA,NA
1956,0,0,0,0,0,NA,NA,NA,NA,NA,0,3,Rennell Sound,NA,NA
1956,0,0,0,0,0,NA,NA,NA,NA,NA,0,4,Cartwright Sound,NA,NA
1956,0,0,0,0,0,NA,NA,NA,NA,NA,0,5,Juan Perez Sound West,NA,NA
1956,0,0,0,0,0,NA,NA,NA,NA,NA,0,6,Louscoone Inlet,NA,NA
1956,0,0,0,0,0,NA,NA,NA,NA,NA,0,11,Masset Inlet,NA,NA
1956,0,0,0,0,0,NA,NA,NA,NA,NA,0,12,Cumshewa Inlet,NA,NA
1956,1,60.5,804,3.0,NA,95.0,0,60.5,95,95,0,21,Juan Perez Sound,52.3775,-131.3569
1956,3,0.4,64,4.3,NA,171.0,0.0,0.4,171,171,0,22,Skidegate Inlet,53.2461,-131.9799
1956,0,0,0,0,0,NA,NA,NA,NA,NA,0,23,Naden Harbour,NA,NA
1956,0,0,0,0,0,NA,NA,NA,NA,NA,0,24,Laskeek Bay,NA,NA
1956,9,5981.8,20162,6.8,NA,92.2,6.4,5981.8,87,100,0,25,Skincuttle Inlet,52.3074,-131.2821
1957,0,0,0,0,0,NA,NA,NA,NA,NA,0,1,Tasu Sound & Gowgaia Bay,NA,NA
1957,0,0,0,0,0,NA,NA,NA,NA,NA,0,2,Englefield Bay,NA,NA
1957,1,3.8,183,5.0,NA,91.0,0,3.8,91,91,0,3,Rennell Sound,53.4875,-132.7486
1957,0,0,0,0,0,NA,NA,NA,NA,NA,0,4,Cartwright Sound,NA,NA
1957,0,0,0,0,0,NA,NA,NA,NA,NA,0,5,Juan Perez Sound West,NA,NA
1957,0,0,0,0,0,NA,NA,NA,NA,NA,0,6,Louscoone Inlet,NA,NA
1957,0,0,0,0,0,NA,NA,NA,NA,NA,0,11,Masset Inlet,NA,NA
1957,0,0,0,0,0,NA,NA,NA,NA,NA,0,12,Cumshewa Inlet,NA,NA
1957,2,1592.0,4708,8.0,NA,95.0,0.0,1592.0,95,95,0,21,Juan Perez Sound,52.3775,-131.3569
1957,2,4.8,73,4.0,NA,163.5,3.5,4.8,161,166,0,22,Skidegate Inlet,53.2277,-131.9917
1957,0,0,0,0,0,NA,NA,NA,NA,NA,0,23,Naden Harbour,NA,NA
1957,0,0,0,0,0,NA,NA,NA,NA,NA,0,24,Laskeek Bay,NA,NA
1957,0,0,0,0,0,NA,NA,NA,NA,NA,0,25,Skincuttle Inlet,NA,NA
1958,0,0,0,0,0,NA,NA,NA,NA,NA,0,1,Tasu Sound & Gowgaia Bay,NA,NA
1958,0,0,0,0,0,NA,NA,NA,NA,NA,0,2,Englefield Bay,NA,NA
1958,1,151.4,804,5.0,NA,91.0,0,151.4,91,91,0,3,Rennell Sound,53.3442,-132.4728
1958,0,0,0,0,0,NA,NA,NA,NA,NA,0,4,Cartwright Sound,NA,NA
1958,1,5.4,229,3.0,NA,95.0,0,5.4,95,95,0,5,Juan Perez Sound West,53.0569,-132.2769
1958,0,0,0,0,0,NA,NA,NA,NA,NA,0,6,Louscoone Inlet,NA,NA
1958,0,0,0,0,0,NA,NA,NA,NA,NA,0,11,Masset Inlet,NA,NA
1958,0,0,0,0,0,NA,NA,NA,NA,NA,0,12,Cumshewa Inlet,NA,NA
1958,1,670.6,1828,9.0,NA,81.0,0,670.6,81,81,0,21,Juan Perez Sound,52.3775,-131.3569
1958,1,14.6,183,7.0,NA,112.0,0,14.6,112,112,0,22,Skidegate Inlet,53.2483,-131.9864
1958,0,0,0,0,0,NA,NA,NA,NA,NA,0,23,Naden Harbour,NA,NA
1958,0,0,0,0,0,NA,NA,NA,NA,NA,0,24,Laskeek Bay,NA,NA
1958,2,144.0,731,5.0,NA,84.0,4.2,144.0,81,87,0,25,Skincuttle Inlet,52.3107,-131.269
1959,1,124.0,5850,9.0,NA,100.0,0,124.0,100,100,0,1,Tasu Sound & Gowgaia Bay,52.8208,-132.0614
1959,1,211.7,3290,14.0,NA,87.0,0,211.7,87,87,0,2,Englefield Bay,53.5969,-132.8828
1959,3,1270.4,4935,6.0,NA,84.0,0.0,1270.4,84,84,0,3,Rennell Sound,53.4028,-132.6542
1959,0,0,0,0,0,NA,NA,NA,NA,NA,0,4,Cartwright Sound,NA,NA
1959,1,309.9,3656,7.0,NA,100.0,0,309.9,100,100,0,5,Juan Perez Sound West,53.0075,-132.2783
1959,1,638.2,3199,9.0,NA,97.0,0,638.2,97,97,0,6,Louscoone Inlet,52.1708,-131.2294
1959,0,0,0,0,0,NA,NA,NA,NA,NA,0,11,Masset Inlet,NA,NA
1959,0,0,0,0,0,NA,NA,NA,NA,NA,0,12,Cumshewa Inlet,NA,NA
1959,1,490.6,1828,11.0,NA,78.0,0,490.6,78,78,0,21,Juan Perez Sound,52.3775,-131.3569
1959,3,122.9,1691,9.0,NA,108.7,2.9,122.9,107,112,0,22,Skidegate Inlet,53.2284,-131.969
1959,0,0,0,0,0,NA,NA,NA,NA,NA,0,23,Naden Harbour,NA,NA
1959,1,1288.4,5667,11.0,NA,108.0,0,1288.4,108,108,0,24,Laskeek Bay,52.6997,-131.5625
1959,4,6564.1,14076,10.2,NA,81.0,6.0,6564.1,78,90,0,25,Skincuttle Inlet,52.3313,-131.3308
1960,1,7.9,274,9.0,NA,97.0,0,7.9,97,97,0,1,Tasu Sound & Gowgaia Bay,52.8208,-132.0614
1960,1,396.8,1737,23.0,NA,90.0,0,396.8,90,90,0,2,Englefield Bay,53.6989,-132.9508
1960,2,1127.7,3747,11.0,NA,88.0,2.8,1127.7,86,90,0,3,Rennell Sound,53.3442,-132.4728
1960,0,0,0,0,0,NA,NA,NA,NA,NA,0,4,Cartwright Sound,NA,NA
1960,1,36.7,229,32.0,NA,95.0,0,36.7,95,95,0,5,Juan Perez Sound West,53.0075,-132.2783
1960,3,2163.3,6124,33.7,NA,97.7,0.6,2163.3,97,98,0,6,Louscoone Inlet,52.1708,-131.2294
1960,0,0,0,0,0,NA,NA,NA,NA,NA,0,11,Masset Inlet,NA,NA
1960,0,0,0,0,0,NA,NA,NA,NA,NA,0,12,Cumshewa Inlet,NA,NA
1960,1,2415.4,4753,18.0,NA,84.0,0,2415.4,84,84,0,21,Juan Perez Sound,52.3775,-131.3569
1960,6,104.5,1601,17.5,NA,122.5,18.4,104.5,99,146,0,22,Skidegate Inlet,53.2332,-131.976
1960,0,0,0,0,0,NA,NA,NA,NA,NA,0,23,Naden Harbour,NA,NA
1960,1,120.0,731,27.0,NA,115.0,0,120.0,115,115,0,24,Laskeek Bay,52.6964,-131.6267
1960,1,1900.2,3108,18.0,NA,84.0,0,1900.2,84,84,0,25,Skincuttle Inlet,52.3081,-131.3394
1961,1,67.2,5004,5.0,NA,87.0,0,67.2,87,87,0,1,Tasu Sound & Gowgaia Bay,52.7969,-131.9983
1961,2,134.6,1600,24.0,NA,97.5,21.9,134.6,82,113,0,2,Englefield Bay,53.6479,-132.9168
1961,2,283.1,2056,11.0,NA,87.0,0.0,283.1,87,87,0,3,Rennell Sound,53.3442,-132.4728
1961,0,0,0,0,0,NA,NA,NA,NA,NA,0,4,Cartwright Sound,NA,NA
1961,1,73.6,1371,27.0,NA,87.0,0,73.6,87,87,0,5,Juan Perez Sound West,53.0364,-132.4294
1961,3,1176.4,7221,5.0,NA,83.0,0.0,1176.4,83,83,0,6,Louscoone Inlet,52.1708,-131.2294
1961,0,0,0,0,0,NA,NA,NA,NA,NA,0,11,Masset Inlet,NA,NA
1961,0,0,0,0,0,NA,NA,NA,NA,NA,0,12,Cumshewa Inlet,NA,NA
1961,2,3212.2,15615,5.0,NA,85.0,0.0,3212.2,85,85,0,21,Juan Perez Sound,52.4003,-131.3597
1961,3,981.9,6033,29.7,NA,129.0,4.6,981.9,125,134,0,22,Skidegate Inlet,53.2243,-132.0025
1961,0,0,0,0,0,NA,NA,NA,NA,NA,0,23,Naden Harbour,NA,NA
1961,0,0,0,0,0,NA,NA,NA,NA,NA,0,24,Laskeek Bay,NA,NA
1961,2,4592.9,6033,15.0,NA,85.0,0.0,4592.9,85,85,0,25,Skincuttle Inlet,52.3267,-131.306
1962,1,31.8,1097,18.0,NA,86.0,0,31.8,86,86,0,1,Tasu Sound & Gowgaia Bay,52.8208,-132.0614
1962,2,835.3,3656,68.5,NA,82.5,0.7,835.3,82,83,0,2,Englefield Bay,53.6989,-132.9508
1962,2,785.0,6581,14.0,NA,81.0,0.0,785.0,81,81,0,3,Rennell Sound,53.3444,-132.4924
1962,0,0,0,0,0,NA,NA,NA,NA,NA,0,4,Cartwright Sound,NA,NA
1962,3,63.2,1280,11.3,NA,87.0,1.0,63.2,86,88,0,5,Juan Perez Sound West,53.0501,-132.3278
1962,1,547.0,2742,14.0,NA,96.0,0,547.0,96,96,0,6,Louscoone Inlet,52.1708,-131.2294
1962,0,0,0,0,0,NA,NA,NA,NA,NA,0,11,Masset Inlet,NA,NA
1962,0,0,0,0,0,NA,NA,NA,NA,NA,0,12,Cumshewa Inlet,NA,NA
1962,2,1208.8,3656,10.0,NA,81.5,2.1,1208.8,80,83,0,21,Juan Perez Sound,52.4003,-131.3597
1962,6,163.7,3610,9.3,NA,138.0,4.6,163.7,132,141,0,22,Skidegate Inlet,53.2351,-132.0088
1962,0,0,0,0,0,NA,NA,NA,NA,NA,0,23,Naden Harbour,NA,NA
1962,1,37.6,548,9.0,NA,81.0,0,37.6,81,81,0,24,Laskeek Bay,52.8756,-131.9897
1962,4,3936.8,8408,82.2,NA,80.8,1.5,3936.8,80,83,0,25,Skincuttle Inlet,52.3094,-131.3042
1963,0,0,0,0,0,NA,NA,NA,NA,NA,0,1,Tasu Sound & Gowgaia Bay,NA,NA
1963,10,1436.3,8592,7.0,NA,84.0,0.0,1436.3,84,84,0,2,Englefield Bay,53.6989,-132.9508
1963,0,0,0,0,0,NA,NA,NA,NA,NA,0,3,Rennell Sound,NA,NA
1963,0,0,0,0,0,NA,NA,NA,NA,NA,0,4,Cartwright Sound,NA,NA
1963,0,0,0,0,0,NA,NA,NA,NA,NA,0,5,Juan Perez Sound West,NA,NA
1963,0,0,0,0,0,NA,NA,NA,NA,NA,0,6,Louscoone Inlet,NA,NA
1963,0,0,0,0,0,NA,NA,NA,NA,NA,0,11,Masset Inlet,NA,NA
1963,0,0,0,0,0,NA,NA,NA,NA,NA,0,12,Cumshewa Inlet,NA,NA
1963,1,68.6,548,9.0,NA,87.0,0,68.6,87,87,0,21,Juan Perez Sound,52.4231,-131.3625
1963,4,43.2,1197,5.5,NA,135.0,8.8,43.2,129,148,0,22,Skidegate Inlet,53.2263,-131.9826
1963,0,0,0,0,0,NA,NA,NA,NA,NA,0,23,Naden Harbour,NA,NA
1963,1,12.6,183,9.0,NA,111.0,0,12.6,111,111,0,24,Laskeek Bay,52.8756,-131.9897
1963,6,7215.9,11379,19.5,NA,85.3,3.5,7215.9,81,90,0,25,Skincuttle Inlet,52.3499,-131.2678
1964,1,6.8,503,9.0,NA,84.0,0,6.8,84,84,0,1,Tasu Sound & Gowgaia Bay,52.8208,-132.0614
1964,7,301.0,5604,7.3,NA,86.0,0.0,301.0,86,86,0,2,Englefield Bay,53.6843,-132.9411
1964,2,555.3,2221,11.5,NA,86.5,2.1,555.3,85,88,0,3,Rennell Sound,53.3231,-132.4526
1964,1,70.6,676,27.0,NA,84.0,0,70.6,84,84,0,4,Cartwright Sound,53.1464,-132.3597
1964,2,35.2,595,22.5,NA,93.5,16.3,35.2,82,105,0,5,Juan Perez Sound West,53.0425,-132.3275
1964,4,909.1,4753,14.8,NA,62.0,3.5,909.1,59,67,0,6,Louscoone Inlet,52.1708,-131.2294
1964,0,0,0,0,0,NA,NA,NA,NA,NA,0,11,Masset Inlet,NA,NA
1964,0,0,0,0,0,NA,NA,NA,NA,NA,0,12,Cumshewa Inlet,NA,NA
1964,3,2553.4,6855,23.0,NA,74.3,7.5,2553.4,70,83,0,21,Juan Perez Sound,52.3881,-131.3752
1964,4,465.1,2651,14.8,NA,111.0,13.7,465.1,102,131,0,22,Skidegate Inlet,53.2337,-132.0183
1964,0,0,0,0,0,NA,NA,NA,NA,NA,0,23,Naden Harbour,NA,NA
1964,0,0,0,0,0,NA,NA,NA,NA,NA,0,24,Laskeek Bay,NA,NA
1964,2,642.0,1371,22.5,NA,76.0,1.4,642.0,75,77,0,25,Skincuttle Inlet,52.3003,-131.3076
1965,0,0,0,0,0,NA,NA,NA,NA,NA,0,1,Tasu Sound & Gowgaia Bay,NA,NA
1965,0,0,0,0,0,NA,NA,NA,NA,NA,0,2,Englefield Bay,NA,NA
1965,1,211.8,914,9.0,NA,80.0,0,211.8,80,80,0,3,Rennell Sound,NA,NA
1965,1,47.7,457,5.0,NA,110.0,0,47.7,110,110,0,4,Cartwright Sound,53.1464,-132.3597
1965,1,180.0,1554,9.0,NA,103.0,0,180.0,103,103,0,5,Juan Perez Sound West,53.0569,-132.2769
1965,2,169.0,1828,9.0,NA,79.0,0.0,169.0,79,79,0,6,Louscoone Inlet,52.1708,-131.2294
1965,0,0,0,0,0,NA,NA,NA,NA,NA,0,11,Masset Inlet,NA,NA
1965,0,0,0,0,0,NA,NA,NA,NA,NA,0,12,Cumshewa Inlet,NA,NA
1965,2,938.7,2559,9.0,NA,94.0,0.0,938.7,94,94,0,21,Juan Perez Sound,52.3775,-131.3569
1965,1,0.3,18,5.0,NA,140.0,0,0.3,140,140,0,22,Skidegate Inlet,53.2483,-131.9864
1965,0,0,0,0,0,NA,NA,NA,NA,NA,0,23,Naden Harbour,NA,NA
1965,2,270.6,1828,7.0,NA,87.0,1.4,270.6,86,88,0,24,Laskeek Bay,52.8756,-131.9897
1965,0,0,0,0,0,NA,NA,NA,NA,NA,0,25,Skincuttle Inlet,NA,NA
1966,0,0,0,0,0,NA,NA,NA,NA,NA,0,1,Tasu Sound & Gowgaia Bay,NA,NA
1966,5,14.1,301,23.0,NA,90.0,0.0,14.1,90,90,0,2,Englefield Bay,53.6989,-132.9508
1966,2,7.2,137,4.0,NA,91.0,0.0,7.2,91,91,0,3,Rennell Sound,53.3442,-132.4728
1966,0,0,0,0,0,NA,NA,NA,NA,NA,0,4,Cartwright Sound,NA,NA
1966,1,2.2,91,9.0,NA,104.0,0,2.2,104,104,0,5,Juan Perez Sound West,53.0413,-132.3419
1966,0,0,0,0,0,NA,NA,NA,NA,NA,0,6,Louscoone Inlet,NA,NA
1966,0,0,0,0,0,NA,NA,NA,NA,NA,0,11,Masset Inlet,NA,NA
1966,0,0,0,0,0,NA,NA,NA,NA,NA,0,12,Cumshewa Inlet,NA,NA
1966,8,2691.5,8591,27.0,NA,104.0,5.9,2691.5,95,111,0,21,Juan Perez Sound,52.3769,-131.3611
1966,2,97.4,457,18.0,NA,132.0,1.4,97.4,131,133,0,22,Skidegate Inlet,53.2331,-131.9883
1966,0,0,0,0,0,NA,NA,NA,NA,NA,0,23,Naden Harbour,NA,NA
1966,1,37.6,548,6.0,NA,95.0,0,37.6,95,95,0,24,Laskeek Bay,52.8756,-131.9897
1966,3,95.3,603,13.0,NA,99.0,7.8,95.3,94,108,0,25,Skincuttle Inlet,52.3472,-131.3617
1967,2,5.7,320,4.0,NA,96.0,0.0,5.7,96,96,0,1,Tasu Sound & Gowgaia Bay,52.8208,-132.0614
1967,9,203.0,4717,41.7,NA,85.0,3.6,203.0,81,88,0,2,Englefield Bay,53.6536,-132.9206
1967,0,0,0,0,0,NA,NA,NA,NA,NA,0,3,Rennell Sound,NA,NA
1967,0,0,0,0,0,NA,NA,NA,NA,NA,0,4,Cartwright Sound,NA,NA
1967,2,52.9,457,11.5,NA,86.0,0.0,52.9,86,86,0,5,Juan Perez Sound West,53.0413,-132.3419
1967,1,4.6,69,5.0,NA,84.0,0,4.6,84,84,0,6,Louscoone Inlet,52.1708,-131.2294
1967,0,0,0,0,0,NA,NA,NA,NA,NA,0,11,Masset Inlet,NA,NA
1967,0,0,0,0,0,NA,NA,NA,NA,NA,0,12,Cumshewa Inlet,NA,NA
1967,2,619.7,1463,34.5,NA,101.5,7.8,619.7,96,107,0,21,Juan Perez Sound,52.4092,-131.4117
1967,3,14.3,311,15.0,NA,127.7,23.7,14.3,114,155,0,22,Skidegate Inlet,53.2459,-131.8974
1967,3,58.9,389,18.7,NA,110.0,0.0,58.9,110,110,0,23,Naden Harbour,53.0324,-131.9384
1967,1,27.1,183,1.0,NA,107.0,0,27.1,107,107,0,24,Laskeek Bay,52.8756,-131.9897
1967,0,0,0,0,0,NA,NA,NA,NA,NA,0,25,Skincuttle Inlet,NA,NA
1968,0,0,0,0,0,NA,NA,NA,NA,NA,0,1,Tasu Sound & Gowgaia Bay,NA,NA
1968,1,0.8,27,5.0,NA,100.0,0,0.8,100,100,0,2,Englefield Bay,53.5969,-132.8828
1968,3,54.6,458,6.3,NA,105.0,0.0,54.6,105,105,0,3,Rennell Sound,53.3442,-132.4728
1968,0,0,0,0,0,NA,NA,NA,NA,NA,0,4,Cartwright Sound,NA,NA
1968,3,17.2,320,9.0,NA,95.0,13.9,17.2,79,103,0,5,Juan Perez Sound West,53.0413,-132.3419
1968,1,18.7,457,9.0,NA,102.0,0,18.7,102,102,0,6,Louscoone Inlet,52.1708,-131.2294
1968,6,195.9,2605,23.0,NA,171.0,7.8,195.9,161,177,0,11,Masset Inlet,53.6484,-132.5049
1968,0,0,0,0,0,NA,NA,NA,NA,NA,0,12,Cumshewa Inlet,NA,NA
1968,7,657.6,1851,8.0,NA,99.9,5.4,657.6,92,103,0,21,Juan Perez Sound,52.3657,-131.3656
1968,4,60.4,593,15.8,NA,137.0,8.5,60.4,129,149,0,22,Skidegate Inlet,53.245,-131.9705
1968,0,0,0,0,0,NA,NA,NA,NA,NA,0,23,Naden Harbour,NA,NA
1968,0,0,0,0,0,NA,NA,NA,NA,NA,0,24,Laskeek Bay,NA,NA
1968,3,156.9,480,6.0,NA,93.3,1.2,156.9,92,94,0,25,Skincuttle Inlet,52.3321,-131.3537
1969,1,0.8,137,5.0,NA,102.0,0,0.8,102,102,0,1,Tasu Sound & Gowgaia Bay,52.7969,-131.9983
1969,4,59.5,1417,11.0,NA,95.5,0.6,59.5,95,96,0,2,Englefield Bay,53.6456,-132.9226
1969,1,211.9,823,27.0,NA,98.0,0,211.9,98,98,0,3,Rennell Sound,53.3442,-132.4728
1969,0,0,0,0,0,NA,NA,NA,NA,NA,0,4,Cartwright Sound,NA,NA
1969,2,320.9,2879,7.0,NA,102.0,7.1,320.9,97,107,0,5,Juan Perez Sound West,53.0256,-132.2957
1969,0,0,0,0,0,NA,NA,NA,NA,NA,0,6,Louscoone Inlet,NA,NA
1969,0,0,0,0,0,NA,NA,NA,NA,NA,0,11,Masset Inlet,NA,NA
1969,0,0,0,0,0,NA,NA,NA,NA,NA,0,12,Cumshewa Inlet,NA,NA
1969,1,1764.9,3473,23.0,NA,119.0,0,1764.9,119,119,0,21,Juan Perez Sound,52.3775,-131.3569
1969,6,390.7,2423,27.3,NA,151.8,21.7,390.7,128,174,0,22,Skidegate Inlet,53.2542,-131.9908
1969,0,0,0,0,0,NA,NA,NA,NA,NA,0,23,Naden Harbour,NA,NA
1969,0,0,0,0,0,NA,NA,NA,NA,NA,0,24,Laskeek Bay,NA,NA
1969,1,310.0,366,69.0,NA,121.0,0,310.0,121,121,0,25,Skincuttle Inlet,52.3081,-131.3394
1970,0,0,0,0,0,NA,NA,NA,NA,NA,0,1,Tasu Sound & Gowgaia Bay,NA,NA
1970,3,139.6,1462,16.0,NA,98.3,6.7,139.6,91,104,0,2,Englefield Bay,53.6649,-132.9281
1970,3,185.3,1553,8.3,NA,92.0,0.0,185.3,92,92,0,3,Rennell Sound,53.3442,-132.4728
1970,0,0,0,0,0,NA,NA,NA,NA,NA,0,4,Cartwright Sound,NA,NA
1970,8,252.0,2787,6.0,NA,93.0,0.0,252.0,93,93,0,5,Juan Perez Sound West,53.0075,-132.2783
1970,3,158.0,915,48.7,NA,95.0,2.6,158.0,93,98,0,6,Louscoone Inlet,52.1708,-131.2294
1970,0,0,0,0,0,NA,NA,NA,NA,NA,0,11,Masset Inlet,NA,NA
1970,1,3.2,1206,2.0,NA,72.0,0,3.2,72,72,0,12,Cumshewa Inlet,53.995,-132.6169
1970,4,548.4,1532,57.0,NA,93.2,2.5,548.4,92,97,0,21,Juan Perez Sound,52.3718,-131.4016
1970,9,301.5,3244,20.3,NA,130.4,14.9,301.5,108,152,0,22,Skidegate Inlet,53.2541,-131.9873
1970,14,2575.8,6290,118.1,NA,92.8,4.7,2575.8,89,108,0,23,Naden Harbour,53.04,-131.7901
1970,1,31.3,137,5.0,NA,102.0,0,31.3,102,102,0,24,Laskeek Bay,52.7169,-131.8156
1970,5,2238.6,3199,82.4,NA,95.0,2.7,2238.6,92,97,0,25,Skincuttle Inlet,52.3081,-131.3394
1971,0,0,0,0,0,NA,NA,NA,NA,NA,0,1,Tasu Sound & Gowgaia Bay,NA,NA
1971,1,42.8,914,3.0,NA,95.0,0,42.8,95,95,0,2,Englefield Bay,53.6989,-132.9508
1971,6,416.9,3336,18.8,NA,104.8,0.4,416.9,104,105,0,3,Rennell Sound,53.3446,-132.5054
1971,0,0,0,0,0,NA,NA,NA,NA,NA,0,4,Cartwright Sound,NA,NA
1971,7,143.8,2238,9.1,NA,102.0,0.0,143.8,102,102,0,5,Juan Perez Sound West,53.0172,-132.2965
1971,1,821.8,5630,23.0,NA,114.0,0,821.8,114,114,0,6,Louscoone Inlet,52.1708,-131.2294
1971,0,0,0,0,0,NA,NA,NA,NA,NA,0,11,Masset Inlet,NA,NA
1971,0,0,0,0,0,NA,NA,NA,NA,NA,0,12,Cumshewa Inlet,NA,NA
1971,1,5224.0,8043,27.0,NA,95.0,0,5224.0,95,95,0,21,Juan Perez Sound,52.3775,-131.3569
1971,23,607.0,5211,24.3,NA,161.3,22.8,607.0,119,197,0,22,Skidegate Inlet,53.2367,-132.0083
1971,3,7245.0,12787,15.0,NA,134.7,18.9,7245.0,113,148,0,23,Naden Harbour,53.0297,-131.8631
1971,0,0,0,0,0,NA,NA,NA,NA,NA,0,24,Laskeek Bay,NA,NA
1971,0,0,0,0,0,NA,NA,NA,NA,NA,0,25,Skincuttle Inlet,NA,NA
1972,0,0,0,0,0,NA,NA,NA,NA,NA,0,1,Tasu Sound & Gowgaia Bay,NA,NA
1972,4,95.3,1828,31.8,NA,108.5,5.0,95.3,101,111,0,2,Englefield Bay,53.6734,-132.9338
1972,5,246.3,2057,8.4,NA,112.0,0.0,246.3,112,112,0,3,Rennell Sound,53.4028,-132.6542
1972,0,0,0,0,0,NA,NA,NA,NA,NA,0,4,Cartwright Sound,NA,NA
1972,9,669.2,6169,11.8,NA,115.0,6.0,669.2,107,119,0,5,Juan Perez Sound West,53.0113,-132.2854
1972,15,1555.6,8092,14.0,NA,87.5,2.3,1555.6,80,89,0,6,Louscoone Inlet,52.1708,-131.2294
1972,0,0,0,0,0,NA,NA,NA,NA,NA,0,11,Masset Inlet,NA,NA
1972,0,0,0,0,0,NA,NA,NA,NA,NA,0,12,Cumshewa Inlet,NA,NA
1972,0,0,0,0,0,NA,NA,NA,NA,NA,0,21,Juan Perez Sound,NA,NA
1972,13,1045.5,10209,17.5,NA,151.3,24.2,1045.5,120,183,0,22,Skidegate Inlet,53.2346,-131.9996
1972,4,5960.4,11069,15.2,NA,113.5,13.0,5960.4,94,120,0,23,Naden Harbour,53.0425,-131.7786
1972,1,64.9,777,18.0,NA,114.0,0,64.9,114,114,0,24,Laskeek Bay,52.8372,-131.8714
1972,5,1961.5,6398,21.8,NA,97.4,2.2,1961.5,95,99,0,25,Skincuttle Inlet,52.2761,-131.2656
1973,0,0,0,0,0,NA,NA,NA,NA,NA,0,1,Tasu Sound & Gowgaia Bay,NA,NA
1973,1,9.7,731,5.0,NA,97.0,0,9.7,97,97,0,2,Englefield Bay,53.5969,-132.8828
1973,4,1136.8,4387,14.8,NA,96.8,0.5,1136.8,96,97,0,3,Rennell Sound,53.3444,-132.4924
1973,0,0,0,0,0,NA,NA,NA,NA,NA,0,4,Cartwright Sound,NA,NA
1973,4,457.1,6151,8.0,NA,99.0,0.0,457.1,99,99,0,5,Juan Perez Sound West,53.0075,-132.2783
1973,12,3022.7,16132,10.9,NA,91.0,0.0,3022.7,91,91,0,6,Louscoone Inlet,52.1708,-131.2294
1973,0,0,0,0,0,NA,NA,NA,NA,NA,0,11,Masset Inlet,NA,NA
1973,0,0,0,0,0,NA,NA,NA,NA,NA,0,12,Cumshewa Inlet,NA,NA
1973,0,0,0,0,0,NA,NA,NA,NA,NA,0,21,Juan Perez Sound,NA,NA
1973,11,295.1,2149,20.5,NA,130.2,22.8,295.1,98,173,0,22,Skidegate Inlet,53.2521,-131.9914
1973,18,1510.6,11242,25.7,NA,102.0,6.9,1510.6,87,105,0,23,Naden Harbour,53.0315,-131.853
1973,0,0,0,0,0,NA,NA,NA,NA,NA,0,24,Laskeek Bay,NA,NA
1973,16,3426.4,6873,29.0,NA,102.4,4.4,3426.4,91,104,0,25,Skincuttle Inlet,52.3271,-131.2688
1974,0,0,0,0,0,NA,NA,NA,NA,NA,0,1,Tasu Sound & Gowgaia Bay,NA,NA
1974,0,0,0,0,0,NA,NA,NA,NA,NA,0,2,Englefield Bay,NA,NA
1974,4,725.7,2467,18.2,NA,92.0,0.0,725.7,92,92,0,3,Rennell Sound,53.3442,-132.4728
1974,0,0,0,0,0,NA,NA,NA,NA,NA,0,4,Cartwright Sound,NA,NA
1974,12,949.1,10008,9.4,NA,91.6,7.9,949.1,80,99,0,5,Juan Perez Sound West,53.0254,-132.2981
1974,3,2198.4,11608,15.3,NA,79.3,1.5,2198.4,78,81,0,6,Louscoone Inlet,52.1708,-131.2294
1974,0,0,0,0,0,NA,NA,NA,NA,NA,0,11,Masset Inlet,NA,NA
1974,10,2988.1,5757,44.3,NA,65.9,12.6,2988.1,48,80,0,12,Cumshewa Inlet,54.0211,-132.5873
1974,0,0,0,0,0,NA,NA,NA,NA,NA,0,21,Juan Perez Sound,NA,NA
1974,11,389.8,3429,26.0,NA,127.4,20.6,389.8,92,164,0,22,Skidegate Inlet,53.2369,-131.957
1974,11,1403.1,7328,13.5,NA,110.4,26.0,1403.1,90,148,0,23,Naden Harbour,53.0458,-131.8797
1974,0,0,0,0,0,NA,NA,NA,NA,NA,0,24,Laskeek Bay,NA,NA
1974,15,10908.3,23329,13.6,NA,95.3,8.5,10908.3,84,105,0,25,Skincuttle Inlet,52.3211,-131.2522
1975,0,0,0,0,0,NA,NA,NA,NA,NA,0,1,Tasu Sound & Gowgaia Bay,NA,NA
1975,2,140.4,1326,8.0,NA,97.0,0.0,140.4,97,97,0,2,Englefield Bay,53.6989,-132.9508
1975,3,398.1,3327,6.3,NA,103.3,2.3,398.1,102,106,0,3,Rennell Sound,53.4397,-132.6567
1975,1,150.6,914,6.0,NA,109.0,0,150.6,109,109,0,4,Cartwright Sound,53.1464,-132.3597
1975,2,464.8,5484,9.0,NA,106.0,0.0,464.8,106,106,0,5,Juan Perez Sound West,53.0075,-132.2783
1975,8,2389.8,9711,18.5,NA,88.8,5.8,2389.8,75,93,0,6,Louscoone Inlet,52.1708,-131.2294
1975,0,0,0,0,0,NA,NA,NA,NA,NA,0,11,Masset Inlet,NA,NA
1975,7,433.3,3084,33.3,NA,79.4,12.3,433.3,60,94,0,12,Cumshewa Inlet,54.0017,-132.6106
1975,0,0,0,0,0,NA,NA,NA,NA,NA,0,21,Juan Perez Sound,NA,NA
1975,9,742.4,6306,32.0,NA,142.1,10.6,742.4,122,157,0,22,Skidegate Inlet,53.2395,-132.0425
1975,10,2099.5,11013,7.4,NA,127.3,18.2,2099.5,100,148,0,23,Naden Harbour,53.0333,-131.8745
1975,0,0,0,0,0,NA,NA,NA,NA,NA,0,24,Laskeek Bay,NA,NA
1975,6,5196.5,11699,13.5,NA,95.3,4.5,5196.5,89,99,0,25,Skincuttle Inlet,52.3146,-131.2623
1976,0,0,0,0,0,NA,NA,NA,NA,NA,0,1,Tasu Sound & Gowgaia Bay,NA,NA
1976,7,163.7,1760,6.3,NA,102.4,0.5,163.7,102,103,0,2,Englefield Bay,53.6552,-132.9217
1976,9,88.3,1691,5.9,NA,102.1,0.3,88.3,102,103,0,3,Rennell Sound,53.4716,-132.718
1976,0,0,0,0,0,NA,NA,NA,NA,NA,0,4,Cartwright Sound,NA,NA
1976,5,574.0,6672,5.8,NA,103.0,0.0,574.0,103,103,0,5,Juan Perez Sound West,53.0075,-132.2783
1976,30,3736.1,19981,13.5,NA,100.4,7.2,3736.1,97,116,0,6,Louscoone Inlet,52.1708,-131.2294
1976,1,1292.4,3016,91.0,NA,181.0,0,1292.4,181,181,0,11,Masset Inlet,53.7122,-132.3069
1976,13,941.2,7905,39.8,NA,70.2,20.1,941.2,43,106,0,12,Cumshewa Inlet,53.995,-132.6169
1976,6,4235.9,12248,7.3,NA,100.8,4.0,4235.9,96,105,0,21,Juan Perez Sound,52.4205,-131.3282
1976,6,915.2,7631,41.8,NA,156.5,4.4,915.2,151,160,0,22,Skidegate Inlet,53.2403,-131.9835
1976,10,1628.1,9506,12.6,NA,135.1,24.3,1628.1,104,168,0,23,Naden Harbour,53.0316,-131.8968
1976,3,226.3,1919,9.0,NA,111.0,0.0,226.3,111,111,0,24,Laskeek Bay,52.9292,-131.9058
1976,14,6159.7,15035,11.7,NA,98.4,11.2,6159.7,76,110,0,25,Skincuttle Inlet,52.3063,-131.2851
1977,0,0,0,0,0,NA,NA,NA,NA,NA,0,1,Tasu Sound & Gowgaia Bay,NA,NA
1977,3,75.0,1600,5.3,NA,94.0,0.0,75.0,94,94,0,2,Englefield Bay,53.6989,-132.9508
1977,7,217.5,3016,5.3,NA,96.1,1.1,217.5,95,97,0,3,Rennell Sound,53.42,-132.6246
1977,1,50.7,1097,11.0,NA,97.0,0,50.7,97,97,0,4,Cartwright Sound,53.1464,-132.3597
1977,5,831.2,7175,15.8,NA,95.0,0.0,831.2,95,95,0,5,Juan Perez Sound West,53.0075,-132.2783
1977,16,1252.2,11470,5.1,NA,85.4,6.3,1252.2,69,92,0,6,Louscoone Inlet,52.1763,-131.2455
1977,0,0,0,0,0,NA,NA,NA,NA,NA,0,11,Masset Inlet,NA,NA
1977,25,3305.2,12843,72.7,NA,56.9,14.8,3305.2,32,83,0,12,Cumshewa Inlet,54.0077,-132.6036
1977,8,3977.5,17824,8.4,NA,90.2,1.0,3977.5,88,91,0,21,Juan Perez Sound,52.4484,-131.2781
1977,9,730.8,8775,15.2,NA,131.1,19.2,730.8,112,172,0,22,Skidegate Inlet,53.2251,-131.9718
1977,11,1820.4,13344,15.6,NA,115.5,19.9,1820.4,91,138,0,23,Naden Harbour,53.0447,-131.9112
1977,0,0,0,0,0,NA,NA,NA,NA,NA,0,24,Laskeek Bay,NA,NA
1977,8,8667.3,19742,8.6,NA,90.2,3.8,8667.3,83,95,0,25,Skincuttle Inlet,52.3153,-131.2931
1978,1,58.2,2011,5.0,NA,104.0,0,58.2,104,104,0,1,Tasu Sound & Gowgaia Bay,52.8208,-132.0614
1978,0,0,0,0,0,NA,NA,NA,NA,NA,0,2,Englefield Bay,NA,NA
1978,14,374.0,8499,4.4,NA,97.9,1.9,374.0,95,99,0,3,Rennell Sound,53.4633,-132.7216
1978,0,0,0,0,0,NA,NA,NA,NA,NA,0,4,Cartwright Sound,NA,NA
1978,4,399.7,7129,9.2,NA,90.0,0.0,399.7,90,90,0,5,Juan Perez Sound West,53.0075,-132.2783
1978,11,502.1,5578,14.7,NA,81.8,8.8,502.1,76,104,0,6,Louscoone Inlet,52.1748,-131.2411
1978,0,0,0,0,0,NA,NA,NA,NA,NA,0,11,Masset Inlet,NA,NA
1978,20,9231.6,11985,174.2,NA,51.8,17.0,9231.6,32,91,0,12,Cumshewa Inlet,53.995,-132.6169
1978,19,3353.5,11333,20.2,NA,107.5,3.9,3353.5,93,114,0,21,Juan Perez Sound,52.4383,-131.2947
1978,13,604.7,14841,9.4,NA,128.0,15.9,604.7,107,157,0,22,Skidegate Inlet,53.2426,-131.9923
1978,11,2229.9,13071,29.9,NA,114.6,20.3,2229.9,91,144,0,23,Naden Harbour,53.0404,-131.9179
1978,1,60.8,1645,6.0,NA,109.0,0,60.8,109,109,0,24,Laskeek Bay,52.8586,-131.8681
1978,20,10739.1,18098,21.9,NA,95.4,10.3,10739.1,82,108,0,25,Skincuttle Inlet,52.3102,-131.2847
1979,14,95.1,4345,11.5,NA,105.6,5.0,95.1,102,112,0,1,Tasu Sound & Gowgaia Bay,52.8137,-132.0566
1979,3,12.8,247,16.7,NA,91.3,4.6,12.8,86,94,0,2,Englefield Bay,53.6989,-132.9508
1979,13,286.5,2120,17.3,NA,103.6,2.6,286.5,99,105,0,3,Rennell Sound,53.3643,-132.524
1979,2,17.6,640,3.0,NA,107.0,0.0,17.6,107,107,0,4,Cartwright Sound,53.1464,-132.3597
1979,11,82.2,1004,11.5,NA,88.0,0.0,82.2,88,88,0,5,Juan Perez Sound West,53.0005,-132.2308
1979,9,457.1,3042,22.3,NA,94.3,2.5,457.1,88,96,0,6,Louscoone Inlet,52.1806,-131.2579
1979,0,0,0,0,0,NA,NA,NA,NA,NA,0,11,Masset Inlet,NA,NA
1979,14,371.8,14428,30.5,NA,63.0,25.0,371.8,35,100,0,12,Cumshewa Inlet,54.0081,-132.6278
1979,16,1020.8,4278,16.2,NA,97.5,1.5,1020.8,96,100,0,21,Juan Perez Sound,52.4289,-131.3529
1979,12,511.8,4435,20.0,NA,128.8,3.8,511.8,124,133,0,22,Skidegate Inlet,53.2252,-131.9964
1979,33,3028.0,9594,17.2,NA,123.9,18.0,3028.0,102,152,0,23,Naden Harbour,53.0371,-131.9028
1979,16,494.4,4274,9.5,NA,117.2,3.3,494.4,105,119,0,24,Laskeek Bay,52.8211,-131.8395
1979,19,9289.0,16405,17.6,NA,99.5,3.0,9289.0,91,103,0,25,Skincuttle Inlet,52.2906,-131.2564
1980,6,85.9,4320,5.0,NA,101.0,0.0,85.9,101,101,0,1,Tasu Sound & Gowgaia Bay,52.8169,-132.0509
1980,12,720.9,5061,13.6,NA,89.0,0.0,720.9,89,89,0,2,Englefield Bay,53.6893,-132.9758
1980,18,392.0,7989,5.7,NA,100.8,10.5,392.0,90,111,0,3,Rennell Sound,53.435,-132.6573
1980,0,0,0,0,0,NA,NA,NA,NA,NA,0,4,Cartwright Sound,NA,NA
1980,13,915.7,6471,6.8,NA,87.5,3.8,915.7,82,94,0,5,Juan Perez Sound West,53.0075,-132.2783
1980,23,695.2,7009,25.0,NA,82.6,4.4,695.2,80,99,0,6,Louscoone Inlet,52.1776,-131.2369
1980,0,0,0,0,0,NA,NA,NA,NA,NA,0,11,Masset Inlet,NA,NA
1980,12,1125.8,8642,42.4,NA,52.2,21.3,1125.8,33,86,0,12,Cumshewa Inlet,54.0186,-132.5925
1980,92,11911.9,25005,25.1,NA,92.4,4.7,11911.9,85,108,0,21,Juan Perez Sound,52.4426,-131.3084
1980,0,0,0,0,0,NA,NA,NA,NA,NA,0,22,Skidegate Inlet,NA,NA
1980,0,0,0,0,0,NA,NA,NA,NA,NA,0,23,Naden Harbour,NA,NA
1980,6,828.9,6418,15.7,NA,107.8,4.5,828.9,106,117,0,24,Laskeek Bay,52.7089,-131.6022
1980,38,17019.2,30485,22.2,NA,88.7,9.8,17019.2,69,117,0,25,Skincuttle Inlet,52.3403,-131.313
1981,21,28.2,7152,7.3,NA,84.3,7.2,28.2,77,91,0,1,Tasu Sound & Gowgaia Bay,52.6265,-131.8237
1981,29,1265.8,15883,21.2,NA,80.9,9.7,1265.8,74,94,0,2,Englefield Bay,53.6637,-132.9274
1981,16,277.2,8966,9.3,NA,93.3,0.5,277.2,93,94,0,3,Rennell Sound,53.4429,-132.6747
1981,10,94.9,2239,8.4,NA,96.0,0.0,94.9,96,96,0,4,Cartwright Sound,53.1502,-132.422
1981,3,145.0,3473,9.3,NA,91.0,0.0,145.0,91,91,0,5,Juan Perez Sound West,53.0075,-132.2783
1981,10,217.9,3749,52.6,NA,75.6,11.7,217.9,62,86,0,6,Louscoone Inlet,52.184,-131.2679
1981,0,0,0,0,0,NA,NA,NA,NA,NA,0,11,Masset Inlet,NA,NA
1981,8,544.3,5963,41.4,NA,68.9,5.1,544.3,62,74,0,12,Cumshewa Inlet,54.0078,-132.6214
1981,84,8281.0,23850,24.8,NA,85.1,9.3,8281.0,77,107,0,21,Juan Perez Sound,52.4462,-131.4096
1981,31,125.9,2401,12.1,NA,130.6,23.5,125.9,106,172,0,22,Skidegate Inlet,53.2265,-131.9976
1981,26,1184.6,6521,15.8,NA,125.7,36.1,1184.6,91,176,0,23,Naden Harbour,53.0333,-131.9015
1981,40,2444.2,14076,23.2,NA,102.8,3.7,2444.2,97,106,0,24,Laskeek Bay,52.8199,-131.8052
1981,71,6695.1,26607,31.0,NA,75.9,9.7,6695.1,60,97,0,25,Skincuttle Inlet,52.3326,-131.2925
1982,0,0,0,0,0,NA,NA,NA,NA,NA,0,1,Tasu Sound & Gowgaia Bay,NA,NA
1982,17,2262.1,19652,20.9,NA,78.0,12.4,2262.1,64,92,0,2,Englefield Bay,53.6832,-132.9455
1982,15,1256.2,11107,11.8,NA,94.9,17.3,1256.2,78,118,0,3,Rennell Sound,53.3913,-132.5805
1982,3,252.8,1645,5.0,NA,97.0,0.0,252.8,97,97,0,4,Cartwright Sound,53.1642,-132.4619
1982,10,1010.1,9842,27.3,NA,95.0,0.0,1010.1,95,95,0,5,Juan Perez Sound West,53.0023,-132.2435
1982,12,590.9,6196,64.7,NA,71.8,8.4,590.9,65,91,0,6,Louscoone Inlet,52.1891,-131.2829
1982,0,0,0,0,0,NA,NA,NA,NA,NA,0,11,Masset Inlet,NA,NA
1982,17,1139.0,11471,44.5,NA,51.7,11.3,1139.0,32,84,0,12,Cumshewa Inlet,54.0153,-132.6051
1982,21,4676.5,13162,23.2,NA,82.0,5.9,4676.5,76,91,0,21,Juan Perez Sound,52.4858,-131.4285
1982,6,533.0,910,44.2,NA,131.3,23.6,533.0,100,167,0,22,Skidegate Inlet,53.2371,-132.0024
1982,5,328.8,2294,15.2,NA,92.0,2.2,328.8,91,96,0,23,Naden Harbour,53.052,-131.8593
1982,8,1572.4,5603,20.6,NA,94.9,0.4,1572.4,94,95,0,24,Laskeek Bay,52.8692,-131.8154
1982,54,14990.2,34722,24.2,NA,73.9,6.5,14990.2,66,91,0,25,Skincuttle Inlet,52.3447,-131.3021
1983,2,13.1,1000,21.0,NA,91.0,0.0,13.1,91,91,0,1,Tasu Sound & Gowgaia Bay,52.8208,-132.0614
1983,17,1205.1,12650,31.2,NA,67.7,7.7,1205.1,62,83,0,2,Englefield Bay,53.7024,-132.9609
1983,17,2015.3,9100,10.1,NA,89.6,6.4,2015.3,85,98,0,3,Rennell Sound,53.3873,-132.563
1983,5,264.1,1950,25.2,NA,109.0,0.0,264.1,109,109,0,4,Cartwright Sound,53.1464,-132.3597
1983,9,1371.7,7800,13.6,NA,97.0,0.0,1371.7,97,97,0,5,Juan Perez Sound West,53.0075,-132.2783
1983,16,481.8,5123,28.5,NA,73.0,0.0,481.8,73,73,0,6,Louscoone Inlet,52.1708,-131.2294
1983,0,0,0,0,0,NA,NA,NA,NA,NA,0,11,Masset Inlet,NA,NA
1983,5,21.2,585,28.0,NA,97.0,0.0,21.2,97,97,0,12,Cumshewa Inlet,53.995,-132.6169
1983,27,12393.1,22964,22.0,NA,85.3,9.4,12393.1,73,102,0,21,Juan Perez Sound,52.4516,-131.339
1983,12,103.0,1705,9.1,NA,118.7,10.9,103.0,106,131,0,22,Skidegate Inlet,53.2307,-132.0016
1983,20,758.7,6285,25.8,NA,98.4,10.6,758.7,95,141,0,23,Naden Harbour,53.0439,-131.8664
1983,41,2832.8,16416,16.0,NA,96.0,1.8,2832.8,95,104,0,24,Laskeek Bay,52.8698,-131.9407
1983,17,3003.1,5771,28.4,NA,75.7,21.7,3003.1,60,129,0,25,Skincuttle Inlet,52.3371,-131.284
1984,2,51.6,1760,7.5,NA,98.0,0.0,51.6,98,98,0,1,Tasu Sound & Gowgaia Bay,52.8208,-132.0614
1984,16,1057.8,8750,18.0,NA,67.6,7.7,1057.8,64,83,0,2,Englefield Bay,53.6798,-132.9381
1984,1,581.2,5000,5.0,NA,81.0,0,581.2,81,81,0,3,Rennell Sound,53.4028,-132.6542
1984,0,0,0,0,0,NA,NA,NA,NA,NA,0,4,Cartwright Sound,NA,NA
1984,4,831.6,5350,11.2,NA,97.0,0.0,831.6,97,97,0,5,Juan Perez Sound West,53.0075,-132.2783
1984,3,325.1,2850,9.0,NA,66.0,0.0,325.1,66,66,0,6,Louscoone Inlet,52.1708,-131.2294
1984,0,0,0,0,0,NA,NA,NA,NA,NA,0,11,Masset Inlet,NA,NA
1984,0,0,0,0,0,NA,NA,NA,NA,NA,0,12,Cumshewa Inlet,NA,NA
1984,36,10104.2,16670,17.4,NA,89.1,7.8,10104.2,68,108,0,21,Juan Perez Sound,52.4803,-131.3645
1984,35,346.5,6860,11.4,NA,124.6,10.8,346.5,96,135,0,22,Skidegate Inlet,53.2285,-132.0098
1984,12,1234.6,5560,14.6,NA,108.7,26.5,1234.6,85,145,0,23,Naden Harbour,53.0406,-131.9024
1984,31,2448.3,11650,11.9,NA,106.7,11.3,2448.3,102,149,0,24,Laskeek Bay,52.8955,-131.8487
1984,32,8007.5,17770,40.5,NA,77.8,6.5,8007.5,72,89,0,25,Skincuttle Inlet,52.3148,-131.2723
1985,0,0,0,0,0,NA,NA,NA,NA,NA,0,1,Tasu Sound & Gowgaia Bay,NA,NA
1985,9,805.6,8600,24.4,NA,78.0,0.0,805.6,78,78,0,2,Englefield Bay,53.6989,-132.9508
1985,4,431.5,3800,10.0,NA,94.0,0.0,431.5,94,94,0,3,Rennell Sound,53.3442,-132.4728
1985,1,8.5,200,7.0,NA,102.0,0,8.5,102,102,0,4,Cartwright Sound,53.1642,-132.4619
1985,3,473.8,8200,7.7,NA,92.3,1.2,473.8,91,93,0,5,Juan Perez Sound West,53.0075,-132.2783
1985,2,343.0,4700,12.5,NA,76.0,0.0,343.0,76,76,0,6,Louscoone Inlet,52.1708,-131.2294
1985,10,3056.8,5632,77.3,NA,169.0,0.0,3056.8,169,169,0,11,Masset Inlet,53.6787,-132.5951
1985,0,0,0,0,0,NA,NA,NA,NA,NA,0,12,Cumshewa Inlet,NA,NA
1985,24,6098.8,16305,24.0,NA,92.1,3.8,6098.8,83,96,0,21,Juan Perez Sound,52.4749,-131.3624
1985,11,60.2,1195,12.7,NA,137.3,4.2,60.2,136,150,0,22,Skidegate Inlet,53.2357,-132.0012
1985,11,902.9,4800,19.2,NA,95.0,0.0,902.9,95,95,0,23,Naden Harbour,53.0455,-131.7912
1985,3,1084.9,5250,30.7,NA,105.0,0.0,1084.9,105,105,0,24,Laskeek Bay,52.8594,-131.7936
1985,22,8802.6,17670,23.2,NA,90.3,1.0,8802.6,89,91,0,25,Skincuttle Inlet,52.2911,-131.2356
1986,0,0,0,0,0,NA,NA,NA,NA,NA,0,1,Tasu Sound & Gowgaia Bay,NA,NA
1986,5,305.6,5035,35.4,NA,68.0,0.0,305.6,68,68,0,2,Englefield Bay,53.6989,-132.9508
1986,5,46.5,1500,9.4,NA,100.0,5.5,46.5,95,106,0,3,Rennell Sound,53.3902,-132.5767
1986,0,0,0,0,0,NA,NA,NA,NA,NA,0,4,Cartwright Sound,NA,NA
1986,6,331.6,5500,13.3,NA,105.0,0.0,331.6,105,105,0,5,Juan Perez Sound West,53.0075,-132.2783
1986,0,0,0,0,0,NA,NA,NA,NA,NA,0,6,Louscoone Inlet,NA,NA
1986,0,0,0,0,0,NA,NA,NA,NA,NA,0,11,Masset Inlet,NA,NA
1986,0,0,0,0,0,NA,NA,NA,NA,NA,0,12,Cumshewa Inlet,NA,NA
1986,17,3138.2,8786,22.6,NA,96.3,0.5,3138.2,96,97,0,21,Juan Perez Sound,52.4476,-131.2747
1986,30,163.5,13395,22.2,NA,126.7,10.0,163.5,107,141,0,22,Skidegate Inlet,53.2479,-132.0001
1986,4,512.6,4975,8.2,NA,118.0,0.0,512.6,118,118,0,23,Naden Harbour,53.0592,-131.8478
1986,20,1820.5,4905,7.2,NA,117.4,5.6,1820.5,109,121,0,24,Laskeek Bay,52.9006,-131.8472
1986,2,207.8,1470,40.0,NA,98.5,3.5,207.8,96,101,0,25,Skincuttle Inlet,52.3281,-131.2771
1987,0,0,0,0,0,NA,NA,NA,NA,NA,0,1,Tasu Sound & Gowgaia Bay,NA,NA
1987,6,855.0,7200,58.0,NA,77.0,0.0,855.0,77,77,0,2,Englefield Bay,53.6989,-132.9508
1987,0,0,0,0,0,NA,NA,NA,NA,NA,0,3,Rennell Sound,NA,NA
1987,0,0,0,0,0,NA,NA,NA,NA,NA,0,4,Cartwright Sound,NA,NA
1987,4,133.9,3700,4.8,NA,98.0,0.0,133.9,98,98,0,5,Juan Perez Sound West,53.0075,-132.2783
1987,4,158.7,2605,13.0,NA,80.2,10.5,158.7,75,96,0,6,Louscoone Inlet,52.1708,-131.2294
1987,0,0,0,0,0,NA,NA,NA,NA,NA,0,11,Masset Inlet,NA,NA
1987,0,0,0,0,0,NA,NA,NA,NA,NA,0,12,Cumshewa Inlet,NA,NA
1987,44,5167.7,13730,18.1,NA,102.8,3.9,5167.7,87,106,0,21,Juan Perez Sound,52.4663,-131.3668
1987,16,123.3,3615,17.7,NA,119.0,29.5,123.3,81,157,0,22,Skidegate Inlet,53.2318,-132.0056
1987,7,1321.2,6400,9.1,NA,104.9,5.8,1321.2,92,108,0,23,Naden Harbour,52.9974,-131.8961
1987,7,569.1,7125,5.0,NA,108.0,0.0,569.1,108,108,0,24,Laskeek Bay,52.8792,-131.8232
1987,27,3533.2,14835,23.7,NA,72.3,6.6,3533.2,66,82,0,25,Skincuttle Inlet,52.3139,-131.2789
1988,6,33.7,3300,8.0,NA,109.0,0.0,33.7,109,109,0,1,Tasu Sound & Gowgaia Bay,52.8208,-132.0614
1988,14,1822.0,15200,16.1,NA,100.4,10.5,1822.0,90,112,0,2,Englefield Bay,53.6595,-132.9261
1988,7,863.6,5400,6.7,NA,104.0,0.0,863.6,104,104,0,3,Rennell Sound,53.3367,-132.4755
1988,2,127.1,1600,9.0,NA,103.0,0.0,127.1,103,103,0,4,Cartwright Sound,53.1464,-132.3597
1988,7,533.7,9700,5.7,NA,110.0,0.0,533.7,110,110,0,5,Juan Perez Sound West,53.0001,-132.2286
1988,20,1096.3,12050,7.6,NA,99.6,2.0,1096.3,98,102,0,6,Louscoone Inlet,52.2035,-131.2843
1988,0,0,0,0,0,NA,NA,NA,NA,NA,0,11,Masset Inlet,NA,NA
1988,0,0,0,0,0,NA,NA,NA,NA,NA,0,12,Cumshewa Inlet,NA,NA
1988,11,7349.2,11722,75.2,NA,95.7,10.5,7349.2,87,116,45,21,Juan Perez Sound,52.4305,-131.3054
1988,3,2.4,450,2.0,NA,120.0,0.0,2.4,120,120,0,22,Skidegate Inlet,53.2172,-132.0092
1988,0,0,0,0,0,NA,NA,NA,NA,NA,0,23,Naden Harbour,NA,NA
1988,4,3456.5,17603,25.8,NA,103.0,0.0,3456.5,103,103,75,24,Laskeek Bay,52.8794,-131.8188
1988,11,1728.7,8853,46.4,NA,92.5,3.6,1728.7,87,95,9,25,Skincuttle Inlet,52.3401,-131.3134
1989,0,0,0,0,0,NA,NA,NA,NA,NA,0,1,Tasu Sound & Gowgaia Bay,NA,NA
1989,17,424.1,6160,78.2,NA,99.1,9.7,424.1,88,108,0,2,Englefield Bay,53.7074,-132.9674
1989,21,1358.2,8225,22.6,NA,89.8,8.8,1358.2,77,108,0,3,Rennell Sound,53.4438,-132.6718
1989,0,0,0,0,0,NA,NA,NA,NA,NA,0,4,Cartwright Sound,NA,NA
1989,10,936.7,14070,12.8,NA,111.0,0.0,936.7,111,111,0,5,Juan Perez Sound West,53.0049,-132.2609
1989,6,5117.7,17490,33.5,NA,102.7,0.5,5117.7,102,103,33,6,Louscoone Inlet,52.2331,-131.3236
1989,0,0,0,0,0,NA,NA,NA,NA,NA,0,11,Masset Inlet,NA,NA
1989,0,0,0,0,0,NA,NA,NA,NA,NA,0,12,Cumshewa Inlet,NA,NA
1989,49,11632.3,38545,27.9,NA,108.7,4.4,11632.3,100,111,20,21,Juan Perez Sound,52.5027,-131.5189
1989,0,0,0,0,0,NA,NA,NA,NA,NA,0,22,Skidegate Inlet,NA,NA
1989,5,111.9,1140,48.2,NA,107.6,8.8,111.9,98,114,0,23,Naden Harbour,53.0335,-131.9345
1989,27,3263.8,11075,13.0,NA,118.5,4.9,3263.8,107,121,4,24,Laskeek Bay,52.8744,-131.9235
1989,3,3511.9,17590,54.0,NA,81.7,11.5,3511.9,75,95,100,25,Skincuttle Inlet,52.2934,-131.2592
1990,0,0,0,0,0,NA,NA,NA,NA,NA,0,1,Tasu Sound & Gowgaia Bay,NA,NA
1990,8,6362.1,17450,30.5,NA,78.0,0.0,6362.1,78,78,75,2,Englefield Bay,53.6918,-132.9646
1990,3,2136.2,9570,38.3,NA,83.3,1.2,2136.2,82,84,67,3,Rennell Sound,53.3353,-132.4609
1990,0,0,0,0,0,NA,NA,NA,NA,NA,0,4,Cartwright Sound,NA,NA
1990,8,558.8,11590,7.6,NA,95.0,0.0,558.8,95,95,0,5,Juan Perez Sound West,53.0075,-132.2783
1990,2,1958.6,9200,67.0,NA,96.0,0.0,1958.6,96,96,100,6,Louscoone Inlet,52.1944,-131.2375
1990,0,0,0,0,0,NA,NA,NA,NA,NA,0,11,Masset Inlet,NA,NA
1990,0,0,0,0,0,NA,NA,NA,NA,NA,0,12,Cumshewa Inlet,NA,NA
1990,8,15617.1,32090,80.0,NA,94.0,0.0,15617.1,94,94,100,21,Juan Perez Sound,52.4295,-131.3371
1990,0,0,0,0,0,NA,NA,NA,NA,NA,0,22,Skidegate Inlet,NA,NA
1990,3,441.7,3000,8.7,NA,93.0,0.0,441.7,93,93,0,23,Naden Harbour,53.0233,-131.9053
1990,4,6049.5,13860,60.2,NA,98.0,0.0,6049.5,98,98,100,24,Laskeek Bay,52.8941,-131.8379
1990,2,1336.7,8380,37.0,NA,97.0,0.0,1336.7,97,97,100,25,Skincuttle Inlet,52.3886,-131.2853
1991,0,0,0,0,0,NA,NA,NA,NA,NA,0,1,Tasu Sound & Gowgaia Bay,NA,NA
1991,1,1947.4,3900,66.0,NA,80.0,0,1947.4,80,80,100,2,Englefield Bay,53.7597,-133.0133
1991,1,682.4,3600,38.0,NA,94.0,0,682.4,94,94,100,3,Rennell Sound,53.3447,-132.5119
1991,0,0,0,0,0,NA,NA,NA,NA,NA,0,4,Cartwright Sound,NA,NA
1991,12,355.5,5050,13.9,NA,115.0,0.0,355.5,115,115,0,5,Juan Perez Sound West,53.0075,-132.2783
1991,3,772.7,10050,26.0,NA,85.0,0.0,772.7,85,85,100,6,Louscoone Inlet,52.1866,-131.2348
1991,0,0,0,0,0,NA,NA,NA,NA,NA,0,11,Masset Inlet,NA,NA
1991,0,0,0,0,0,NA,NA,NA,NA,NA,0,12,Cumshewa Inlet,NA,NA
1991,5,11668.1,15790,84.2,NA,97.0,0.0,11668.1,97,97,100,21,Juan Perez Sound,52.4407,-131.306
1991,0,0,0,0,0,NA,NA,NA,NA,NA,0,22,Skidegate Inlet,NA,NA
1991,1,282.7,3600,10.0,NA,91.0,0,282.7,91,91,0,23,Naden Harbour,53.0592,-131.8478
1991,6,2586.5,21420,31.0,NA,104.0,0.0,2586.5,104,104,100,24,Laskeek Bay,52.8643,-131.8191
1991,2,894.0,4650,31.5,NA,90.0,0.0,894.0,90,90,100,25,Skincuttle Inlet,52.2674,-131.2525
1992,1,60.5,900,14.0,NA,103.0,0,60.5,103,103,100,1,Tasu Sound & Gowgaia Bay,52.8208,-132.0614
1992,3,1087.5,4000,22.7,NA,87.7,2.9,1087.5,86,91,100,2,Englefield Bay,53.7394,-132.9925
1992,1,2158.8,6300,59.0,NA,96.0,0,2158.8,96,96,100,3,Rennell Sound,53.3447,-132.5119
1992,0,0,0,0,0,NA,NA,NA,NA,NA,0,4,Cartwright Sound,NA,NA
1992,2,602.4,4020,40.5,NA,97.0,0.0,602.4,97,97,100,5,Juan Perez Sound West,53.0075,-132.2783
1992,3,999.7,9250,28.3,NA,100.0,0.0,999.7,100,100,100,6,Louscoone Inlet,52.1866,-131.2348
1992,0,0,0,0,0,NA,NA,NA,NA,NA,0,11,Masset Inlet,NA,NA
1992,0,0,0,0,0,NA,NA,NA,NA,NA,0,12,Cumshewa Inlet,NA,NA
1992,5,4897.7,14890,63.6,NA,98.0,4.3,4897.7,94,103,100,21,Juan Perez Sound,52.4407,-131.306
1992,0,0,0,0,0,NA,NA,NA,NA,NA,0,22,Skidegate Inlet,NA,NA
1992,1,657.3,3800,84.0,NA,107.0,0,657.3,107,107,100,23,Naden Harbour,53.0461,-131.7489
1992,2,2360.3,9000,46.0,NA,107.5,2.1,2360.3,106,109,100,24,Laskeek Bay,52.8699,-131.7832
1992,3,2152.8,8900,83.0,NA,92.3,1.5,2152.8,91,94,100,25,Skincuttle Inlet,52.3857,-131.2864
1993,2,23.7,2000,5.0,NA,92.0,0.0,23.7,92,92,100,1,Tasu Sound & Gowgaia Bay,52.8208,-132.0614
1993,2,49.8,4250,6.5,NA,81.5,7.8,49.8,76,87,100,2,Englefield Bay,53.6783,-132.9481
1993,1,14.8,400,83.0,NA,87.0,0,14.8,87,87,100,3,Rennell Sound,53.3447,-132.5119
1993,0,0,0,0,0,NA,NA,NA,NA,NA,0,4,Cartwright Sound,NA,NA
1993,1,0.6,15,5.0,NA,92.0,0,0.6,92,92,0,5,Juan Perez Sound West,53.0075,-132.2783
1993,3,277.7,3651,50.3,NA,70.0,0.0,277.7,70,70,33,6,Louscoone Inlet,52.1792,-131.2391
1993,0,0,0,0,0,NA,NA,NA,NA,NA,0,11,Masset Inlet,NA,NA
1993,0,0,0,0,0,NA,NA,NA,NA,NA,0,12,Cumshewa Inlet,NA,NA
1993,4,639.5,4850,37.8,NA,88.0,0.0,639.5,88,88,100,21,Juan Perez Sound,52.4322,-131.3228
1993,0,0,0,0,0,NA,NA,NA,NA,NA,0,22,Skidegate Inlet,NA,NA
1993,1,73.0,1000,50.0,NA,106.0,0,73.0,106,106,0,23,Naden Harbour,53.0592,-131.8478
1993,4,1512.2,16400,30.0,NA,107.0,0.0,1512.2,107,107,100,24,Laskeek Bay,52.8952,-131.9331
1993,9,4127.4,22050,50.3,NA,94.7,14.6,4127.4,83,114,100,25,Skincuttle Inlet,52.3392,-131.2525
1994,0,0,0,0,0,NA,NA,NA,NA,NA,0,1,Tasu Sound & Gowgaia Bay,NA,NA
1994,2,173.8,3020,20.5,NA,98.0,2.8,173.8,96,100,100,2,Englefield Bay,53.6426,-132.919
1994,1,16.6,1260,0,NA,93.0,0,16.6,93,93,100,3,Rennell Sound,53.3447,-132.5119
1994,0,0,0,0,0,NA,NA,NA,NA,NA,0,4,Cartwright Sound,NA,NA
1994,1,57.9,1170,20.0,NA,100.0,0,57.9,100,100,100,5,Juan Perez Sound West,53.0075,-132.2783
1994,5,67.0,1700,6.6,NA,70.6,2.2,67.0,69,73,0,6,Louscoone Inlet,52.1953,-131.2415
1994,0,0,0,0,0,NA,NA,NA,NA,NA,0,11,Masset Inlet,NA,NA
1994,0,0,0,0,0,NA,NA,NA,NA,NA,0,12,Cumshewa Inlet,NA,NA
1994,6,5231.2,12390,55.0,NA,90.0,0,5231.2,90,90,100,21,Juan Perez Sound,52.4376,-131.3172
1994,0,0,0,0,0,NA,NA,NA,NA,NA,0,22,Skidegate Inlet,NA,NA
1994,2,594.0,5770,12.5,NA,NA,NA,NA,NA,NA,100,23,Naden Harbour,53.0308,-131.8917
1994,2,2379.1,7160,40.5,NA,NA,NA,NA,NA,NA,100,24,Laskeek Bay,52.8837,-131.8319
1994,11,4548.5,13560,45.0,NA,81.8,1.8,4548.5,80,84,73,25,Skincuttle Inlet,52.3082,-131.2602
1995,0,0,0,0,0,NA,NA,NA,NA,NA,0,1,Tasu Sound & Gowgaia Bay,NA,NA
1995,0,0,0,0,0,NA,NA,NA,NA,NA,0,2,Englefield Bay,NA,NA
1995,0,0,0,0,0,NA,NA,NA,NA,NA,0,3,Rennell Sound,NA,NA
1995,0,0,0,0,0,NA,NA,NA,NA,NA,0,4,Cartwright Sound,NA,NA
1995,0,0,0,0,0,NA,NA,NA,NA,NA,0,5,Juan Perez Sound West,NA,NA
1995,0,0,0,0,0,NA,NA,NA,NA,NA,0,6,Louscoone Inlet,NA,NA
1995,0,0,0,0,0,NA,NA,NA,NA,NA,0,11,Masset Inlet,NA,NA
1995,0,0,0,0,0,NA,NA,NA,NA,NA,0,12,Cumshewa Inlet,NA,NA
1995,3,1163.4,4465,86.7,NA,100.0,0.0,1163.4,100,100,100,21,Juan Perez Sound,52.4075,-131.3642
1995,0,0,0,0,0,NA,NA,NA,NA,NA,0,22,Skidegate Inlet,NA,NA
1995,1,49.6,3580,11.0,NA,115.0,0,49.6,115,115,100,23,Naden Harbour,53.0383,-131.8781
1995,2,107.7,2100,7.5,NA,115.0,0.0,107.7,115,115,0,24,Laskeek Bay,52.8831,-131.7947
1995,7,3380.0,12925,94.4,NA,80.3,13.5,3380.0,72,102,86,25,Skincuttle Inlet,52.3179,-131.2633
1996,0,0,0,0,0,NA,NA,NA,NA,NA,0,1,Tasu Sound & Gowgaia Bay,NA,NA
1996,1,0.0,400,50.0,NA,90.0,0,0.0,90,90,0,2,Englefield Bay,53.6989,-132.9508
1996,1,0.0,0,0,NA,94.0,0,0.0,94,94,0,3,Rennell Sound,53.3442,-132.4728
1996,0,0,0,0,0,NA,NA,NA,NA,NA,0,4,Cartwright Sound,NA,NA
1996,1,0.0,0,0,NA,100.0,0,0.0,100,100,0,5,Juan Perez Sound West,52.975,-132.3556
1996,3,125.3,1085,33.3,NA,77.3,15.0,125.3,60,86,33,6,Louscoone Inlet,52.1809,-131.2292
1996,1,0.0,0,0,NA,NA,NA,NA,NA,NA,0,11,Masset Inlet,53.6603,-132.5289
1996,0,0,0,0,0,NA,NA,NA,NA,NA,0,12,Cumshewa Inlet,NA,NA
1996,4,920.1,8965,49.0,NA,106.2,0.5,920.1,106,107,100,21,Juan Perez Sound,52.4392,-131.3227
1996,7,0.0,0,0,NA,NA,NA,NA,NA,NA,0,22,Skidegate Inlet,53.2383,-131.9927
1996,0,0,0,0,0,NA,NA,NA,NA,NA,0,23,Naden Harbour,NA,NA
1996,3,698.2,5850,37.7,NA,111.0,5.2,698.2,108,117,100,24,Laskeek Bay,52.8777,-131.802
1996,6,5630.8,9675,125.2,NA,91.2,2.0,5630.8,89,93,100,25,Skincuttle Inlet,52.3366,-131.2959
1997,0,0,0,0,0,NA,NA,NA,NA,NA,0,1,Tasu Sound & Gowgaia Bay,NA,NA
1997,0,0,0,0,0,NA,NA,NA,NA,NA,0,2,Englefield Bay,NA,NA
1997,1,0.0,6400,0,NA,NA,NA,NA,NA,NA,0,3,Rennell Sound,53.4028,-132.6542
1997,0,0,0,0,0,NA,NA,NA,NA,NA,0,4,Cartwright Sound,NA,NA
1997,0,0,0,0,0,NA,NA,NA,NA,NA,0,5,Juan Perez Sound West,NA,NA
1997,1,52.3,1450,19.0,NA,88.0,0,52.3,88,88,100,6,Louscoone Inlet,52.1958,-131.237
1997,0,0,0,0,0,NA,NA,NA,NA,NA,0,11,Masset Inlet,NA,NA
1997,0,0,0,0,0,NA,NA,NA,NA,NA,0,12,Cumshewa Inlet,NA,NA
1997,6,5483.6,14200,65.2,NA,96.0,3.9,5483.6,91,100,100,21,Juan Perez Sound,52.426,-131.3368
1997,0,0,0,0,0,NA,NA,NA,NA,NA,0,22,Skidegate Inlet,NA,NA
1997,0,0,0,0,0,NA,NA,NA,NA,NA,0,23,Naden Harbour,NA,NA
1997,2,1241.0,4900,34.5,NA,101.5,0.7,1241.0,101,102,100,24,Laskeek Bay,52.8915,-131.8681
1997,8,4000.7,15860,74.2,NA,84.0,15.2,4000.7,65,99,100,25,Skincuttle Inlet,52.3132,-131.2623
1998,0,0,0,0,0,NA,NA,NA,NA,NA,0,1,Tasu Sound & Gowgaia Bay,NA,NA
1998,2,150.7,2100,30.0,NA,90.0,0.0,150.7,90,90,100,2,Englefield Bay,53.7,-132.9557
1998,1,69.0,1750,8.0,NA,93.0,0,69.0,93,93,100,3,Rennell Sound,53.4875,-132.7486
1998,0,0,0,0,0,NA,NA,NA,NA,NA,0,4,Cartwright Sound,NA,NA
1998,2,249.2,4550,18.5,NA,94.0,0.0,249.2,94,94,100,5,Juan Perez Sound West,53.0087,-132.2651
1998,7,0.0,1825,30.0,NA,NA,NA,NA,NA,NA,0,6,Louscoone Inlet,52.1918,-131.2352
1998,0,0,0,0,0,NA,NA,NA,NA,NA,0,11,Masset Inlet,NA,NA
1998,0,0,0,0,0,NA,NA,NA,NA,NA,0,12,Cumshewa Inlet,NA,NA
1998,13,6472.4,25200,86.0,NA,75.7,4.9,6472.4,71,90,100,21,Juan Perez Sound,52.4599,-131.4293
1998,0,0,0,0,0,NA,NA,NA,NA,NA,0,22,Skidegate Inlet,NA,NA
1998,0,0,0,0,0,NA,NA,NA,NA,NA,0,23,Naden Harbour,NA,NA
1998,2,3900.8,11050,56.0,NA,82.0,0.0,3900.8,82,82,100,24,Laskeek Bay,52.8837,-131.8319
1998,8,10248.5,22100,91.9,NA,73.6,2.5,10248.5,70,77,100,25,Skincuttle Inlet,52.3148,-131.2529
1999,0,0,0,0,0,NA,NA,NA,NA,NA,0,1,Tasu Sound & Gowgaia Bay,NA,NA
1999,0,0,0,0,0,NA,NA,NA,NA,NA,0,2,Englefield Bay,NA,NA
1999,1,0.0,1400,0,NA,NA,NA,NA,NA,NA,0,3,Rennell Sound,53.3019,-132.4325
1999,0,0,0,0,0,NA,NA,NA,NA,NA,0,4,Cartwright Sound,NA,NA
1999,0,0,0,0,0,NA,NA,NA,NA,NA,0,5,Juan Perez Sound West,NA,NA
1999,2,43.6,1400,16.5,NA,57.0,0.0,43.6,57,57,100,6,Louscoone Inlet,52.1833,-131.2332
1999,0,0,0,0,0,NA,NA,NA,NA,NA,0,11,Masset Inlet,NA,NA
1999,0,0,0,0,0,NA,NA,NA,NA,NA,0,12,Cumshewa Inlet,NA,NA
1999,7,4239.3,16880,49.3,NA,73.3,15.4,4239.3,57,87,100,21,Juan Perez Sound,52.4444,-131.4186
1999,0,0,0,0,0,NA,NA,NA,NA,NA,0,22,Skidegate Inlet,NA,NA
1999,0,0,0,0,0,NA,NA,NA,NA,NA,0,23,Naden Harbour,NA,NA
1999,2,837.1,4200,49.0,NA,98.0,0.0,837.1,98,98,100,24,Laskeek Bay,52.8837,-131.8319
1999,16,3851.0,22050,54.0,NA,77.9,10.7,3851.0,54,86,69,25,Skincuttle Inlet,52.3207,-131.2838
2000,0,0,0,0,0,NA,NA,NA,NA,NA,0,1,Tasu Sound & Gowgaia Bay,NA,NA
2000,0,0,0,0,0,NA,NA,NA,NA,NA,0,2,Englefield Bay,NA,NA
2000,2,288.4,3400,41.5,NA,91.0,2.8,288.4,89,93,100,3,Rennell Sound,53.3254,-132.5749
2000,0,0,0,0,0,NA,NA,NA,NA,NA,0,4,Cartwright Sound,NA,NA
2000,0,0,0,0,0,NA,NA,NA,NA,NA,0,5,Juan Perez Sound West,NA,NA
2000,0,0,0,0,0,NA,NA,NA,NA,NA,0,6,Louscoone Inlet,NA,NA
2000,0,0,0,0,0,NA,NA,NA,NA,NA,0,11,Masset Inlet,NA,NA
2000,0,0,0,0,0,NA,NA,NA,NA,NA,0,12,Cumshewa Inlet,NA,NA
2000,13,3772.1,16075,88.7,NA,86.1,8.5,3772.1,67,93,100,21,Juan Perez Sound,52.5031,-131.5065
2000,0,0,0,0,0,NA,NA,NA,NA,NA,0,22,Skidegate Inlet,NA,NA
2000,0,0,0,0,0,NA,NA,NA,NA,NA,0,23,Naden Harbour,NA,NA
2000,3,743.4,6700,41.7,NA,89.3,18.5,743.4,68,100,100,24,Laskeek Bay,52.8894,-131.837
2000,4,825.5,4500,105.7,NA,75.8,13.9,825.5,59,93,75,25,Skincuttle Inlet,52.2875,-131.2666
2001,0,0,0,0,0,NA,NA,NA,NA,NA,0,1,Tasu Sound & Gowgaia Bay,NA,NA
2001,2,34.6,900,10.0,NA,80.0,0.0,34.6,80,80,100,2,Englefield Bay,53.6479,-132.9168
2001,1,0.0,800,0,NA,80.0,0,0.0,80,80,100,3,Rennell Sound,53.4875,-132.7486
2001,0,0,0,0,0,NA,NA,NA,NA,NA,0,4,Cartwright Sound,NA,NA
2001,0,0,0,0,0,NA,NA,NA,NA,NA,0,5,Juan Perez Sound West,NA,NA
2001,2,254.8,1750,29.5,NA,58.0,0.0,254.8,58,58,100,6,Louscoone Inlet,52.1944,-131.2375
2001,0,0,0,0,0,NA,NA,NA,NA,NA,0,11,Masset Inlet,NA,NA
2001,0,0,0,0,0,NA,NA,NA,NA,NA,0,12,Cumshewa Inlet,NA,NA
2001,17,10393.1,23375,53.9,NA,88.9,10.8,10393.1,63,98,100,21,Juan Perez Sound,52.5225,-131.5277
2001,0,0,0,0,0,NA,NA,NA,NA,NA,0,22,Skidegate Inlet,NA,NA
2001,0,0,0,0,0,NA,NA,NA,NA,NA,0,23,Naden Harbour,NA,NA
2001,3,1335.0,5050,42.3,NA,97.0,24.2,1335.0,69,111,100,24,Laskeek Bay,52.8894,-131.837
2001,7,1875.7,9650,77.5,NA,67.4,8.8,1875.7,60,86,100,25,Skincuttle Inlet,52.3046,-131.2738
2002,0,0,0,0,0,NA,NA,NA,NA,NA,0,1,Tasu Sound & Gowgaia Bay,NA,NA
2002,0,0,0,0,0,NA,NA,NA,NA,NA,0,2,Englefield Bay,NA,NA
2002,1,149.3,1150,15.0,NA,77.0,0,149.3,77,77,100,3,Rennell Sound,53.3067,-132.6769
2002,0,0,0,0,0,NA,NA,NA,NA,NA,0,4,Cartwright Sound,NA,NA
2002,0,0,0,0,0,NA,NA,NA,NA,NA,0,5,Juan Perez Sound West,NA,NA
2002,2,99.6,1300,22.0,NA,61.0,0.0,99.6,61,61,50,6,Louscoone Inlet,52.1944,-131.2375
2002,0,0,0,0,0,NA,NA,NA,NA,NA,0,11,Masset Inlet,NA,NA
2002,0,0,0,0,0,NA,NA,NA,NA,NA,0,12,Cumshewa Inlet,NA,NA
2002,7,915.1,5800,51.3,NA,86.9,11.9,915.1,72,109,43,21,Juan Perez Sound,52.447,-131.4294
2002,0,0,0,0,0,NA,NA,NA,NA,NA,0,22,Skidegate Inlet,NA,NA
2002,0,0,0,0,0,NA,NA,NA,NA,NA,0,23,Naden Harbour,NA,NA
2002,5,891.8,5550,56.0,NA,83.8,24.8,891.8,52,109,80,24,Laskeek Bay,52.8271,-131.7841
2002,2,379.0,3000,48.0,NA,56.0,0.0,379.0,56,56,100,25,Skincuttle Inlet,52.2674,-131.2525
2003,0,0,0,0,0,NA,NA,NA,NA,NA,0,1,Tasu Sound & Gowgaia Bay,NA,NA
2003,2,283.2,2000,62.5,NA,92.0,0.0,283.2,92,92,0,2,Englefield Bay,53.7597,-133.0133
2003,8,1078.7,7600,13.1,NA,89.0,4.1,1078.7,79,91,0,3,Rennell Sound,53.3757,-132.5917
2003,4,100.0,460,6.2,NA,107.0,0.0,100.0,107,107,0,4,Cartwright Sound,53.1605,-132.5411
2003,0,0,0,0,0,NA,NA,NA,NA,NA,0,5,Juan Perez Sound West,NA,NA
2003,0,0,0,0,0,NA,NA,NA,NA,NA,0,6,Louscoone Inlet,NA,NA
2003,0,0,0,0,0,NA,NA,NA,NA,NA,0,11,Masset Inlet,NA,NA
2003,0,0,0,0,0,NA,NA,NA,NA,NA,0,12,Cumshewa Inlet,NA,NA
2003,5,1226.4,4900,62.4,NA,98.4,5.4,1226.4,90,105,100,21,Juan Perez Sound,52.4648,-131.4569
2003,0,0,0,0,0,NA,NA,NA,NA,NA,0,22,Skidegate Inlet,NA,NA
2003,0,0,0,0,0,NA,NA,NA,NA,NA,0,23,Naden Harbour,NA,NA
2003,7,1082.6,5490,29.3,NA,87.2,19.4,1082.6,64,111,43,24,Laskeek Bay,52.8669,-131.7804
2003,6,4992.7,8200,88.7,NA,87.5,16.9,4992.7,53,96,83,25,Skincuttle Inlet,52.3046,-131.2647
2004,0,0,0,0,0,NA,NA,NA,NA,NA,0,1,Tasu Sound & Gowgaia Bay,NA,NA
2004,1,699.8,6600,31.0,NA,86.0,0,699.8,86,86,100,2,Englefield Bay,53.6989,-132.9508
2004,5,2284.9,19800,27.8,NA,89.6,0.9,2284.9,88,90,100,3,Rennell Sound,53.357,-132.5686
2004,0,0,0,0,0,NA,NA,NA,NA,NA,0,4,Cartwright Sound,NA,NA
2004,2,10.9,576,1.5,NA,92.0,0.0,10.9,92,92,0,5,Juan Perez Sound West,53.0413,-132.3419
2004,0,0,0,0,0,NA,NA,NA,NA,NA,0,6,Louscoone Inlet,NA,NA
2004,0,0,0,0,0,NA,NA,NA,NA,NA,0,11,Masset Inlet,NA,NA
2004,0,0,0,0,0,NA,NA,NA,NA,NA,0,12,Cumshewa Inlet,NA,NA
2004,7,2245.0,12600,27.3,NA,88.6,6.5,2245.0,74,92,100,21,Juan Perez Sound,52.4672,-131.4498
2004,1,150.8,2000,52.0,NA,74.0,0,150.8,74,74,100,22,Skidegate Inlet,53.2511,-132.0586
2004,0,0,0,0,0,NA,NA,NA,NA,NA,0,23,Naden Harbour,NA,NA
2004,9,1632.5,11400,27.2,NA,50.6,25.6,1632.5,34,91,44,24,Laskeek Bay,52.9043,-131.868
2004,13,1028.7,7375,24.6,NA,71.1,21.5,1028.7,45,88,0,25,Skincuttle Inlet,52.2761,-131.2656
2005,0,0,0,0,0,NA,NA,NA,NA,NA,0,1,Tasu Sound & Gowgaia Bay,NA,NA
2005,2,22.6,1020,49.0,NA,83.5,7.8,22.6,78,89,100,2,Englefield Bay,53.6397,-132.9382
2005,12,552.5,7175,27.2,NA,84.2,10.2,552.5,76,97,42,3,Rennell Sound,53.3381,-132.6318
2005,0,0,0,0,0,NA,NA,NA,NA,NA,0,4,Cartwright Sound,NA,NA
2005,0,0,0,0,0,NA,NA,NA,NA,NA,0,5,Juan Perez Sound West,NA,NA
2005,2,503.1,2000,41.0,NA,72.0,0.0,503.1,72,72,100,6,Louscoone Inlet,52.1833,-131.2439
2005,0,0,0,0,0,NA,NA,NA,NA,NA,0,11,Masset Inlet,NA,NA
2005,5,159.3,4000,16.0,NA,94.0,0.0,159.3,94,94,0,12,Cumshewa Inlet,53.995,-132.6169
2005,4,1111.2,8450,75.5,NA,91.5,7.9,1111.2,82,98,100,21,Juan Perez Sound,52.4556,-131.4399
2005,0,0,0,0,0,NA,NA,NA,NA,NA,0,22,Skidegate Inlet,NA,NA
2005,0,0,0,0,0,NA,NA,NA,NA,NA,0,23,Naden Harbour,NA,NA
2005,8,791.6,8300,21.8,NA,73.6,21.0,791.6,57,107,50,24,Laskeek Bay,52.8733,-131.8051
2005,10,1208.0,3630,29.6,NA,49.6,11.4,1208.0,46,82,10,25,Skincuttle Inlet,52.3253,-131.3169
2006,0,0,0,0,0,NA,NA,NA,NA,NA,0,1,Tasu Sound & Gowgaia Bay,NA,NA
2006,12,925.4,7350,17.7,NA,93.2,1.5,925.4,92,95,0,2,Englefield Bay,53.6564,-132.9225
2006,10,231.0,8200,20.5,NA,91.1,4.1,231.0,88,97,0,3,Rennell Sound,53.3295,-132.5779
2006,3,589.2,3100,16.7,NA,97.0,0.0,589.2,97,97,0,4,Cartwright Sound,53.1592,-132.5674
2006,2,82.5,2900,8.0,NA,97.0,0.0,82.5,97,97,0,5,Juan Perez Sound West,53.0075,-132.2783
2006,0,0,0,0,0,NA,NA,NA,NA,NA,0,6,Louscoone Inlet,NA,NA
2006,0,0,0,0,0,NA,NA,NA,NA,NA,0,11,Masset Inlet,NA,NA
2006,0,0,0,0,0,NA,NA,NA,NA,NA,0,12,Cumshewa Inlet,NA,NA
2006,17,1800.8,9520,35.0,NA,89.2,3.4,1800.8,86,94,0,21,Juan Perez Sound,52.4678,-131.409
2006,0,0,0,0,0,NA,NA,NA,NA,NA,0,22,Skidegate Inlet,NA,NA
2006,0,0,0,0,0,NA,NA,NA,NA,NA,0,23,Naden Harbour,NA,NA
2006,19,1123.1,17100,16.9,NA,87.8,13.3,1123.1,60,98,0,24,Laskeek Bay,52.8312,-131.7408
2006,10,1173.1,3750,30.8,NA,75.5,14.2,1173.1,62,89,0,25,Skincuttle Inlet,52.2963,-131.2775
2007,0,0,0,0,0,NA,NA,NA,NA,NA,0,1,Tasu Sound & Gowgaia Bay,NA,NA
2007,14,511.3,5060,10.1,NA,96.9,5.9,511.3,87,106,0,2,Englefield Bay,53.6696,-132.9408
2007,18,718.9,5602,8.7,NA,80.4,15.3,718.9,62,94,0,3,Rennell Sound,53.3864,-132.6185
2007,4,178.9,1300,16.2,NA,94.0,0.0,178.9,94,94,0,4,Cartwright Sound,53.1592,-132.5674
2007,6,59.6,650,12.3,NA,89.0,0.0,59.6,89,89,0,5,Juan Perez Sound West,53.01,-132.2519
2007,1,101.9,800,4.0,NA,70.0,0,101.9,70,70,0,6,Louscoone Inlet,52.1958,-131.2584
2007,0,0,0,0,0,NA,NA,NA,NA,NA,0,11,Masset Inlet,NA,NA
2007,0,0,0,0,0,NA,NA,NA,NA,NA,0,12,Cumshewa Inlet,NA,NA
2007,20,3290.7,11203,20.6,NA,90.2,0.6,3290.7,90,92,0,21,Juan Perez Sound,52.413,-131.4063
2007,0,0,0,0,0,NA,NA,NA,NA,NA,0,22,Skidegate Inlet,NA,NA
2007,0,0,0,0,0,NA,NA,NA,NA,NA,0,23,Naden Harbour,NA,NA
2007,9,1552.3,9250,19.9,NA,91.6,16.2,1552.3,49,98,11,24,Laskeek Bay,52.7444,-131.6258
2007,22,4491.2,11230,18.3,NA,80.5,11.6,4491.2,65,89,9,25,Skincuttle Inlet,52.3183,-131.3045
2008,0,0,0,0,0,NA,NA,NA,NA,NA,0,1,Tasu Sound & Gowgaia Bay,NA,NA
2008,16,1009.7,7950,20.6,NA,86.6,1.8,1009.7,85,90,0,2,Englefield Bay,53.6536,-132.9319
2008,14,598.7,4200,22.1,NA,85.9,6.2,598.7,79,91,0,3,Rennell Sound,53.354,-132.613
2008,5,203.4,2150,12.2,NA,96.0,0.0,203.4,96,96,0,4,Cartwright Sound,53.1612,-132.5252
2008,4,187.7,1650,13.8,NA,100.0,0.0,187.7,100,100,0,5,Juan Perez Sound West,53.01,-132.2519
2008,0,0,0,0,0,NA,NA,NA,NA,NA,0,6,Louscoone Inlet,NA,NA
2008,0,0,0,0,0,NA,NA,NA,NA,NA,0,11,Masset Inlet,NA,NA
2008,0,0,0,0,0,NA,NA,NA,NA,NA,0,12,Cumshewa Inlet,NA,NA
2008,8,1830.4,10490,36.4,NA,103.9,3.2,1830.4,96,105,100,21,Juan Perez Sound,52.4165,-131.3937
2008,0,0,0,0,0,NA,NA,NA,NA,NA,0,22,Skidegate Inlet,NA,NA
2008,0,0,0,0,0,NA,NA,NA,NA,NA,0,23,Naden Harbour,NA,NA
2008,6,1047.4,8560,30.7,NA,92.0,10.8,1047.4,78,105,100,24,Laskeek Bay,52.9101,-131.8668
2008,4,1335.3,4720,76.5,NA,91.2,16.0,1335.3,75,105,100,25,Skincuttle Inlet,52.3152,-131.2871
2009,0,0,0,0,0,NA,NA,NA,NA,NA,0,1,Tasu Sound & Gowgaia Bay,NA,NA
2009,22,2758.7,22765,17.1,NA,84.6,8.2,2758.7,82,110,9,2,Englefield Bay,53.6899,-132.9496
2009,7,61.6,2436,12.8,NA,87.2,5.3,61.6,85,98,0,3,Rennell Sound,53.3583,-132.6974
2009,5,42.8,1058,13.6,NA,97.4,7.6,42.8,94,111,0,4,Cartwright Sound,53.1592,-132.5674
2009,3,7.7,686,16.7,NA,97.0,0.0,7.7,97,97,0,5,Juan Perez Sound West,53.0075,-132.2783
2009,0,0,0,0,0,NA,NA,NA,NA,NA,0,6,Louscoone Inlet,NA,NA
2009,0,0,0,0,0,NA,NA,NA,NA,NA,0,11,Masset Inlet,NA,NA
2009,0,0,0,0,0,NA,NA,NA,NA,NA,0,12,Cumshewa Inlet,NA,NA
2009,14,3422.8,25755,33.1,NA,103.7,8.6,3422.8,92,113,57,21,Juan Perez Sound,52.4553,-131.4328
2009,0,0,0,0,0,NA,NA,NA,NA,NA,0,22,Skidegate Inlet,NA,NA
2009,0,0,0,0,0,NA,NA,NA,NA,NA,0,23,Naden Harbour,NA,NA
2009,5,1041.0,12467,14.0,NA,103.6,16.2,1041.0,86,117,60,24,Laskeek Bay,52.8135,-131.7272
2009,10,5329.9,14017,46.8,NA,89.6,18.7,5329.9,69,114,40,25,Skincuttle Inlet,52.3243,-131.3038
2010,0,0,0,0,0,NA,NA,NA,NA,NA,0,1,Tasu Sound & Gowgaia Bay,NA,NA
2010,17,1961.0,17520,28.9,NA,88.1,6.8,1961.0,79,93,12,2,Englefield Bay,53.6267,-132.9048
2010,10,571.6,4370,21.7,NA,91.0,0.0,571.6,91,91,0,3,Rennell Sound,53.3053,-132.6036
2010,2,25.4,700,8.0,NA,107.0,4.2,25.4,104,110,100,4,Cartwright Sound,53.1642,-132.4619
2010,5,166.8,1900,21.0,NA,92.4,5.4,166.8,90,102,0,5,Juan Perez Sound West,53.0095,-132.2572
2010,2,151.3,920,10.0,NA,95.0,0.0,151.3,95,95,0,6,Louscoone Inlet,52.2525,-131.3667
2010,0,0,0,0,0,NA,NA,NA,NA,NA,0,11,Masset Inlet,NA,NA
2010,0,0,0,0,0,NA,NA,NA,NA,NA,0,12,Cumshewa Inlet,NA,NA
2010,10,1709.1,10760,59.2,NA,96.8,6.6,1709.1,90,104,60,21,Juan Perez Sound,52.4328,-131.3511
2010,9,773.6,4260,25.1,NA,126.3,9.5,773.6,120,139,33,22,Skidegate Inlet,53.2431,-132.0064
2010,0,0,0,0,0,NA,NA,NA,NA,NA,0,23,Naden Harbour,NA,NA
2010,6,2208.9,12940,25.0,NA,94.5,7.1,2208.9,88,101,50,24,Laskeek Bay,52.7911,-131.6889
2010,4,2776.1,9050,80.2,NA,83.0,6.9,2776.1,77,89,75,25,Skincuttle Inlet,52.3175,-131.2799
2011,0,0,0,0,0,NA,NA,NA,NA,NA,0,1,Tasu Sound & Gowgaia Bay,NA,NA
2011,3,2450.6,12830,41.7,NA,76.0,0.0,2450.6,76,76,100,2,Englefield Bay,53.6961,-132.9556
2011,2,190.8,1300,12.5,NA,101.5,2.1,190.8,100,103,0,3,Rennell Sound,53.451,-132.7013
2011,0,0,0,0,0,NA,NA,NA,NA,NA,0,4,Cartwright Sound,NA,NA
2011,0,0,0,0,0,NA,NA,NA,NA,NA,0,5,Juan Perez Sound West,NA,NA
2011,4,192.9,2900,4.8,NA,71.0,0.0,192.9,71,71,0,6,Louscoone Inlet,52.1958,-131.2424
2011,0,0,0,0,0,NA,NA,NA,NA,NA,0,11,Masset Inlet,NA,NA
2011,0,0,0,0,0,NA,NA,NA,NA,NA,0,12,Cumshewa Inlet,NA,NA
2011,6,722.5,5840,27.5,NA,101.8,5.3,722.5,91,104,83,21,Juan Perez Sound,52.3975,-131.4224
2011,4,23.7,2320,16.5,NA,126.8,11.6,23.7,111,139,0,22,Skidegate Inlet,53.2356,-132.0011
2011,0,0,0,0,0,NA,NA,NA,NA,NA,0,23,Naden Harbour,NA,NA
2011,8,1706.3,6800,25.8,NA,103.0,18.5,1706.3,73,113,25,24,Laskeek Bay,52.8288,-131.7478
2011,6,4932.4,18020,95.7,NA,92.8,6.2,4932.4,85,104,100,25,Skincuttle Inlet,52.3119,-131.2511
2012,0,0,0,0,0,NA,NA,NA,NA,NA,0,1,Tasu Sound & Gowgaia Bay,NA,NA
2012,32,2332.5,17127,15.3,NA,85.1,5.9,2332.5,82,96,0,2,Englefield Bay,53.6803,-132.9437
2012,5,83.4,2577,6.6,NA,105.4,12.5,83.4,83,111,0,3,Rennell Sound,53.4706,-132.7297
2012,0,0,0,0,0,NA,NA,NA,NA,NA,0,4,Cartwright Sound,NA,NA
2012,0,0,0,0,0,NA,NA,NA,NA,NA,0,5,Juan Perez Sound West,NA,NA
2012,9,197.9,2850,16.1,NA,66.0,0.0,197.9,66,66,0,6,Louscoone Inlet,52.1708,-131.2294
2012,0,0,0,0,0,NA,NA,NA,NA,NA,0,11,Masset Inlet,NA,NA
2012,0,0,0,0,0,NA,NA,NA,NA,NA,0,12,Cumshewa Inlet,NA,NA
2012,21,4747.9,25480,27.0,NA,96.5,5.8,4747.9,88,101,57,21,Juan Perez Sound,52.4231,-131.3897
2012,0,0,0,0,0,NA,NA,NA,NA,NA,0,22,Skidegate Inlet,NA,NA
2012,0,0,0,0,0,NA,NA,NA,NA,NA,0,23,Naden Harbour,NA,NA
2012,9,1538.1,11230,18.1,NA,107.0,18.3,1538.1,79,119,33,24,Laskeek Bay,52.7606,-131.6468
2012,9,3236.3,15050,51.8,NA,88.9,3.6,3236.3,85,95,89,25,Skincuttle Inlet,52.3154,-131.2633
2013,0,0,0,0,0,NA,NA,NA,NA,NA,0,1,Tasu Sound & Gowgaia Bay,NA,NA
2013,16,2040.9,14515,11.5,NA,80.0,1.8,2040.9,77,81,0,2,Englefield Bay,53.7141,-132.9665
2013,2,34.6,450,10.5,NA,94.0,0.0,34.6,94,94,0,3,Rennell Sound,53.3067,-132.6769
2013,0,0,0,0,0,NA,NA,NA,NA,NA,0,4,Cartwright Sound,NA,NA
2013,0,0,0,0,0,NA,NA,NA,NA,NA,0,5,Juan Perez Sound West,NA,NA
2013,2,1271.9,4150,39.0,NA,77.0,0.0,1271.9,77,77,100,6,Louscoone Inlet,52.1763,-131.2316
2013,0,0,0,0,0,NA,NA,NA,NA,NA,0,11,Masset Inlet,NA,NA
2013,0,0,0,0,0,NA,NA,NA,NA,NA,0,12,Cumshewa Inlet,NA,NA
2013,20,8750.9,48900,36.0,NA,92.8,10.8,8750.9,78,105,60,21,Juan Perez Sound,52.4668,-131.4344
2013,0,0,0,0,0,NA,NA,NA,NA,NA,0,22,Skidegate Inlet,NA,NA
2013,3,116.6,2350,25.0,NA,91.0,0.0,116.6,91,91,0,23,Naden Harbour,52.9508,-131.9031
2013,10,798.6,7900,17.0,NA,101.4,8.3,798.6,95,111,0,24,Laskeek Bay,52.815,-131.7176
2013,2,5087.4,7000,81.0,NA,79.0,0.0,5087.4,79,79,100,25,Skincuttle Inlet,52.3129,-131.1993
2014,0,0,0,0,0,NA,NA,NA,NA,NA,0,1,Tasu Sound & Gowgaia Bay,NA,NA
2014,3,1368.0,12050,27.3,NA,85.0,0.0,1368.0,85,85,100,2,Englefield Bay,53.6961,-132.9556
2014,0,0,0,0,0,NA,NA,NA,NA,NA,0,3,Rennell Sound,NA,NA
2014,0,0,0,0,0,NA,NA,NA,NA,NA,0,4,Cartwright Sound,NA,NA
2014,0,0,0,0,0,NA,NA,NA,NA,NA,0,5,Juan Perez Sound West,NA,NA
2014,0,0,0,0,0,NA,NA,NA,NA,NA,0,6,Louscoone Inlet,NA,NA
2014,0,0,0,0,0,NA,NA,NA,NA,NA,0,11,Masset Inlet,NA,NA
2014,0,0,0,0,0,NA,NA,NA,NA,NA,0,12,Cumshewa Inlet,NA,NA
2014,9,4162.4,21725,57.0,NA,92.7,7.4,4162.4,81,99,100,21,Juan Perez Sound,52.4622,-131.402
2014,0,0,0,0,0,NA,NA,NA,NA,NA,0,22,Skidegate Inlet,NA,NA
2014,0,0,0,0,0,NA,NA,NA,NA,NA,0,23,Naden Harbour,NA,NA
2014,6,714.2,12475,32.0,NA,102.5,2.7,714.2,100,105,100,24,Laskeek Bay,52.8959,-131.9009
2014,6,5689.3,18700,81.3,NA,93.5,0.8,5689.3,92,94,100,25,Skincuttle Inlet,52.3663,-131.2541
2015,0,0,0,0,0,NA,NA,NA,NA,NA,0,1,Tasu Sound & Gowgaia Bay,NA,NA
2015,0,0,0,0,0,NA,NA,NA,NA,NA,0,2,Englefield Bay,NA,NA
2015,0,0,0,0,0,NA,NA,NA,NA,NA,0,3,Rennell Sound,NA,NA
2015,0,0,0,0,0,NA,NA,NA,NA,NA,0,4,Cartwright Sound,NA,NA
2015,0,0,0,0,0,NA,NA,NA,NA,NA,0,5,Juan Perez Sound West,NA,NA
2015,1,0.0,0,0,NA,64.0,0,0.0,64,64,0,6,Louscoone Inlet,52.1958,-131.2584
2015,0,0,0,0,0,NA,NA,NA,NA,NA,0,11,Masset Inlet,NA,NA
2015,0,0,0,0,0,NA,NA,NA,NA,NA,0,12,Cumshewa Inlet,NA,NA
2015,12,6688.0,25825,72.4,NA,86.3,0.5,6688.0,86,87,100,21,Juan Perez Sound,52.435,-131.3264
2015,0,0,0,0,0,NA,NA,NA,NA,NA,0,22,Skidegate Inlet,NA,NA
2015,0,0,0,0,0,NA,NA,NA,NA,NA,0,23,Naden Harbour,NA,NA
2015,6,792.2,9575,20.4,NA,86.0,0.0,792.2,86,86,100,24,Laskeek Bay,52.8829,-131.8331
2015,9,5621.9,21750,55.3,NA,86.1,0.3,5621.9,86,87,100,25,Skincuttle Inlet,52.3429,-131.2447
2016,0,0,0,0,0,NA,NA,NA,NA,NA,0,1,Tasu Sound & Gowgaia Bay,NA,NA
2016,24,3001.2,15800,26.8,NA,85.0,1.9,3001.2,84,89,0,2,Englefield Bay,53.6819,-132.9395
2016,0,0,0,0,0,NA,NA,NA,NA,NA,0,3,Rennell Sound,NA,NA
2016,0,0,0,0,0,NA,NA,NA,NA,NA,0,4,Cartwright Sound,NA,NA
2016,0,0,0,0,0,NA,NA,NA,NA,NA,0,5,Juan Perez Sound West,NA,NA
2016,0,0,0,0,0,NA,NA,NA,NA,NA,0,6,Louscoone Inlet,NA,NA
2016,0,0,0,0,0,NA,NA,NA,NA,NA,0,11,Masset Inlet,NA,NA
2016,0,0,0,0,0,NA,NA,NA,NA,NA,0,12,Cumshewa Inlet,NA,NA
2016,7,1124.0,7445,49.1,NA,93.1,5.4,1124.0,88,100,57,21,Juan Perez Sound,52.4639,-131.3878
2016,4,0.0,590,3.5,NA,130.0,0.0,0.0,130,130,0,22,Skidegate Inlet,53.248,-131.9569
2016,0,0,0,0,0,NA,NA,NA,NA,NA,0,23,Naden Harbour,NA,NA
2016,2,363.4,3275,30.8,NA,105.0,0.0,363.4,105,105,100,24,Laskeek Bay,52.8733,-131.7993
2016,9,5400.9,19625,62.9,NA,90.1,4.4,5400.9,87,101,78,25,Skincuttle Inlet,52.3576,-131.2674
2017,0,0,0,0,0,NA,NA,NA,NA,NA,0,1,Tasu Sound & Gowgaia Bay,NA,NA
2017,0,0,0,0,0,NA,NA,NA,NA,NA,0,2,Englefield Bay,NA,NA
2017,0,0,0,0,0,NA,NA,NA,NA,NA,0,3,Rennell Sound,NA,NA
2017,0,0,0,0,0,NA,NA,NA,NA,NA,0,4,Cartwright Sound,NA,NA
2017,0,0,0,0,0,NA,NA,NA,NA,NA,0,5,Juan Perez Sound West,NA,NA
2017,1,0.0,2200,0,NA,64.0,0,0.0,64,64,0,6,Louscoone Inlet,52.1958,-131.237
2017,0,0,0,0,0,NA,NA,NA,NA,NA,0,11,Masset Inlet,NA,NA
2017,0,0,0,0,0,NA,NA,NA,NA,NA,0,12,Cumshewa Inlet,NA,NA
2017,13,2371.8,16100,73.5,NA,90.0,2.4,2371.8,88,96,69,21,Juan Perez Sound,52.4429,-131.3608
2017,1,0.0,0,0,NA,121.0,0,0.0,121,121,0,22,Skidegate Inlet,53.2331,-131.976
2017,0,0,0,0,0,NA,NA,NA,NA,NA,0,23,Naden Harbour,NA,NA
2017,2,53.5,2800,16.7,NA,105.5,3.5,53.5,103,108,100,24,Laskeek Bay,52.7833,-131.6896
2017,6,590.3,10250,53.6,NA,90.2,2.0,590.3,88,93,50,25,Skincuttle Inlet,52.3824,-131.2875
2018,0,0,0,0,0,NA,NA,NA,NA,NA,0,1,Tasu Sound & Gowgaia Bay,NA,NA
2018,7,166.1,16500,15.8,NA,87.1,5.7,166.1,85,100,0,2,Englefield Bay,53.6115,-132.8925
2018,0,0,0,0,0,NA,NA,NA,NA,NA,0,3,Rennell Sound,NA,NA
2018,0,0,0,0,0,NA,NA,NA,NA,NA,0,4,Cartwright Sound,NA,NA
2018,6,450.5,4300,19.5,NA,94.0,0.0,450.5,94,94,0,5,Juan Perez Sound West,53.0075,-132.2783
2018,1,0.0,1000,0,NA,59.0,0,0.0,59,59,0,6,Louscoone Inlet,52.1708,-131.2294
2018,0,0,0,0,0,NA,NA,NA,NA,NA,0,11,Masset Inlet,NA,NA
2018,0,0,0,0,0,NA,NA,NA,NA,NA,0,12,Cumshewa Inlet,NA,NA
2018,7,1681.2,12175,40.5,NA,92.0,0.0,1681.2,92,92,100,21,Juan Perez Sound,52.4623,-131.3645
2018,2,0.0,200,6.0,NA,96.5,3.5,0.0,94,99,0,22,Skidegate Inlet,53.2465,-131.9255
2018,0,0,0,0,0,NA,NA,NA,NA,NA,0,23,Naden Harbour,NA,NA
2018,2,1072.6,4200,38.0,NA,101.0,0.0,1072.6,101,101,100,24,Laskeek Bay,52.8733,-131.7993
2018,6,1834.4,18200,50.2,NA,92.0,0.0,1834.4,92,92,100,25,Skincuttle Inlet,52.384,-131.284
2019,0,0,0,0,0,NA,NA,NA,NA,NA,0,1,Tasu Sound & Gowgaia Bay,NA,NA
2019,16,2884.5,11740,18.6,NA,87.3,4.4,2884.5,80,91,0,2,Englefield Bay,53.7267,-132.9817
2019,0,0,0,0,0,NA,NA,NA,NA,NA,0,3,Rennell Sound,NA,NA
2019,0,0,0,0,0,NA,NA,NA,NA,NA,0,4,Cartwright Sound,NA,NA
2019,0,0,0,0,0,NA,NA,NA,NA,NA,0,5,Juan Perez Sound West,NA,NA
2019,4,184.2,1150,55.0,NA,91.0,0.0,184.2,91,91,0,6,Louscoone Inlet,52.1708,-131.2294
2019,0,0,0,0,0,NA,NA,NA,NA,NA,0,11,Masset Inlet,NA,NA
2019,0,0,0,0,0,NA,NA,NA,NA,NA,0,12,Cumshewa Inlet,NA,NA
2019,15,8568.1,30175,56.0,NA,90.7,2.3,8568.1,89,95,80,21,Juan Perez Sound,52.4515,-131.3879
2019,1,0.0,0,0,NA,131.0,0,0.0,131,131,0,22,Skidegate Inlet,53.2331,-131.976
2019,12,294.2,5350,8.4,NA,91.3,8.1,294.2,89,117,8,23,Naden Harbour,53.0107,-131.926
2019,8,463.5,9450,11.4,NA,99.1,1.6,463.5,98,101,38,24,Laskeek Bay,52.7781,-131.737
2019,21,2113.8,31840,56.2,NA,91.8,2.1,2113.8,89,94,52,25,Skincuttle Inlet,52.3282,-131.295
2020,0,0,0,0,0,NA,NA,NA,NA,NA,0,1,Tasu Sound & Gowgaia Bay,NA,NA
2020,39,6833.6,20102,11.4,NA,92.7,2.4,6833.6,86,94,0,2,Englefield Bay,53.7012,-132.9597
2020,0,0,0,0,0,NA,NA,NA,NA,NA,0,3,Rennell Sound,NA,NA
2020,0,0,0,0,0,NA,NA,NA,NA,NA,0,4,Cartwright Sound,NA,NA
2020,0,0,0,0,0,NA,NA,NA,NA,NA,0,5,Juan Perez Sound West,NA,NA
2020,0,0,0,0,0,NA,NA,NA,NA,NA,0,6,Louscoone Inlet,NA,NA
2020,0,0,0,0,0,NA,NA,NA,NA,NA,0,11,Masset Inlet,NA,NA
2020,0,0,0,0,0,NA,NA,NA,NA,NA,0,12,Cumshewa Inlet,NA,NA
2020,42,8202.1,14700,66.1,NA,91.8,3.7,8202.1,88,100,0,21,Juan Perez Sound,52.4502,-131.3204
2020,0,0,0,0,0,NA,NA,NA,NA,NA,0,22,Skidegate Inlet,NA,NA
2020,1,3.8,350,20.0,NA,105.0,0,3.8,105,105,0,23,Naden Harbour,53.0461,-131.7489
2020,17,1576.9,5950,42.5,NA,98.9,1.0,1576.9,98,100,0,24,Laskeek Bay,52.7942,-131.6965
2020,77,10640.6,26950,88.0,NA,90.5,5.8,10640.6,83,98,0,25,Skincuttle Inlet,52.3261,-131.2927
2021,0,0,0,0,0,NA,NA,NA,NA,NA,0,1,Tasu Sound & Gowgaia Bay,NA,NA
2021,14,1376.7,5605,25.0,NA,95.0,0.0,1376.7,95,95,0,2,Englefield Bay,53.7597,-133.0133
2021,0,0,0,0,0,NA,NA,NA,NA,NA,0,3,Rennell Sound,NA,NA
2021,0,0,0,0,0,NA,NA,NA,NA,NA,0,4,Cartwright Sound,NA,NA
2021,0,0,0,0,0,NA,NA,NA,NA,NA,0,5,Juan Perez Sound West,NA,NA
2021,0,0,0,0,0,NA,NA,NA,NA,NA,0,6,Louscoone Inlet,NA,NA
2021,0,0,0,0,0,NA,NA,NA,NA,NA,0,11,Masset Inlet,NA,NA
2021,0,0,0,0,0,NA,NA,NA,NA,NA,0,12,Cumshewa Inlet,NA,NA
2021,35,4792.0,12250,87.9,NA,95.3,3.2,4792.0,88,100,0,21,Juan Perez Sound,52.4169,-131.3106
2021,0,0,0,0,0,NA,NA,NA,NA,NA,0,22,Skidegate Inlet,NA,NA
2021,0,0,0,0,0,NA,NA,NA,NA,NA,0,23,Naden Harbour,NA,NA
2021,23,447.1,8050,22.7,NA,107.7,4.2,447.1,105,114,0,24,Laskeek Bay,52.7619,-131.6608
2021,80,12994.7,28000,91.0,NA,96.6,1.7,12994.7,94,100,0,25,Skincuttle Inlet,52.328,-131.2796
2022,0,0,0,0,0,NA,NA,NA,NA,NA,0,1,Tasu Sound & Gowgaia Bay,NA,NA
2022,35,3298.9,11565,12.3,NA,85.9,0.3,3298.9,84,86,0,2,Englefield Bay,53.6913,-132.9518
2022,0,0,0,0,0,NA,NA,NA,NA,NA,0,3,Rennell Sound,NA,NA
2022,0,0,0,0,0,NA,NA,NA,NA,NA,0,4,Cartwright Sound,NA,NA
2022,0,0,0,0,0,NA,NA,NA,NA,NA,0,5,Juan Perez Sound West,NA,NA
2022,0,0,0,0,0,NA,NA,NA,NA,NA,0,6,Louscoone Inlet,NA,NA
2022,0,0,0,0,0,NA,NA,NA,NA,NA,0,11,Masset Inlet,NA,NA
2022,0,0,0,0,0,NA,NA,NA,NA,NA,0,12,Cumshewa Inlet,NA,NA
2022,12,1462.9,9800,63.7,NA,89.8,4.8,1462.9,84,100,50,21,Juan Perez Sound,52.4472,-131.3231
2022,0,0,0,0,0,NA,NA,NA,NA,NA,0,22,Skidegate Inlet,NA,NA
2022,1,9.6,700,22.5,NA,92.0,0,9.6,92,92,100,23,Naden Harbour,53.0275,-131.7794
2022,6,784.3,5950,42.8,NA,98.2,4.5,784.3,89,100,67,24,Laskeek Bay,52.8641,-131.8067
2022,16,3023.7,16800,59.5,NA,88.1,1.0,3023.7,87,89,75,25,Skincuttle Inlet,52.3405,-131.3032
2023,0,0,0,0,0,NA,NA,NA,NA,NA,0,1,Tasu Sound & Gowgaia Bay,NA,NA
2023,27,1191.6,9460,6.5,NA,93.0,0.0,1191.6,93,93,0,2,Englefield Bay,53.6987,-132.9594
2023,0,0,0,0,0,NA,NA,NA,NA,NA,0,3,Rennell Sound,NA,NA
2023,0,0,0,0,0,NA,NA,NA,NA,NA,0,4,Cartwright Sound,NA,NA
2023,0,0,0,0,0,NA,NA,NA,NA,NA,0,5,Juan Perez Sound West,NA,NA
2023,1,0.0,0,0,NA,66.0,0,0.0,66,66,0,6,Louscoone Inlet,52.2146,-131.3577
2023,0,0,0,0,0,NA,NA,NA,NA,NA,0,11,Masset Inlet,NA,NA
2023,0,0,0,0,0,NA,NA,NA,NA,NA,0,12,Cumshewa Inlet,NA,NA
2023,9,327.6,6950,34.3,NA,98.3,4.8,327.6,93,103,67,21,Juan Perez Sound,52.4397,-131.3575
2023,0,0,0,0,0,NA,NA,NA,NA,NA,0,22,Skidegate Inlet,NA,NA
2023,3,0.0,0,0,NA,86.3,0.6,0.0,86,87,0,23,Naden Harbour,53.0656,-131.7705
2023,2,60.0,4025,15.0,NA,117.0,0.0,60.0,117,117,100,24,Laskeek Bay,52.8837,-131.8319
2023,7,1196.4,14800,83.8,NA,99.1,2.3,1196.4,94,101,100,25,Skincuttle Inlet,52.3301,-131.2996
2024,0,0,0,0,0,NA,NA,NA,NA,NA,0,1,Tasu Sound & Gowgaia Bay,NA,NA
2024,19,616.5,4517,3.6,NA,80.7,0.5,616.5,80,81,0,2,Englefield Bay,53.7136,-132.9695
2024,2,0.0,0,0,NA,82.0,0.0,0.0,82,82,0,3,Rennell Sound,53.3254,-132.5749
2024,0,0,0,0,0,NA,NA,NA,NA,NA,0,4,Cartwright Sound,NA,NA
2024,3,253.3,1300,4.0,NA,82.0,0.0,253.3,82,82,0,5,Juan Perez Sound West,53.0364,-132.4294
2024,4,80.6,1400,20.0,NA,82.0,0.0,80.6,82,82,0,6,Louscoone Inlet,52.1568,-131.2263
2024,0,0,0,0,0,NA,NA,NA,NA,NA,0,11,Masset Inlet,NA,NA
2024,0,0,0,0,0,NA,NA,NA,NA,NA,0,12,Cumshewa Inlet,NA,NA
2024,27,8568.3,31500,42.6,NA,93.4,1.1,8568.3,92,96,44,21,Juan Perez Sound,52.4674,-131.3569
2024,0,0,0,0,0,NA,NA,NA,NA,NA,0,22,Skidegate Inlet,NA,NA
2024,0,0,0,0,0,NA,NA,NA,NA,NA,0,23,Naden Harbour,NA,NA
2024,2,1019.1,3850,74.8,NA,99.0,1.4,1019.1,98,100,50,24,Laskeek Bay,52.7985,-131.7369
2024,3,2064.1,6650,90.1,NA,83.0,0.0,2064.1,83,83,100,25,Skincuttle Inlet,52.3077,-131.3174
2025,0,0,0,0,0,NA,NA,NA,NA,NA,0,1,Tasu Sound & Gowgaia Bay,NA,NA
2025,24,1612.0,7390,2.7,NA,72.0,0.0,1612.0,72,72,0,2,Englefield Bay,53.6937,-132.9535
2025,0,0,0,0,0,NA,NA,NA,NA,NA,0,3,Rennell Sound,NA,NA
2025,0,0,0,0,0,NA,NA,NA,NA,NA,0,4,Cartwright Sound,NA,NA
2025,0,0,0,0,0,NA,NA,NA,NA,NA,0,5,Juan Perez Sound West,NA,NA
2025,0,0,0,0,0,NA,NA,NA,NA,NA,0,6,Louscoone Inlet,NA,NA
2025,0,0,0,0,0,NA,NA,NA,NA,NA,0,11,Masset Inlet,NA,NA
2025,0,0,0,0,0,NA,NA,NA,NA,NA,0,12,Cumshewa Inlet,NA,NA
2025,15,6148.4,37875,58.5,NA,92.1,1.5,6148.4,88,93,100,21,Juan Perez Sound,52.4344,-131.4135
2025,0,0,0,0,0,NA,NA,NA,NA,NA,0,22,Skidegate Inlet,NA,NA
2025,1,0.0,0,0,NA,84.0,0,0.0,84,84,0,23,Naden Harbour,53.0461,-131.7489
2025,16,823.0,5600,25.8,NA,99.5,1.1,823.0,98,101,0,24,Laskeek Bay,52.8135,-131.7878
2025,4,1975.7,9450,88.3,NA,89.2,1.5,1975.7,88,91,100,25,Skincuttle Inlet,52.3229,-131.3382
