year,section,section_name,total_records,spawn_index_t,total_length_m,mean_width_m,surface_t,macrocystis_t,understory_t,spawn_date_xbar,spawn_date_sd,spawn_date_min,spawn_date_max,dive_survey_percent,latitude,longitude
1951,006,Louscoone Inlet,0,0.0,0,0.0,0.0,0.0,0.0,NA,NA,NA,NA,0,NA,NA
1951,021,Juan Perez Sound,1,161.5,686,14.0,161.5,0.0,0.0,94.0,0,94,94,0,52.4482,-131.2644
1951,023,Naden Harbour,0,0.0,0,0.0,0.0,0.0,0.0,NA,NA,NA,NA,0,NA,NA
1951,024,Laskeek Bay,0,0.0,0,0.0,0.0,0.0,0.0,NA,NA,NA,NA,0,NA,NA
1951,025,Skincuttle Inlet,11,4051.2,9050,27.8,4051.2,0.0,0.0,92.9,1.0,91,94,0,52.3099,-131.2869
1952,006,Louscoone Inlet,0,0.0,0,0.0,0.0,0.0,0.0,NA,NA,NA,NA,0,NA,NA
1952,021,Juan Perez Sound,3,1857.0,6581,9.0,1857.0,0.0,0.0,107.3,9.3,101,118,0,52.4325,-131.3184
1952,023,Naden Harbour,0,0.0,0,0.0,0.0,0.0,0.0,NA,NA,NA,NA,0,NA,NA
1952,024,Laskeek Bay,1,95.8,320,5.0,95.8,0.0,0.0,120.0,0,120,120,0,52.8594,-131.7936
1952,025,Skincuttle Inlet,1,625.5,1097,82.0,625.5,0.0,0.0,100.0,0,100,100,0,52.3478,-131.2256
1953,006,Louscoone Inlet,0,0.0,0,0.0,0.0,0.0,0.0,NA,NA,NA,NA,0,NA,NA
1953,021,Juan Perez Sound,2,208.7,960,7.5,208.7,0.0,0.0,91.0,0.0,91,91,0,52.4003,-131.3597
1953,023,Naden Harbour,0,0.0,0,0.0,0.0,0.0,0.0,NA,NA,NA,NA,0,NA,NA
1953,024,Laskeek Bay,3,203.9,2468,18.0,203.9,0.0,0.0,121.3,0.6,121,122,0,52.8437,-131.8713
1953,025,Skincuttle Inlet,3,7142.4,12141,22.7,7142.4,0.0,0.0,92.0,1.0,91,93,0,52.331,-131.3001
1954,006,Louscoone Inlet,0,0.0,0,0.0,0.0,0.0,0.0,NA,NA,NA,NA,0,NA,NA
1954,021,Juan Perez Sound,3,3970.5,11425,8.7,3970.5,0.0,0.0,92.3,2.1,90,94,0,52.3875,-131.3709
1954,023,Naden Harbour,0,0.0,0,0.0,0.0,0.0,0.0,NA,NA,NA,NA,0,NA,NA
1954,024,Laskeek Bay,4,2027.0,13846,11.5,2027.0,0.0,0.0,111.8,10.2,105,127,0,52.8342,-131.8728
1954,025,Skincuttle Inlet,2,6410.4,8372,27.0,6410.4,0.0,0.0,91.0,0.0,91,91,0,52.3349,-131.3111
1955,006,Louscoone Inlet,0,0.0,0,0.0,0.0,0.0,0.0,NA,NA,NA,NA,0,NA,NA
1955,021,Juan Perez Sound,8,6199.0,17183,6.6,6199.0,0.0,0.0,94.5,6.5,91,105,0,52.4156,-131.3373
1955,023,Naden Harbour,0,0.0,0,0.0,0.0,0.0,0.0,NA,NA,NA,NA,0,NA,NA
1955,024,Laskeek Bay,0,0.0,0,0.0,0.0,0.0,0.0,NA,NA,NA,NA,0,NA,NA
1955,025,Skincuttle Inlet,2,238.0,1005,5.5,238.0,0.0,0.0,99.0,1.4,98,100,0,52.2996,-131.2718
1956,006,Louscoone Inlet,0,0.0,0,0.0,0.0,0.0,0.0,NA,NA,NA,NA,0,NA,NA
1956,021,Juan Perez Sound,1,60.5,804,3.0,60.5,0.0,0.0,95.0,0,95,95,0,52.3775,-131.3569
1956,023,Naden Harbour,0,0.0,0,0.0,0.0,0.0,0.0,NA,NA,NA,NA,0,NA,NA
1956,024,Laskeek Bay,0,0.0,0,0.0,0.0,0.0,0.0,NA,NA,NA,NA,0,NA,NA
1956,025,Skincuttle Inlet,9,5981.8,20162,6.8,5981.8,0.0,0.0,92.2,6.4,87,100,0,52.3074,-131.2821
1957,006,Louscoone Inlet,0,0.0,0,0.0,0.0,0.0,0.0,NA,NA,NA,NA,0,NA,NA
1957,021,Juan Perez Sound,2,1592.0,4708,8.0,1592.0,0.0,0.0,95.0,0.0,95,95,0,52.3775,-131.3569
1957,023,Naden Harbour,0,0.0,0,0.0,0.0,0.0,0.0,NA,NA,NA,NA,0,NA,NA
1957,024,Laskeek Bay,0,0.0,0,0.0,0.0,0.0,0.0,NA,NA,NA,NA,0,NA,NA
1957,025,Skincuttle Inlet,0,0.0,0,0.0,0.0,0.0,0.0,NA,NA,NA,NA,0,NA,NA
1958,006,Louscoone Inlet,0,0.0,0,0.0,0.0,0.0,0.0,NA,NA,NA,NA,0,NA,NA
1958,021,Juan Perez Sound,1,670.6,1828,9.0,670.6,0.0,0.0,81.0,0,81,81,0,52.3775,-131.3569
1958,023,Naden Harbour,0,0.0,0,0.0,0.0,0.0,0.0,NA,NA,NA,NA,0,NA,NA
1958,024,Laskeek Bay,0,0.0,0,0.0,0.0,0.0,0.0,NA,NA,NA,NA,0,NA,NA
1958,025,Skincuttle Inlet,2,144.0,731,5.0,144.0,0.0,0.0,84.0,4.2,81,87,0,52.3107,-131.269
1959,006,Louscoone Inlet,1,638.2,3199,9.0,638.2,0.0,0.0,97.0,0,97,97,0,52.1708,-131.2294
1959,021,Juan Perez Sound,1,490.6,1828,11.0,490.6,0.0,0.0,78.0,0,78,78,0,52.3775,-131.3569
1959,023,Naden Harbour,0,0.0,0,0.0,0.0,0.0,0.0,NA,NA,NA,NA,0,NA,NA
1959,024,Laskeek Bay,1,1288.4,5667,11.0,1288.4,0.0,0.0,108.0,0,108,108,0,52.6997,-131.5625
1959,025,Skincuttle Inlet,4,6564.1,14076,10.2,6564.1,0.0,0.0,81.0,6.0,78,90,0,52.3313,-131.3308
1960,006,Louscoone Inlet,3,2163.3,6124,33.7,2163.3,0.0,0.0,97.7,0.6,97,98,0,52.1708,-131.2294
1960,021,Juan Perez Sound,1,2415.4,4753,18.0,2415.4,0.0,0.0,84.0,0,84,84,0,52.3775,-131.3569
1960,023,Naden Harbour,0,0.0,0,0.0,0.0,0.0,0.0,NA,NA,NA,NA,0,NA,NA
1960,024,Laskeek Bay,1,120.0,731,27.0,120.0,0.0,0.0,115.0,0,115,115,0,52.6964,-131.6267
1960,025,Skincuttle Inlet,1,1900.2,3108,18.0,1900.2,0.0,0.0,84.0,0,84,84,0,52.3081,-131.3394
1961,006,Louscoone Inlet,3,1176.4,7221,5.0,1176.4,0.0,0.0,83.0,0.0,83,83,0,52.1708,-131.2294
1961,021,Juan Perez Sound,2,3212.2,15615,5.0,3212.2,0.0,0.0,85.0,0.0,85,85,0,52.4003,-131.3597
1961,023,Naden Harbour,0,0.0,0,0.0,0.0,0.0,0.0,NA,NA,NA,NA,0,NA,NA
1961,024,Laskeek Bay,0,0.0,0,0.0,0.0,0.0,0.0,NA,NA,NA,NA,0,NA,NA
1961,025,Skincuttle Inlet,2,4592.9,6033,15.0,4592.9,0.0,0.0,85.0,0.0,85,85,0,52.3267,-131.306
1962,006,Louscoone Inlet,1,547.0,2742,14.0,547.0,0.0,0.0,96.0,0,96,96,0,52.1708,-131.2294
1962,021,Juan Perez Sound,2,1208.8,3656,10.0,1208.8,0.0,0.0,81.5,2.1,80,83,0,52.4003,-131.3597
1962,023,Naden Harbour,0,0.0,0,0.0,0.0,0.0,0.0,NA,NA,NA,NA,0,NA,NA
1962,024,Laskeek Bay,1,37.6,548,9.0,37.6,0.0,0.0,81.0,0,81,81,0,52.8756,-131.9897
1962,025,Skincuttle Inlet,4,3936.8,8408,82.2,3936.8,0.0,0.0,80.8,1.5,80,83,0,52.3094,-131.3042
1963,006,Louscoone Inlet,0,0.0,0,0.0,0.0,0.0,0.0,NA,NA,NA,NA,0,NA,NA
1963,021,Juan Perez Sound,1,68.6,548,9.0,68.6,0.0,0.0,87.0,0,87,87,0,52.4231,-131.3625
1963,023,Naden Harbour,0,0.0,0,0.0,0.0,0.0,0.0,NA,NA,NA,NA,0,NA,NA
1963,024,Laskeek Bay,1,12.6,183,9.0,12.6,0.0,0.0,111.0,0,111,111,0,52.8756,-131.9897
1963,025,Skincuttle Inlet,6,7215.9,11379,19.5,7215.9,0.0,0.0,85.3,3.5,81,90,0,52.3499,-131.2678
1964,006,Louscoone Inlet,4,909.1,4753,14.8,909.1,0.0,0.0,62.0,3.5,59,67,0,52.1708,-131.2294
1964,021,Juan Perez Sound,3,2553.4,6855,23.0,2553.4,0.0,0.0,74.3,7.5,70,83,0,52.3881,-131.3752
1964,023,Naden Harbour,0,0.0,0,0.0,0.0,0.0,0.0,NA,NA,NA,NA,0,NA,NA
1964,024,Laskeek Bay,0,0.0,0,0.0,0.0,0.0,0.0,NA,NA,NA,NA,0,NA,NA
1964,025,Skincuttle Inlet,2,642.0,1371,22.5,642.0,0.0,0.0,76.0,1.4,75,77,0,52.3003,-131.3076
1965,006,Louscoone Inlet,2,169.0,1828,9.0,169.0,0.0,0.0,79.0,0.0,79,79,0,52.1708,-131.2294
1965,021,Juan Perez Sound,2,938.7,2559,9.0,938.7,0.0,0.0,94.0,0.0,94,94,0,52.3775,-131.3569
1965,023,Naden Harbour,0,0.0,0,0.0,0.0,0.0,0.0,NA,NA,NA,NA,0,NA,NA
1965,024,Laskeek Bay,2,270.6,1828,7.0,270.6,0.0,0.0,87.0,1.4,86,88,0,52.8756,-131.9897
1965,025,Skincuttle Inlet,0,0.0,0,0.0,0.0,0.0,0.0,NA,NA,NA,NA,0,NA,NA
1966,006,Louscoone Inlet,0,0.0,0,0.0,0.0,0.0,0.0,NA,NA,NA,NA,0,NA,NA
1966,021,Juan Perez Sound,8,2691.5,8591,27.0,2691.5,0.0,0.0,104.0,5.9,95,111,0,52.3769,-131.3611
1966,023,Naden Harbour,0,0.0,0,0.0,0.0,0.0,0.0,NA,NA,NA,NA,0,NA,NA
1966,024,Laskeek Bay,1,37.6,548,6.0,37.6,0.0,0.0,95.0,0,95,95,0,52.8756,-131.9897
1966,025,Skincuttle Inlet,3,95.3,603,13.0,95.3,0.0,0.0,99.0,7.8,94,108,0,52.3472,-131.3617
1967,006,Louscoone Inlet,1,4.6,69,5.0,4.6,0.0,0.0,84.0,0,84,84,0,52.1708,-131.2294
1967,021,Juan Perez Sound,2,619.7,1463,34.5,619.7,0.0,0.0,101.5,7.8,96,107,0,52.4092,-131.4117
1967,023,Naden Harbour,3,58.9,389,18.7,58.9,0.0,0.0,110.0,0.0,110,110,0,53.0324,-131.9384
1967,024,Laskeek Bay,1,27.1,183,1.0,27.1,0.0,0.0,107.0,0,107,107,0,52.8756,-131.9897
1967,025,Skincuttle Inlet,0,0.0,0,0.0,0.0,0.0,0.0,NA,NA,NA,NA,0,NA,NA
1968,006,Louscoone Inlet,1,18.7,457,9.0,18.7,0.0,0.0,102.0,0,102,102,0,52.1708,-131.2294
1968,021,Juan Perez Sound,7,657.6,1851,8.0,657.6,0.0,0.0,99.9,5.4,92,103,0,52.3657,-131.3656
1968,023,Naden Harbour,0,0.0,0,0.0,0.0,0.0,0.0,NA,NA,NA,NA,0,NA,NA
1968,024,Laskeek Bay,0,0.0,0,0.0,0.0,0.0,0.0,NA,NA,NA,NA,0,NA,NA
1968,025,Skincuttle Inlet,3,156.9,480,6.0,156.9,0.0,0.0,93.3,1.2,92,94,0,52.3321,-131.3537
1969,006,Louscoone Inlet,0,0.0,0,0.0,0.0,0.0,0.0,NA,NA,NA,NA,0,NA,NA
1969,021,Juan Perez Sound,1,1764.9,3473,23.0,1764.9,0.0,0.0,119.0,0,119,119,0,52.3775,-131.3569
1969,023,Naden Harbour,0,0.0,0,0.0,0.0,0.0,0.0,NA,NA,NA,NA,0,NA,NA
1969,024,Laskeek Bay,0,0.0,0,0.0,0.0,0.0,0.0,NA,NA,NA,NA,0,NA,NA
1969,025,Skincuttle Inlet,1,310.0,366,69.0,310.0,0.0,0.0,121.0,0,121,121,0,52.3081,-131.3394
1970,006,Louscoone Inlet,3,158.0,915,48.7,158.0,0.0,0.0,95.0,2.6,93,98,0,52.1708,-131.2294
1970,021,Juan Perez Sound,4,548.4,1532,57.0,548.4,0.0,0.0,93.2,2.5,92,97,0,52.3718,-131.4016
1970,023,Naden Harbour,14,2575.8,6290,118.1,2575.8,0.0,0.0,92.8,4.7,89,108,0,53.04,-131.7901
1970,024,Laskeek Bay,1,31.3,137,5.0,31.3,0.0,0.0,102.0,0,102,102,0,52.7169,-131.8156
1970,025,Skincuttle Inlet,5,2238.6,3199,82.4,2238.6,0.0,0.0,95.0,2.7,92,97,0,52.3081,-131.3394
1971,006,Louscoone Inlet,1,821.8,5630,23.0,821.8,0.0,0.0,114.0,0,114,114,0,52.1708,-131.2294
1971,021,Juan Perez Sound,1,5224.0,8043,27.0,5224.0,0.0,0.0,95.0,0,95,95,0,52.3775,-131.3569
1971,023,Naden Harbour,3,7245.0,12787,15.0,7245.0,0.0,0.0,134.7,18.9,113,148,0,53.0297,-131.8631
1971,024,Laskeek Bay,0,0.0,0,0.0,0.0,0.0,0.0,NA,NA,NA,NA,0,NA,NA
1971,025,Skincuttle Inlet,0,0.0,0,0.0,0.0,0.0,0.0,NA,NA,NA,NA,0,NA,NA
1972,006,Louscoone Inlet,15,1555.6,8092,14.0,1555.6,0.0,0.0,87.5,2.3,80,89,0,52.1708,-131.2294
1972,021,Juan Perez Sound,0,0.0,0,0.0,0.0,0.0,0.0,NA,NA,NA,NA,0,NA,NA
1972,023,Naden Harbour,4,5960.4,11069,15.2,5960.4,0.0,0.0,113.5,13.0,94,120,0,53.0425,-131.7786
1972,024,Laskeek Bay,1,64.9,777,18.0,64.9,0.0,0.0,114.0,0,114,114,0,52.8372,-131.8714
1972,025,Skincuttle Inlet,5,1961.5,6398,21.8,1961.5,0.0,0.0,97.4,2.2,95,99,0,52.2761,-131.2656
1973,006,Louscoone Inlet,12,3022.7,16132,10.9,3022.7,0.0,0.0,91.0,0.0,91,91,0,52.1708,-131.2294
1973,021,Juan Perez Sound,0,0.0,0,0.0,0.0,0.0,0.0,NA,NA,NA,NA,0,NA,NA
1973,023,Naden Harbour,18,1510.6,11242,25.7,1510.6,0.0,0.0,102.0,6.9,87,105,0,53.0315,-131.853
1973,024,Laskeek Bay,0,0.0,0,0.0,0.0,0.0,0.0,NA,NA,NA,NA,0,NA,NA
1973,025,Skincuttle Inlet,16,3426.4,6873,29.0,3426.4,0.0,0.0,102.4,4.4,91,104,0,52.3271,-131.2688
1974,006,Louscoone Inlet,3,2198.4,11608,15.3,2198.4,0.0,0.0,79.3,1.5,78,81,0,52.1708,-131.2294
1974,021,Juan Perez Sound,0,0.0,0,0.0,0.0,0.0,0.0,NA,NA,NA,NA,0,NA,NA
1974,023,Naden Harbour,11,1403.1,7328,13.5,1403.1,0.0,0.0,110.4,26.0,90,148,0,53.0458,-131.8797
1974,024,Laskeek Bay,0,0.0,0,0.0,0.0,0.0,0.0,NA,NA,NA,NA,0,NA,NA
1974,025,Skincuttle Inlet,15,10908.3,23329,13.6,10908.3,0.0,0.0,95.3,8.5,84,105,0,52.3211,-131.2522
1975,006,Louscoone Inlet,8,2389.8,9711,18.5,2389.8,0.0,0.0,88.8,5.8,75,93,0,52.1708,-131.2294
1975,021,Juan Perez Sound,0,0.0,0,0.0,0.0,0.0,0.0,NA,NA,NA,NA,0,NA,NA
1975,023,Naden Harbour,10,2099.5,11013,7.4,2099.5,0.0,0.0,127.3,18.2,100,148,0,53.0333,-131.8745
1975,024,Laskeek Bay,0,0.0,0,0.0,0.0,0.0,0.0,NA,NA,NA,NA,0,NA,NA
1975,025,Skincuttle Inlet,6,5196.5,11699,13.5,5196.5,0.0,0.0,95.3,4.5,89,99,0,52.3146,-131.2623
1976,006,Louscoone Inlet,30,3736.1,19981,13.5,3736.1,0.0,0.0,100.4,7.2,97,116,0,52.1708,-131.2294
1976,021,Juan Perez Sound,6,4235.9,12248,7.3,4235.9,0.0,0.0,100.8,4.0,96,105,0,52.4205,-131.3282
1976,023,Naden Harbour,10,1628.1,9506,12.6,1628.1,0.0,0.0,135.1,24.3,104,168,0,53.0316,-131.8968
1976,024,Laskeek Bay,3,226.3,1919,9.0,226.3,0.0,0.0,111.0,0.0,111,111,0,52.9292,-131.9058
1976,025,Skincuttle Inlet,14,6159.7,15035,11.7,6159.7,0.0,0.0,98.4,11.2,76,110,0,52.3063,-131.2851
1977,006,Louscoone Inlet,16,1252.2,11470,5.1,1252.2,0.0,0.0,85.4,6.3,69,92,0,52.1763,-131.2455
1977,021,Juan Perez Sound,8,3977.5,17824,8.4,3977.5,0.0,0.0,90.2,1.0,88,91,0,52.4484,-131.2781
1977,023,Naden Harbour,11,1820.4,13344,15.6,1820.4,0.0,0.0,115.5,19.9,91,138,0,53.0447,-131.9112
1977,024,Laskeek Bay,0,0.0,0,0.0,0.0,0.0,0.0,NA,NA,NA,NA,0,NA,NA
1977,025,Skincuttle Inlet,8,8667.3,19742,8.6,8667.3,0.0,0.0,90.2,3.8,83,95,0,52.3153,-131.2931
1978,006,Louscoone Inlet,11,502.1,5578,14.7,502.1,0.0,0.0,81.8,8.8,76,104,0,52.1748,-131.2411
1978,021,Juan Perez Sound,19,3353.5,11333,20.2,3353.5,0.0,0.0,107.5,3.9,93,114,0,52.4383,-131.2947
1978,023,Naden Harbour,11,2229.9,13071,29.9,2229.9,0.0,0.0,114.6,20.3,91,144,0,53.0404,-131.9179
1978,024,Laskeek Bay,1,60.8,1645,6.0,60.8,0.0,0.0,109.0,0,109,109,0,52.8586,-131.8681
1978,025,Skincuttle Inlet,20,10739.1,18098,21.9,10739.1,0.0,0.0,95.4,10.3,82,108,0,52.3102,-131.2847
1979,006,Louscoone Inlet,9,457.1,3042,22.3,457.1,0.0,0.0,94.3,2.5,88,96,0,52.1806,-131.2579
1979,021,Juan Perez Sound,16,1020.8,4278,16.2,1020.8,0.0,0.0,97.5,1.5,96,100,0,52.4289,-131.3529
1979,023,Naden Harbour,33,3028.0,9594,17.2,3028.0,0.0,0.0,123.9,18.0,102,152,0,53.0371,-131.9028
1979,024,Laskeek Bay,16,494.4,4274,9.5,494.4,0.0,0.0,117.2,3.3,105,119,0,52.8211,-131.8395
1979,025,Skincuttle Inlet,19,9289.0,16405,17.6,9289.0,0.0,0.0,99.5,3.0,91,103,0,52.2906,-131.2564
1980,006,Louscoone Inlet,23,695.2,7009,25.0,695.2,0.0,0.0,82.6,4.4,80,99,0,52.1776,-131.2369
1980,021,Juan Perez Sound,92,11911.9,25005,25.1,11911.9,0.0,0.0,92.4,4.7,85,108,0,52.4426,-131.3084
1980,023,Naden Harbour,0,0.0,0,0.0,0.0,0.0,0.0,NA,NA,NA,NA,0,NA,NA
1980,024,Laskeek Bay,6,828.9,6418,15.7,828.9,0.0,0.0,107.8,4.5,106,117,0,52.7089,-131.6022
1980,025,Skincuttle Inlet,38,17019.2,30485,22.2,17019.2,0.0,0.0,88.7,9.8,69,117,0,52.3403,-131.313
1981,006,Louscoone Inlet,10,217.9,3749,52.6,217.9,0.0,0.0,75.6,11.7,62,86,0,52.184,-131.2679
1981,021,Juan Perez Sound,84,8281.0,23850,24.8,8281.0,0.0,0.0,85.1,9.3,77,107,0,52.4462,-131.4096
1981,023,Naden Harbour,26,1184.6,6521,15.8,1184.6,0.0,0.0,125.7,36.1,91,176,0,53.0333,-131.9015
1981,024,Laskeek Bay,40,2444.2,14076,23.2,2444.2,0.0,0.0,102.8,3.7,97,106,0,52.8199,-131.8052
1981,025,Skincuttle Inlet,71,6695.1,26607,31.0,6695.1,0.0,0.0,75.9,9.7,60,97,0,52.3326,-131.2925
1982,006,Louscoone Inlet,12,590.9,6196,64.7,590.9,0.0,0.0,71.8,8.4,65,91,0,52.1891,-131.2829
1982,021,Juan Perez Sound,21,4676.5,13162,23.2,4676.5,0.0,0.0,82.0,5.9,76,91,0,52.4858,-131.4285
1982,023,Naden Harbour,5,328.8,2294,15.2,328.8,0.0,0.0,92.0,2.2,91,96,0,53.052,-131.8593
1982,024,Laskeek Bay,8,1572.4,5603,20.6,1572.4,0.0,0.0,94.9,0.4,94,95,0,52.8692,-131.8154
1982,025,Skincuttle Inlet,54,14990.2,34722,24.2,14990.2,0.0,0.0,73.9,6.5,66,91,0,52.3447,-131.3021
1983,006,Louscoone Inlet,16,481.8,5123,28.5,481.8,0.0,0.0,73.0,0.0,73,73,0,52.1708,-131.2294
1983,021,Juan Perez Sound,27,12393.1,22964,22.0,12393.1,0.0,0.0,85.3,9.4,73,102,0,52.4516,-131.339
1983,023,Naden Harbour,20,758.7,6285,25.8,758.7,0.0,0.0,98.4,10.6,95,141,0,53.0439,-131.8664
1983,024,Laskeek Bay,41,2832.8,16416,16.0,2832.8,0.0,0.0,96.0,1.8,95,104,0,52.8698,-131.9407
1983,025,Skincuttle Inlet,17,3003.1,5771,28.4,3003.1,0.0,0.0,75.7,21.7,60,129,0,52.3371,-131.284
1984,006,Louscoone Inlet,3,325.1,2850,9.0,325.1,0.0,0.0,66.0,0.0,66,66,0,52.1708,-131.2294
1984,021,Juan Perez Sound,36,10104.2,16670,17.4,10104.2,0.0,0.0,89.1,7.8,68,108,0,52.4803,-131.3645
1984,023,Naden Harbour,12,1234.6,5560,14.6,1234.6,0.0,0.0,108.7,26.5,85,145,0,53.0406,-131.9024
1984,024,Laskeek Bay,31,2448.3,11650,11.9,2448.3,0.0,0.0,106.7,11.3,102,149,0,52.8955,-131.8487
1984,025,Skincuttle Inlet,32,8007.5,17770,40.5,8007.5,0.0,0.0,77.8,6.5,72,89,0,52.3148,-131.2723
1985,006,Louscoone Inlet,2,343.0,4700,12.5,343.0,0.0,0.0,76.0,0.0,76,76,0,52.1708,-131.2294
1985,021,Juan Perez Sound,24,6098.8,16305,24.0,6098.8,0.0,0.0,92.1,3.8,83,96,0,52.4749,-131.3624
1985,023,Naden Harbour,11,902.9,4800,19.2,902.9,0.0,0.0,95.0,0.0,95,95,0,53.0455,-131.7912
1985,024,Laskeek Bay,3,1084.9,5250,30.7,1084.9,0.0,0.0,105.0,0.0,105,105,0,52.8594,-131.7936
1985,025,Skincuttle Inlet,22,8802.6,17670,23.2,8802.6,0.0,0.0,90.3,1.0,89,91,0,52.2911,-131.2356
1986,006,Louscoone Inlet,0,0.0,0,0.0,0.0,0.0,0.0,NA,NA,NA,NA,0,NA,NA
1986,021,Juan Perez Sound,17,3138.2,8786,22.6,3138.2,0.0,0.0,96.3,0.5,96,97,0,52.4476,-131.2747
1986,023,Naden Harbour,4,512.6,4975,8.2,512.6,0.0,0.0,118.0,0.0,118,118,0,53.0592,-131.8478
1986,024,Laskeek Bay,20,1820.5,4905,7.2,1820.5,0.0,0.0,117.4,5.6,109,121,0,52.9006,-131.8472
1986,025,Skincuttle Inlet,2,207.8,1470,40.0,207.8,0.0,0.0,98.5,3.5,96,101,0,52.3281,-131.2771
1987,006,Louscoone Inlet,4,158.7,2605,13.0,158.7,0.0,0.0,80.2,10.5,75,96,0,52.1708,-131.2294
1987,021,Juan Perez Sound,44,5167.7,13730,18.1,5167.7,0.0,0.0,102.8,3.9,87,106,0,52.4663,-131.3668
1987,023,Naden Harbour,7,1321.2,6400,9.1,1321.2,0.0,0.0,104.9,5.8,92,108,0,52.9974,-131.8961
1987,024,Laskeek Bay,7,569.1,7125,5.0,569.1,0.0,0.0,108.0,0.0,108,108,0,52.8792,-131.8232
1987,025,Skincuttle Inlet,27,3533.2,14835,23.7,3533.2,0.0,0.0,72.3,6.6,66,82,0,52.3139,-131.2789
1988,006,Louscoone Inlet,20,1096.3,12050,7.6,1096.3,0.0,0.0,99.6,2.0,98,102,0,52.2035,-131.2843
1988,021,Juan Perez Sound,11,7349.2,11722,75.2,562.5,333.0,6453.7,95.7,10.5,87,116,45,52.4305,-131.3054
1988,023,Naden Harbour,0,0.0,0,0.0,0.0,0.0,0.0,NA,NA,NA,NA,0,NA,NA
1988,024,Laskeek Bay,4,3456.5,17603,25.8,30.8,1025.3,2400.4,103.0,0.0,103,103,75,52.8794,-131.8188
1988,025,Skincuttle Inlet,11,1728.7,8853,46.4,735.4,22.7,970.6,92.5,3.6,87,95,9,52.3401,-131.3134
1989,006,Louscoone Inlet,6,5117.7,17490,33.5,88.8,998.7,4030.1,102.7,0.5,102,103,33,52.2331,-131.3236
1989,021,Juan Perez Sound,49,11632.3,38545,27.9,3520.1,2553.5,5558.6,108.7,4.4,100,111,20,52.5027,-131.5189
1989,023,Naden Harbour,5,111.9,1140,48.2,111.9,0.0,0.0,107.6,8.8,98,114,0,53.0335,-131.9345
1989,024,Laskeek Bay,27,3263.8,11075,13.0,954.4,236.4,2073.0,118.5,4.9,107,121,4,52.8744,-131.9235
1989,025,Skincuttle Inlet,3,3511.9,17590,54.0,0.0,796.8,2715.1,81.7,11.5,75,95,100,52.2934,-131.2592
1990,006,Louscoone Inlet,2,1958.6,9200,67.0,0.0,275.1,1683.6,96.0,0.0,96,96,100,52.1944,-131.2375
1990,021,Juan Perez Sound,8,15617.1,32090,80.0,0.0,3326.3,12290.9,94.0,0.0,94,94,100,52.4295,-131.3371
1990,023,Naden Harbour,3,441.7,3000,8.7,441.7,0.0,0.0,93.0,0.0,93,93,0,53.0233,-131.9053
1990,024,Laskeek Bay,4,6049.5,13860,60.2,0.0,679.4,5370.1,98.0,0.0,98,98,100,52.8941,-131.8379
1990,025,Skincuttle Inlet,2,1336.7,8380,37.0,0.0,302.6,1034.1,97.0,0.0,97,97,100,52.3886,-131.2853
1991,006,Louscoone Inlet,3,772.7,10050,26.0,0.0,210.4,562.3,85.0,0.0,85,85,100,52.1866,-131.2348
1991,021,Juan Perez Sound,5,11668.1,15790,84.2,0.0,823.5,10844.6,97.0,0.0,97,97,100,52.4407,-131.306
1991,023,Naden Harbour,1,282.7,3600,10.0,282.7,0.0,0.0,91.0,0,91,91,0,53.0592,-131.8478
1991,024,Laskeek Bay,6,2586.5,21420,31.0,0.0,221.0,2365.5,104.0,0.0,104,104,100,52.8643,-131.8191
1991,025,Skincuttle Inlet,2,894.0,4650,31.5,0.0,0.0,894.0,90.0,0.0,90,90,100,52.2674,-131.2525
1992,006,Louscoone Inlet,3,999.7,9250,28.3,0.0,207.4,792.3,100.0,0.0,100,100,100,52.1866,-131.2348
1992,021,Juan Perez Sound,5,4897.7,14890,63.6,0.0,606.9,4290.8,98.0,4.3,94,103,100,52.4407,-131.306
1992,023,Naden Harbour,1,657.3,3800,84.0,0.0,80.4,577.0,107.0,0,107,107,100,53.0461,-131.7489
1992,024,Laskeek Bay,2,2360.3,9000,46.0,0.0,40.0,2320.3,107.5,2.1,106,109,100,52.8699,-131.7832
1992,025,Skincuttle Inlet,3,2152.8,8900,83.0,0.0,143.4,2009.3,92.3,1.5,91,94,100,52.3857,-131.2864
1993,006,Louscoone Inlet,3,277.7,3651,50.3,198.6,14.8,64.3,70.0,0.0,70,70,33,52.1792,-131.2391
1993,021,Juan Perez Sound,4,639.5,4850,37.8,0.0,210.4,429.1,88.0,0.0,88,88,100,52.4322,-131.3228
1993,023,Naden Harbour,1,73.0,1000,50.0,73.0,0.0,0.0,106.0,0,106,106,0,53.0592,-131.8478
1993,024,Laskeek Bay,4,1512.2,16400,30.0,0.0,43.2,1469.0,107.0,0.0,107,107,100,52.8952,-131.9331
1993,025,Skincuttle Inlet,9,4127.4,22050,50.3,0.0,786.5,3340.9,94.7,14.6,83,114,100,52.3392,-131.2525
1994,006,Louscoone Inlet,5,67.0,1700,6.6,67.0,0.0,0.0,70.6,2.2,69,73,0,52.1953,-131.2415
1994,021,Juan Perez Sound,6,5231.2,12390,55.0,0.0,3592.2,1639.0,90.0,0,90,90,100,52.4376,-131.3172
1994,023,Naden Harbour,2,594.0,5770,12.5,0.0,423.9,170.2,NA,NA,NA,NA,100,53.0308,-131.8917
1994,024,Laskeek Bay,2,2379.1,7160,40.5,0.0,815.3,1563.8,NA,NA,NA,NA,100,52.8837,-131.8319
1994,025,Skincuttle Inlet,11,4548.5,13560,45.0,1103.5,1349.4,2095.6,81.8,1.8,80,84,73,52.3082,-131.2602
1995,006,Louscoone Inlet,0,0.0,0,0.0,0.0,0.0,0.0,NA,NA,NA,NA,0,NA,NA
1995,021,Juan Perez Sound,3,1163.4,4465,86.7,0.0,164.2,999.2,100.0,0.0,100,100,100,52.4075,-131.3642
1995,023,Naden Harbour,1,49.6,3580,11.0,0.0,0.0,49.6,115.0,0,115,115,100,53.0383,-131.8781
1995,024,Laskeek Bay,2,107.7,2100,7.5,107.7,0.0,0.0,115.0,0.0,115,115,0,52.8831,-131.7947
1995,025,Skincuttle Inlet,7,3380.0,12925,94.4,25.6,5.4,3349.0,80.3,13.5,72,102,86,52.3179,-131.2633
1996,006,Louscoone Inlet,3,125.3,1085,33.3,0.0,0.0,125.3,77.3,15.0,60,86,33,52.1809,-131.2292
1996,021,Juan Perez Sound,4,920.1,8965,49.0,0.0,369.8,550.3,106.2,0.5,106,107,100,52.4392,-131.3227
1996,023,Naden Harbour,0,0.0,0,0.0,0.0,0.0,0.0,NA,NA,NA,NA,0,NA,NA
1996,024,Laskeek Bay,3,698.2,5850,37.7,0.0,394.2,304.0,111.0,5.2,108,117,100,52.8777,-131.802
1996,025,Skincuttle Inlet,6,5630.8,9675,125.2,0.0,1132.8,4497.9,91.2,2.0,89,93,100,52.3366,-131.2959
1997,006,Louscoone Inlet,1,52.3,1450,19.0,0.0,0.0,52.3,88.0,0,88,88,100,52.1958,-131.237
1997,021,Juan Perez Sound,6,5483.6,14200,65.2,0.0,854.0,4629.6,96.0,3.9,91,100,100,52.426,-131.3368
1997,023,Naden Harbour,0,0.0,0,0.0,0.0,0.0,0.0,NA,NA,NA,NA,0,NA,NA
1997,024,Laskeek Bay,2,1241.0,4900,34.5,0.0,376.1,864.9,101.5,0.7,101,102,100,52.8915,-131.8681
1997,025,Skincuttle Inlet,8,4000.7,15860,74.2,0.0,474.1,3526.6,84.0,15.2,65,99,100,52.3132,-131.2623
1998,006,Louscoone Inlet,7,0.0,1825,30.0,0.0,0.0,0.0,NA,NA,NA,NA,0,52.1918,-131.2352
1998,021,Juan Perez Sound,13,6472.4,25200,86.0,0.0,814.0,5658.4,75.7,4.9,71,90,100,52.4599,-131.4293
1998,023,Naden Harbour,0,0.0,0,0.0,0.0,0.0,0.0,NA,NA,NA,NA,0,NA,NA
1998,024,Laskeek Bay,2,3900.8,11050,56.0,0.0,263.2,3637.6,82.0,0.0,82,82,100,52.8837,-131.8319
1998,025,Skincuttle Inlet,8,10248.5,22100,91.9,0.0,133.1,10115.5,73.6,2.5,70,77,100,52.3148,-131.2529
1999,006,Louscoone Inlet,2,43.6,1400,16.5,0.0,0.2,43.5,57.0,0.0,57,57,100,52.1833,-131.2332
1999,021,Juan Perez Sound,7,4239.3,16880,49.3,0.0,543.3,3696.0,73.3,15.4,57,87,100,52.4444,-131.4186
1999,023,Naden Harbour,0,0.0,0,0.0,0.0,0.0,0.0,NA,NA,NA,NA,0,NA,NA
1999,024,Laskeek Bay,2,837.1,4200,49.0,0.0,138.0,699.1,98.0,0.0,98,98,100,52.8837,-131.8319
1999,025,Skincuttle Inlet,16,3851.0,22050,54.0,0.0,234.6,3616.5,77.9,10.7,54,86,69,52.3207,-131.2838
2000,006,Louscoone Inlet,0,0.0,0,0.0,0.0,0.0,0.0,NA,NA,NA,NA,0,NA,NA
2000,021,Juan Perez Sound,13,3772.1,16075,88.7,0.0,1045.4,2726.8,86.1,8.5,67,93,100,52.5031,-131.5065
2000,023,Naden Harbour,0,0.0,0,0.0,0.0,0.0,0.0,NA,NA,NA,NA,0,NA,NA
2000,024,Laskeek Bay,3,743.4,6700,41.7,0.0,154.1,589.3,89.3,18.5,68,100,100,52.8894,-131.837
2000,025,Skincuttle Inlet,4,825.5,4500,105.7,0.0,44.2,781.3,75.8,13.9,59,93,75,52.2875,-131.2666
2001,006,Louscoone Inlet,2,254.8,1750,29.5,0.0,4.6,250.2,58.0,0.0,58,58,100,52.1944,-131.2375
2001,021,Juan Perez Sound,17,10393.1,23375,53.9,0.0,359.6,10033.4,88.9,10.8,63,98,100,52.5225,-131.5277
2001,023,Naden Harbour,0,0.0,0,0.0,0.0,0.0,0.0,NA,NA,NA,NA,0,NA,NA
2001,024,Laskeek Bay,3,1335.0,5050,42.3,0.0,33.1,1301.9,97.0,24.2,69,111,100,52.8894,-131.837
2001,025,Skincuttle Inlet,7,1875.7,9650,77.5,0.0,103.5,1772.2,67.4,8.8,60,86,100,52.3046,-131.2738
2002,006,Louscoone Inlet,2,99.6,1300,22.0,0.0,22.9,76.7,61.0,0.0,61,61,50,52.1944,-131.2375
2002,021,Juan Perez Sound,7,915.1,5800,51.3,0.0,0.0,915.1,86.9,11.9,72,109,43,52.447,-131.4294
2002,023,Naden Harbour,0,0.0,0,0.0,0.0,0.0,0.0,NA,NA,NA,NA,0,NA,NA
2002,024,Laskeek Bay,5,891.8,5550,56.0,0.0,102.5,789.2,83.8,24.8,52,109,80,52.8271,-131.7841
2002,025,Skincuttle Inlet,2,379.0,3000,48.0,0.0,0.0,379.0,56.0,0.0,56,56,100,52.2674,-131.2525
2003,006,Louscoone Inlet,0,0.0,0,0.0,0.0,0.0,0.0,NA,NA,NA,NA,0,NA,NA
2003,021,Juan Perez Sound,5,1226.4,4900,62.4,0.0,189.1,1037.3,98.4,5.4,90,105,100,52.4648,-131.4569
2003,023,Naden Harbour,0,0.0,0,0.0,0.0,0.0,0.0,NA,NA,NA,NA,0,NA,NA
2003,024,Laskeek Bay,7,1082.6,5490,29.3,59.5,53.1,970.0,87.2,19.4,64,111,43,52.8669,-131.7804
2003,025,Skincuttle Inlet,6,4992.7,8200,88.7,2730.2,384.3,1878.1,87.5,16.9,53,96,83,52.3046,-131.2647
2004,006,Louscoone Inlet,0,0.0,0,0.0,0.0,0.0,0.0,NA,NA,NA,NA,0,NA,NA
2004,021,Juan Perez Sound,7,2245.0,12600,27.3,0.0,1151.8,1093.2,88.6,6.5,74,92,100,52.4672,-131.4498
2004,023,Naden Harbour,0,0.0,0,0.0,0.0,0.0,0.0,NA,NA,NA,NA,0,NA,NA
2004,024,Laskeek Bay,9,1632.5,11400,27.2,675.2,21.2,936.1,50.6,25.6,34,91,44,52.9043,-131.868
2004,025,Skincuttle Inlet,13,1028.7,7375,24.6,1028.7,0.0,0.0,71.1,21.5,45,88,0,52.2761,-131.2656
2005,006,Louscoone Inlet,2,503.1,2000,41.0,0.0,242.8,260.2,72.0,0.0,72,72,100,52.1833,-131.2439
2005,021,Juan Perez Sound,4,1111.2,8450,75.5,0.0,51.0,1060.2,91.5,7.9,82,98,100,52.4556,-131.4399
2005,023,Naden Harbour,0,0.0,0,0.0,0.0,0.0,0.0,NA,NA,NA,NA,0,NA,NA
2005,024,Laskeek Bay,8,791.6,8300,21.8,157.0,118.0,516.6,73.6,21.0,57,107,50,52.8733,-131.8051
2005,025,Skincuttle Inlet,10,1208.0,3630,29.6,433.0,389.0,386.1,49.6,11.4,46,82,10,52.3253,-131.3169
2006,006,Louscoone Inlet,0,0.0,0,0.0,0.0,0.0,0.0,NA,NA,NA,NA,0,NA,NA
2006,021,Juan Perez Sound,17,1800.8,9520,35.0,1800.8,0.0,0.0,89.2,3.4,86,94,0,52.4678,-131.409
2006,023,Naden Harbour,0,0.0,0,0.0,0.0,0.0,0.0,NA,NA,NA,NA,0,NA,NA
2006,024,Laskeek Bay,19,1123.1,17100,16.9,1123.1,0.0,0.0,87.8,13.3,60,98,0,52.8312,-131.7408
2006,025,Skincuttle Inlet,10,1173.1,3750,30.8,1173.1,0.0,0.0,75.5,14.2,62,89,0,52.2963,-131.2775
2007,006,Louscoone Inlet,1,101.9,800,4.0,101.9,0.0,0.0,70.0,0,70,70,0,52.1958,-131.2584
2007,021,Juan Perez Sound,20,3290.7,11203,20.6,3290.7,0.0,0.0,90.2,0.6,90,92,0,52.413,-131.4063
2007,023,Naden Harbour,0,0.0,0,0.0,0.0,0.0,0.0,NA,NA,NA,NA,0,NA,NA
2007,024,Laskeek Bay,9,1552.3,9250,19.9,910.3,88.8,553.2,91.6,16.2,49,98,11,52.7444,-131.6258
2007,025,Skincuttle Inlet,22,4491.2,11230,18.3,4137.4,0.0,353.8,80.5,11.6,65,89,9,52.3183,-131.3045
2008,006,Louscoone Inlet,0,0.0,0,0.0,0.0,0.0,0.0,NA,NA,NA,NA,0,NA,NA
2008,021,Juan Perez Sound,8,1830.4,10490,36.4,0.0,704.1,1126.3,103.9,3.2,96,105,100,52.4165,-131.3937
2008,023,Naden Harbour,0,0.0,0,0.0,0.0,0.0,0.0,NA,NA,NA,NA,0,NA,NA
2008,024,Laskeek Bay,6,1047.4,8560,30.7,0.0,92.9,954.5,92.0,10.8,78,105,100,52.9101,-131.8668
2008,025,Skincuttle Inlet,4,1335.3,4720,76.5,0.0,528.7,806.6,91.2,16.0,75,105,100,52.3152,-131.2871
2009,006,Louscoone Inlet,0,0.0,0,0.0,0.0,0.0,0.0,NA,NA,NA,NA,0,NA,NA
2009,021,Juan Perez Sound,14,3422.8,25755,33.1,23.3,459.6,2939.9,103.7,8.6,92,113,57,52.4553,-131.4328
2009,023,Naden Harbour,0,0.0,0,0.0,0.0,0.0,0.0,NA,NA,NA,NA,0,NA,NA
2009,024,Laskeek Bay,5,1041.0,12467,14.0,250.9,64.9,725.2,103.6,16.2,86,117,60,52.8135,-131.7272
2009,025,Skincuttle Inlet,10,5329.9,14017,46.8,1931.4,480.9,2917.6,89.6,18.7,69,114,40,52.3243,-131.3038
2010,006,Louscoone Inlet,2,151.3,920,10.0,151.3,0.0,0.0,95.0,0.0,95,95,0,52.2525,-131.3667
2010,021,Juan Perez Sound,10,1709.1,10760,59.2,143.3,285.4,1280.5,96.8,6.6,90,104,60,52.4328,-131.3511
2010,023,Naden Harbour,0,0.0,0,0.0,0.0,0.0,0.0,NA,NA,NA,NA,0,NA,NA
2010,024,Laskeek Bay,6,2208.9,12940,25.0,115.6,360.2,1733.1,94.5,7.1,88,101,50,52.7911,-131.6889
2010,025,Skincuttle Inlet,4,2776.1,9050,80.2,39.6,134.0,2602.5,83.0,6.9,77,89,75,52.3175,-131.2799
2011,006,Louscoone Inlet,4,192.9,2900,4.8,192.9,0.0,0.0,71.0,0.0,71,71,0,52.1958,-131.2424
2011,021,Juan Perez Sound,6,722.5,5840,27.5,1.2,351.2,370.1,101.8,5.3,91,104,83,52.3975,-131.4224
2011,023,Naden Harbour,0,0.0,0,0.0,0.0,0.0,0.0,NA,NA,NA,NA,0,NA,NA
2011,024,Laskeek Bay,8,1706.3,6800,25.8,496.0,289.3,921.1,103.0,18.5,73,113,25,52.8288,-131.7478
2011,025,Skincuttle Inlet,6,4932.4,18020,95.7,0.0,380.7,4551.8,92.8,6.2,85,104,100,52.3119,-131.2511
2012,006,Louscoone Inlet,9,197.9,2850,16.1,197.9,0.0,0.0,66.0,0.0,66,66,0,52.1708,-131.2294
2012,021,Juan Perez Sound,21,4747.9,25480,27.0,1423.1,1061.0,2263.8,96.5,5.8,88,101,57,52.4231,-131.3897
2012,023,Naden Harbour,0,0.0,0,0.0,0.0,0.0,0.0,NA,NA,NA,NA,0,NA,NA
2012,024,Laskeek Bay,9,1538.1,11230,18.1,227.3,384.0,926.8,107.0,18.3,79,119,33,52.7606,-131.6468
2012,025,Skincuttle Inlet,9,3236.3,15050,51.8,20.4,542.5,2673.4,88.9,3.6,85,95,89,52.3154,-131.2633
2013,006,Louscoone Inlet,2,1271.9,4150,39.0,0.0,696.6,575.3,77.0,0.0,77,77,100,52.1763,-131.2316
2013,021,Juan Perez Sound,20,8750.9,48900,36.0,1309.0,1045.9,6396.0,92.8,10.8,78,105,60,52.4668,-131.4344
2013,023,Naden Harbour,3,116.6,2350,25.0,116.6,0.0,0.0,91.0,0.0,91,91,0,52.9508,-131.9031
2013,024,Laskeek Bay,10,798.6,7900,17.0,798.6,0.0,0.0,101.4,8.3,95,111,0,52.815,-131.7176
2013,025,Skincuttle Inlet,2,5087.4,7000,81.0,0.0,40.4,5047.0,79.0,0.0,79,79,100,52.3129,-131.1993
2014,006,Louscoone Inlet,0,0.0,0,0.0,0.0,0.0,0.0,NA,NA,NA,NA,0,NA,NA
2014,021,Juan Perez Sound,9,4162.4,21725,57.0,0.0,555.0,3607.4,92.7,7.4,81,99,100,52.4622,-131.402
2014,023,Naden Harbour,0,0.0,0,0.0,0.0,0.0,0.0,NA,NA,NA,NA,0,NA,NA
2014,024,Laskeek Bay,6,714.2,12475,32.0,0.0,90.0,624.3,102.5,2.7,100,105,100,52.8959,-131.9009
2014,025,Skincuttle Inlet,6,5689.3,18700,81.3,0.0,414.0,5275.3,93.5,0.8,92,94,100,52.3663,-131.2541
2015,006,Louscoone Inlet,1,0.0,0,,0.0,0.0,0.0,64.0,0,64,64,0,52.1958,-131.2584
2015,021,Juan Perez Sound,12,6688.0,25825,72.4,0.0,352.6,6335.4,86.3,0.5,86,87,100,52.435,-131.3264
2015,023,Naden Harbour,0,0.0,0,0.0,0.0,0.0,0.0,NA,NA,NA,NA,0,NA,NA
2015,024,Laskeek Bay,6,792.2,9575,20.4,0.0,125.5,666.7,86.0,0.0,86,86,100,52.8829,-131.8331
2015,025,Skincuttle Inlet,9,5621.9,21750,55.3,0.0,86.7,5535.2,86.1,0.3,86,87,100,52.3429,-131.2447
2016,006,Louscoone Inlet,0,0.0,0,0.0,0.0,0.0,0.0,NA,NA,NA,NA,0,NA,NA
2016,021,Juan Perez Sound,7,1124.0,7445,49.1,36.8,4.5,1082.7,93.1,5.4,88,100,57,52.4639,-131.3878
2016,023,Naden Harbour,0,0.0,0,0.0,0.0,0.0,0.0,NA,NA,NA,NA,0,NA,NA
2016,024,Laskeek Bay,2,363.4,3275,30.8,0.0,0.0,363.4,105.0,0.0,105,105,100,52.8733,-131.7993
2016,025,Skincuttle Inlet,9,5400.9,19625,62.9,187.2,217.6,4996.1,90.1,4.4,87,101,78,52.3576,-131.2674
2017,006,Louscoone Inlet,1,0.0,2200,,0.0,0.0,0.0,64.0,0,64,64,0,52.1958,-131.237
2017,021,Juan Perez Sound,13,2371.8,16100,73.5,188.5,54.9,2128.4,90.0,2.4,88,96,69,52.4429,-131.3608
2017,023,Naden Harbour,0,0.0,0,0.0,0.0,0.0,0.0,NA,NA,NA,NA,0,NA,NA
2017,024,Laskeek Bay,2,53.5,2800,16.7,0.0,0.4,53.1,105.5,3.5,103,108,100,52.7833,-131.6896
2017,025,Skincuttle Inlet,6,590.3,10250,53.6,124.9,9.8,455.6,90.2,2.0,88,93,50,52.3824,-131.2875
2018,006,Louscoone Inlet,1,0.0,1000,,0.0,0.0,0.0,59.0,0,59,59,0,52.1708,-131.2294
2018,021,Juan Perez Sound,7,1681.2,12175,40.5,0.0,37.9,1643.3,92.0,0.0,92,92,100,52.4623,-131.3645
2018,023,Naden Harbour,0,0.0,0,0.0,0.0,0.0,0.0,NA,NA,NA,NA,0,NA,NA
2018,024,Laskeek Bay,2,1072.6,4200,38.0,0.0,13.9,1058.8,101.0,0.0,101,101,100,52.8733,-131.7993
2018,025,Skincuttle Inlet,6,1834.4,18200,50.2,0.0,0.2,1834.3,92.0,0.0,92,92,100,52.384,-131.284
2019,006,Louscoone Inlet,4,184.2,1150,55.0,184.2,0.0,0.0,91.0,0.0,91,91,0,52.1708,-131.2294
2019,021,Juan Perez Sound,15,8568.1,30175,56.0,101.2,18.2,8448.7,90.7,2.3,89,95,80,52.4515,-131.3879
2019,023,Naden Harbour,12,294.2,5350,8.4,199.2,0.0,95.0,91.3,8.1,89,117,8,53.0107,-131.926
2019,024,Laskeek Bay,8,463.5,9450,11.4,285.5,0.0,178.0,99.1,1.6,98,101,38,52.7781,-131.737
2019,025,Skincuttle Inlet,21,2113.8,31840,56.2,209.6,10.5,1893.7,91.8,2.1,89,94,52,52.3282,-131.295
2020,006,Louscoone Inlet,0,0.0,0,0.0,0.0,0.0,0.0,NA,NA,NA,NA,0,NA,NA
2020,021,Juan Perez Sound,42,8202.1,14700,66.1,8202.1,0.0,0.0,91.8,3.7,88,100,0,52.4502,-131.3204
2020,023,Naden Harbour,1,3.8,350,20.0,3.8,0.0,0.0,105.0,0,105,105,0,53.0461,-131.7489
2020,024,Laskeek Bay,17,1576.9,5950,42.5,1576.9,0.0,0.0,98.9,1.0,98,100,0,52.7942,-131.6965
2020,025,Skincuttle Inlet,77,10640.6,26950,88.0,10640.6,0.0,0.0,90.5,5.8,83,98,0,52.3261,-131.2927
2021,006,Louscoone Inlet,0,0.0,0,0.0,0.0,0.0,0.0,NA,NA,NA,NA,0,NA,NA
2021,021,Juan Perez Sound,35,4792.0,12250,87.9,4792.0,0.0,0.0,95.3,3.2,88,100,0,52.4169,-131.3106
2021,023,Naden Harbour,0,0.0,0,0.0,0.0,0.0,0.0,NA,NA,NA,NA,0,NA,NA
2021,024,Laskeek Bay,23,447.1,8050,22.7,447.1,0.0,0.0,107.7,4.2,105,114,0,52.7619,-131.6608
2021,025,Skincuttle Inlet,80,12994.7,28000,91.0,12994.7,0.0,0.0,96.6,1.7,94,100,0,52.328,-131.2796
2022,006,Louscoone Inlet,0,0.0,0,0.0,0.0,0.0,0.0,NA,NA,NA,NA,0,NA,NA
2022,021,Juan Perez Sound,12,1462.9,9800,63.7,267.5,85.9,1109.5,89.8,4.8,84,100,50,52.4472,-131.3231
2022,023,Naden Harbour,1,9.6,700,22.5,0.0,6.4,3.2,92.0,0,92,92,100,53.0275,-131.7794
2022,024,Laskeek Bay,6,784.3,5950,42.8,227.1,44.1,513.1,98.2,4.5,89,100,67,52.8641,-131.8067
2022,025,Skincuttle Inlet,16,3023.7,16800,59.5,162.6,67.6,2793.5,88.1,1.0,87,89,75,52.3405,-131.3032
2023,006,Louscoone Inlet,1,0.0,0,,0.0,0.0,0.0,66.0,0,66,66,0,52.2146,-131.3577
2023,021,Juan Perez Sound,9,327.6,6950,34.3,190.1,13.7,123.7,98.3,4.8,93,103,67,52.4397,-131.3575
2023,023,Naden Harbour,3,0.0,0,,0.0,0.0,0.0,86.3,0.6,86,87,0,53.0656,-131.7705
2023,024,Laskeek Bay,2,60.0,4025,15.0,0.0,10.7,49.3,117.0,0.0,117,117,100,52.8837,-131.8319
2023,025,Skincuttle Inlet,7,1196.4,14800,83.8,0.0,83.9,1112.5,99.1,2.3,94,101,100,52.3301,-131.2996
2024,006,Louscoone Inlet,4,80.6,1400,20.0,80.6,0.0,0.0,82.0,0.0,82,82,0,52.1568,-131.2263
2024,021,Juan Perez Sound,27,8568.3,31500,42.6,616.0,437.4,7514.9,93.4,1.1,92,96,44,52.4674,-131.3569
2024,023,Naden Harbour,0,0.0,0,0.0,0.0,0.0,0.0,NA,NA,NA,NA,0,NA,NA
2024,024,Laskeek Bay,2,1019.1,3850,74.8,0.0,19.4,999.7,99.0,1.4,98,100,50,52.7985,-131.7369
2024,025,Skincuttle Inlet,3,2064.1,6650,90.1,0.0,0.0,2064.1,83.0,0.0,83,83,100,52.3077,-131.3174
2025,006,Louscoone Inlet,0,0.0,0,0.0,0.0,0.0,0.0,NA,NA,NA,NA,0,NA,NA
2025,021,Juan Perez Sound,15,6148.4,37875,58.5,0.0,490.1,5658.3,92.1,1.5,88,93,100,52.4344,-131.4135
2025,023,Naden Harbour,1,0.0,0,,0.0,0.0,0.0,84.0,0,84,84,0,53.0461,-131.7489
2025,024,Laskeek Bay,16,823.0,5600,25.8,823.0,0.0,0.0,99.5,1.1,98,101,0,52.8135,-131.7878
2025,025,Skincuttle Inlet,4,1975.7,9450,88.3,0.0,1.8,1973.9,89.2,1.5,88,91,100,52.3229,-131.3382
